17956,12,200
17967,539,512,207
17977,641,511,191
17987,474,512,347
17997,629,512,196
18007,375,513,209
18017,437,511,202
18027,491,513,197
18037,531,513,210
18047,271,512,221
18057,366,513,272
18067,217,512,194
18078,407,513,228
18089,612,513,220
18102,250,513,193
18112,456,512,192
18123,194,512,188
18133,601,512,222
18143,301,513,200
18153,619,351,194
18163,284,428,204
18173,441,502,324
18183,596,510,565
18193,519,512,452
18203,451,513,374
18213,291,513,172
18223,553,511,196
18233,379,509,197
18243,435,511,213
18253,247,511,206
18263,301,513,206
18273,332,511,207
18283,264,512,677
18293,445,512,206
18303,203,512,222
18313,197,513,208
18323,429,512,205
18337,306,512,206
18347,314,512,223
18357,348,512,200
18367,617,512,209
18377,469,1019,234
18387,384,439,206
18397,428,503,217
18407,280,511,218
18417,205,512,207
18427,515,513,214
18437,345,510,200
18448,246,509,226
18458,383,510,200
18468,636,511,223
18478,380,513,231
18488,436,513,216
18498,452,513,207
18508,423,513,226
18519,274,511,216
18536,384,1021,208
18550,597,277,181
18566,354,482,214
18582,538,508,203
18598,242,511,220
18614,273,511,233
18629,293,512,212
18645,365,511,197
18661,204,509,197
18677,610,510,473
18693,303,512,238
18709,594,512,210
18724,324,513,211
18740,265,512,253
18756,204,511,402
18772,212,511,201
18788,408,511,179
18803,485,512,205
18819,264,513,211
18835,421,512,207
18851,311,513,224
18867,559,511,194
18883,382,512,206
18898,304,512,216
18914,323,511,199
18930,598,513,173
18946,282,513,197
18962,218,320,209
18977,241,436,208
18993,565,503,255
19009,378,511,230
19025,233,507,204
19041,379,510,218
19057,540,544,218
19072,345,635,231
19088,209,506,208
19104,365,485,221
19120,292,514,211
19136,385,528,175
19151,531,500,200
19167,359,386,251
19183,389,448,202
19199,404,574,231
19215,213,475,214
19231,432,455,196
19246,382,506,199
19262,415,510,219
19278,404,510,234
19294,613,510,223
19310,352,512,202
19325,421,513,198
19341,225,512,205
19357,381,513,207
19373,213,512,215
19389,349,513,220
19405,322,512,210
19420,354,513,227
19436,490,513,213
19452,431,512,200
19468,292,513,233
19484,414,511,210
19499,357,511,209
19515,286,512,206
19531,273,512,208
19547,508,513,213
19563,608,512,213
19579,417,513,224
19594,537,511,206
19610,501,513,226
19626,603,512,205
19643,567,1021,221
19658,403,274,193
19674,411,488,205
19689,416,527,219
19705,391,496,209
19721,270,528,202
19737,612,508,191
19753,226,511,198
19768,604,511,282
19784,245,510,254
19800,200,511,187
19816,301,511,207
19832,282,513,214
19848,363,512,202
19863,587,511,248
19879,287,512,216
19895,223,511,202
19911,502,512,393
19927,270,511,217
19943,302,1019,226
19958,309,373,182
19974,353,492,218
19990,315,509,209
20006,334,512,189
20022,571,524,222
20037,311,512,202
20053,282,509,215
20069,444,509,182
20085,203,510,210
20101,544,512,523
20116,438,513,188
20132,288,512,210
20148,502,511,220
20164,564,513,189
20180,261,363,180
20196,640,473,200
20211,504,539,229
20227,509,469,278
20243,442,512,214
20259,483,533,208
20275,485,485,220
20290,331,491,210
20306,344,503,222
20322,586,547,215
20338,214,527,200
20354,626,536,219
20370,600,790,222
20385,359,471,222
20401,317,496,202
20417,330,511,216
20433,330,543,230
20449,571,505,211
20464,308,492,209
20480,566,509,219
20703,492,510,222
20714,311,510,225
20725,558,512,210
20736,355,511,205
20770,287,481,195
20780,559,453,209
20790,539,480,212
20800,552,500,226
20810,524,511,213
20821,529,513,194
20832,240,739,212
20842,585,478,392
20853,264,490,190
20863,531,492,184
20906,312,506,216
20916,534,513,614
20926,330,658,181
20936,247,823,215
20946,596,558,198
20957,264,695,188
20968,224,536,215
20979,480,540,208
20990,586,588,190
21001,282,477,200
21012,266,420,184
21022,355,427,199
21033,383,502,187
21044,539,512,490
21054,385,513,197
21064,552,513,192
21074,619,513,202
21084,563,510,476
21094,557,383,180
21104,457,399,216
21115,445,503,190
21125,300,855,180
21136,239,439,163
21147,383,504,182
21157,267,511,178
21167,639,511,215
21177,506,513,464
21187,300,511,170
21198,598,509,320
21208,318,511,182
21218,369,510,197
21228,284,512,194
21238,312,512,180
21248,560,513,209
21258,411,512,192
21271,195,508,180
21287,448,539,202
21303,635,637,206
21319,407,592,190
21334,478,492,188
21350,415,527,223
21366,456,356,204
21382,435,254,196
21398,241,418,179
21414,538,916,183
21429,452,392,169
21445,238,820,182
21461,322,582,219
21477,372,470,178
21493,287,626,194
21508,612,329,179
21524,306,324,160
21540,355,489,186
21556,313,677,199
21572,341,728,186
21588,628,504,199
21603,323,278,191
21619,499,483,176
21635,473,509,196
21651,246,513,189
21667,303,512,198
21682,266,512,194
21698,366,512,180
21714,274,510,189
21731,351,1018,185
21746,443,596,162
21762,348,522,180
21777,470,513,201
21793,333,512,263
21809,238,513,158
21825,274,512,194
21841,421,514,178
21856,455,512,187
21872,292,511,259
21888,277,512,176
21904,519,467,189
21920,459,217,154
21936,291,474,450
21951,533,508,172
21967,442,511,566
21983,445,842,163
21999,369,563,213
22015,404,281,137
22030,206,722,160
22046,240,569,191
22062,277,543,177
22078,405,521,139
22094,446,513,188
22110,499,512,196
22125,387,516,186
22141,239,515,194
22157,358,614,136
22173,367,526,154
22187,412,6,189
22204,283,407,229
22220,373,499,447
22236,406,511,155
22252,455,513,166
22268,341,742,195
22283,582,541,173
22299,382,516,179
22315,479,525,179
22331,290,414,169
22347,349,562,194
22363,346,519,198
22378,558,514,227
22394,306,512,193
22410,267,512,184
22426,344,520,186
22442,337,569,202
22457,282,519,190
22473,298,258,209
22489,278,520,230
22505,444,169,201
22521,516,124,185
22537,497,463,164
22553,535,1019,160
22568,569,605,177
22585,211,1019,179
22600,392,592,176
22616,430,522,190
22632,419,514,220
22647,330,512,185
22663,319,542,192
22679,317,538,189
22695,493,253,381
22711,329,549,179
22726,186,227,170
22742,289,476,186
22758,439,507,418
22774,209,511,161
22790,436,494,166
22806,183,682,183
22821,289,836,205
22837,433,566,205
22853,371,277,197
22869,550,509,179
22885,193,378,169
22900,224,539,199
22916,325,554,243
22932,318,536,202
22948,262,515,200
22964,253,513,208
22980,547,387,206
22995,216,531,203
23011,260,520,248
23027,285,513,153
23043,407,512,218
23059,511,623,285
23074,399,595,341
23090,405,551,184
23126,305,517,169
23137,718,191,175
23148,641,472,188
23158,383,507,473
23203,298,512,419
23214,298,848,223
23225,482,318,176
23235,462,708,469
23269,309,798,173
23279,447,549,152
23289,308,516,192
23299,445,512,194
23309,597,6,213
23319,443,415,266
23329,507,500,220
23343,370,905,205
23359,362,562,189
23375,411,518,170
23391,390,522,194
23407,452,560,188
23422,245,270,187
23438,634,481,176
23454,236,136,185
23470,250,464,176
23487,493,1009,170
23501,192,438,163
23517,439,694,154
23533,279,550,186
23549,643,332,167
23565,441,546,153
23581,273,545,162
23596,510,371,178
23612,228,533,205
23628,214,388,192
23644,294,514,205
23660,272,525,188
23675,315,493,183
23691,348,546,185
23707,629,516,183
23723,493,519,176
23739,466,427,185
23755,277,544,146
23770,340,676,185
23786,364,533,339
23802,315,329,314
23818,322,579,128
23834,555,549,134
23849,592,558,179
23865,278,545,200
23881,658,340,525
23897,324,303,100
23913,383,563,188
23929,286,519,260
23944,255,513,174
23960,374,512,156
23976,305,515,144
23992,347,308,190
24009,433,1018,189
24024,279,191,164
24039,431,471,132
24055,408,719,196
24071,400,539,170
24087,275,515,179
24103,588,118,164
24118,288,364,168
24134,469,493,347
24150,222,784,485
24166,216,327,141
24183,404,1019,105
24198,203,954,136
24213,481,392,139
24229,264,324,154
24244,336,524,90
24261,570,547,124
24275,561,6,260
24293,222,1019,309
24308,326,362,191
24324,474,554,178
24340,289,523,182
24356,231,513,170
24371,230,513,198
24387,273,634,200
24403,361,528,197
24419,256,514,155
24435,386,513,145
24451,535,512,151
24466,276,539,150
24480,241,5,109
24498,602,445,242
24514,451,819,162
24530,444,551,185
24545,312,517,192
24561,399,523,244
24577,312,514,607
24591,237,6,157
24609,255,989,212
24622,648,6,194
24640,244,436,246
24656,203,503,201
24672,502,711,177
24685,411,6,217
24703,236,408,283
24719,314,500,197
24735,327,510,192
24751,309,511,368
24767,613,836,160
24782,516,554,574
24798,467,518,159
24814,345,259,167
24830,240,371,134
24846,544,117,149
24861,323,159,140
24877,433,704,636
24893,248,587,139
24910,429,1019,165
24925,435,468,166
24941,583,503,606
24956,249,539,167
24972,568,275,179
24988,283,472,207
25004,354,549,235
25020,284,518,202
25035,275,513,203
25051,428,515,558
25067,270,513,169
25083,360,519,289
25099,278,512,178
25115,382,512,232
25130,569,533,530
25146,341,517,607
25162,640,532,237
25178,393,579,264
25194,315,579,103
25209,282,432,155
25225,255,567,136
25241,495,590,622
25256,257,386,98
25273,298,658,186
25289,290,574,173
25304,297,520,170
25320,282,513,165
25336,297,513,147
25352,299,512,187
25368,406,510,177
25383,524,513,195
25399,304,205,173
25415,310,473,188
25431,531,687,197
25447,246,546,200
25463,282,516,197
25478,426,520,213
25492,187,6,156
25510,272,438,263
25526,269,502,197
25542,282,682,177
25557,397,533,222
25571,332,6,174
25597,264,1019,267
25607,255,618,183
25621,456,513,176
25637,248,569,203
25674,217,532,181
25685,258,515,208
25695,267,549,207
25706,340,540,191
25717,254,545,187
25731,278,535,207
25747,558,528,505
25764,324,514,156
25779,482,557,171
25795,441,524,549
25810,322,513,139
25826,592,511,545
25842,249,525,235
25858,570,526,247
25874,575,507,570
25889,427,433,589
25905,637,304,164
25921,460,562,140
25937,518,474,308
25953,425,502,148
25969,436,528,117
25983,261,514,97
26000,288,513,186
26016,241,524,132
26032,353,608,164
26048,648,528,221
26061,291,6,141
26079,533,401,629
26095,299,685,174
26112,294,1019,174
26127,321,623,144
26142,263,526,127
26158,362,963,274
26174,286,569,183
26188,501,6,576
26206,284,443,151
26221,300,503,118
26237,413,959,443
26252,269,411,86
26269,592,754,165
26285,319,626,114
26302,309,1018,159
26316,466,348,130
26332,604,555,197
26348,414,249,200
26364,243,580,240
26380,368,533,216
26395,214,305,167
26411,562,571,171
26427,339,214,165
26443,398,562,147
26459,554,528,163
26475,631,472,155
26490,499,523,173
26506,312,513,157
26522,651,514,111
26538,351,538,154
26554,369,524,171
26569,439,617,144
26585,499,450,157
26601,511,769,204
26617,393,223,164
26633,607,476,112
26649,554,507,105
26664,399,512,112
26680,464,363,138
26696,543,369,569
26712,398,834,177
26728,372,553,214
26744,391,524,188
26759,478,507,616
26775,523,204,186
26792,349,1019,297
26807,349,373,198
26823,317,745,149
26838,499,541,133
26854,253,569,174
26870,582,520,445
26886,245,561,188
26902,272,356,144
26918,372,759,147
26933,506,656,424
26949,324,578,111
26964,592,34,119
26980,278,671,91
26997,290,540,197
27012,381,401,148
27028,253,537,109
27044,281,528,135
27060,230,510,176
27076,237,514,173
27091,514,533,345
27107,627,558,139
27123,303,538,168
27139,244,402,172
27155,476,522,569
27171,239,513,154
27186,589,515,610
27202,389,506,136
27218,288,513,698
27234,303,499,627
27250,333,521,145
27265,341,354,121
27280,401,613,97
27297,371,544,144
27313,345,597,116
27329,301,541,172
27345,338,568,111
27359,342,555,69
27376,354,452,195
27390,333,6,188
27408,369,448,228
27423,314,676,182
27439,327,533,212
27455,329,442,183
27471,307,523,157
27486,326,55,173
27503,319,454,210
27518,411,611,170
27534,317,979,119
27550,420,572,154
27566,277,533,151
27582,272,516,144
27597,323,517,163
27613,431,334,155
27629,483,490,542
27644,256,691,92
27661,286,597,175
27676,560,300,122
27690,283,6,136
27707,327,33,354
27724,281,188,168
27740,612,497,153
27755,522,564,565
27770,313,558,89
27787,441,523,382
27803,233,439,170
27819,388,521,208
27834,374,312,168
27850,351,421,173
27866,336,552,187
27882,412,519,417
27898,233,474,150
27914,217,513,192
27936,357,491,183
27946,359,521,123
27961,592,513,207
27977,395,354,285
28004,311,773,106
28015,346,267,400
28025,421,218,468
28040,338,414,138
28091,390,909,184
28102,347,562,136
28112,334,518,143
28123,361,253,118
28134,325,743,92
28145,340,731,191
28156,634,51,363
28167,317,454,206
28182,294,109,155
28198,281,462,158
28214,297,505,171
28230,549,326,235
28247,582,1017,122
28262,299,580,141
28277,268,520,161
28293,261,513,189
28308,269,54,205
28325,281,416,200
28341,352,500,126
28356,613,763,114
28372,284,544,149
28388,235,405,107
28404,423,326,137
28420,261,488,128
28435,423,509,343
28451,617,512,155
28467,251,513,128
28483,509,512,173
28499,262,511,165
28515,323,511,151
28531,288,1018,155
28546,457,586,110
28562,381,261,168
28578,247,553,145
28594,443,513,183
28609,260,280,93
28625,271,521,166
28641,433,658,126
28657,295,174,145
28673,493,351,242
28689,557,647,235
28704,288,549,108
28720,297,270,152
28735,286,614,97
28752,642,526,378
28768,306,514,142
28783,524,573,274
28799,290,528,112
28815,313,513,150
28831,553,519,168
28847,263,512,442
28860,520,6,246
28878,652,448,564
28895,253,1001,134
28910,317,573,127
28926,312,366,143
28943,410,1018,610
28957,510,380,136
28973,290,636,115
28989,299,528,258
29005,323,426,604
29021,236,365,131
29038,394,1018,671
29052,273,614,106
29068,304,524,168
29082,543,6,492
29100,288,884,210
29116,301,558,171
29131,242,517,160
29147,454,513,637
29163,430,513,150
29179,375,512,608
29195,235,560,156
29210,253,531,188
29226,242,514,166
29242,606,516,553
29258,245,513,157
29274,246,512,189
29290,304,512,148
29304,552,266,99
29321,337,715,165
29337,339,563,118
29353,339,242,138
29369,301,537,102
29383,319,365,88
29400,337,494,161
29416,545,509,137
29432,344,511,155
29448,319,512,120
29462,353,512,82
29479,330,949,121
29495,322,183,188
29511,322,557,195
29527,314,518,163
29542,314,513,155
29558,433,511,165
29574,676,232,187
29590,298,476,177
29606,412,507,201
29622,288,845,146
29637,333,556,180
29653,287,517,177
29669,418,899,674
29685,268,442,167
29700,279,504,95
29717,346,1018,182
29733,562,658,127
29748,554,426,521
29764,610,1018,76
29780,291,672,137
29796,387,178,210
29811,370,655,118
29827,300,568,148
29843,238,388,161
29859,242,285,172
29875,443,552,243
29890,430,567,135
29906,558,340,150
29922,237,522,165
29938,586,597,481
29954,238,523,134
29970,354,514,174
29985,290,513,177
30001,352,512,236
30017,562,511,342
30033,344,560,656
30049,323,531,408
30063,354,236,98
30080,328,608,511
30095,599,560,86
30112,368,811,182
30128,465,319,135
30143,646,488,167
30158,640,943,51
30175,683,589,441
30191,400,527,164
30207,314,523,145
30223,356,526,167
30238,548,516,248
30252,300,6,150
30270,345,416,252
30286,278,275,208
30302,677,482,264
30317,420,675,128
30333,350,532,168
30349,295,515,170
30365,377,379,165
30381,253,356,145
30396,411,492,134
30412,270,978,116
30428,269,365,152
30444,405,542,126
30460,288,697,108
30476,270,531,143
30491,315,643,133
30506,221,552,98
30523,252,393,181
30539,236,534,171
30555,260,459,188
30581,400,323,189
30591,321,477,154
30602,474,536,133
30618,293,516,163
30639,340,512,191
30649,303,518,170
30665,299,513,450
30681,451,512,618
30696,413,508,97
30713,378,499,349
30729,295,299,104
30779,325,665,69
30790,344,164,247
30800,303,467,126
30810,276,507,106
30820,597,512,196
30830,353,882,527
30841,429,694,641
30855,679,535,512
30871,540,515,612
30887,333,512,682
30902,663,515,220
30916,402,6,151
30934,388,408,572
30950,344,498,192
30966,654,695,311
30981,351,535,140
30997,340,515,197
31013,419,512,604
31029,361,144,314
31045,509,465,141
31062,361,1019,206
31076,376,585,621
31092,550,141,115
31108,251,390,124
31124,519,756,264
31140,341,539,545
31156,584,911,286
31171,215,584,153
31187,594,536,647
31203,243,528,561
31219,308,533,183
31235,381,478,454
31250,625,530,170
31266,243,514,200
31282,305,499,153
31298,241,562,174
31314,344,531,167
31330,246,514,125
31344,284,514,99
31361,658,545,429
31377,603,598,426
31392,511,582,66
31408,347,584,124
31424,489,456,126
31438,572,6,110
31456,293,407,203
31471,514,858,64
31487,309,556,190
31503,279,456,199
31519,268,513,136
31535,344,512,172
31551,277,601,188
31566,315,45,179
31582,575,453,230
31598,435,504,139
31614,351,674,163
31630,267,532,691
31646,473,514,157
31659,260,6,138
31677,320,209,183
31693,363,473,290
31710,544,1019,231
31725,415,606,338
31740,557,545,385
31754,291,5,125
31772,296,347,212
31788,473,667,179
31804,576,435,441
31819,370,538,213
31835,262,525,162
31851,254,531,264
31867,425,360,202
31883,248,439,184
31899,382,252,194
31914,233,518,151
31930,449,544,594
31946,300,518,149
31960,270,5,189
31978,308,627,285
31993,292,529,181
32009,495,512,558
32025,439,565,125
32040,346,543,91
32057,355,545,126
32072,305,216,380
32088,318,474,292
32104,347,579,199
32120,346,465,174
32136,703,958,309
32150,306,95,391
32168,355,1004,216
32183,389,574,212
32199,308,520,154
32215,328,513,182
32231,423,261,204
32246,301,297,202
32262,295,485,254
32278,322,866,240
32293,396,556,95
32310,274,517,205
32326,358,513,211
32341,239,266,197
32357,271,481,203
32373,240,508,167
32390,325,1018,162
32405,383,529,138
32420,234,582,171
32436,326,323,179
32452,241,716,206
32468,383,855,206
32484,380,526,198
32500,356,545,200
32515,308,420,257
32531,428,344,258
32547,302,540,231
32563,272,544,226
32579,370,771,191
32594,257,545,199
32610,273,408,208
32626,345,533,256
32642,267,497,252
32658,215,506,194
32674,224,514,628
32689,418,538,623
32703,282,6,159
32721,297,381,244
32737,665,496,310
32753,545,991,264
32768,268,573,154
32784,288,520,209
32800,602,520,416
32816,253,570,140
32832,457,541,228
32847,253,263,237
32863,290,773,228
32879,580,554,559
32895,301,518,183
32911,298,285,249
32927,504,920,245
32942,585,407,374
32958,497,700,247
32974,485,530,239
32990,522,307,222
33006,309,746,272
33021,378,542,257
33037,469,516,225
33055,497,509,205
33069,562,323,505
33085,254,648,222
33101,274,543,219
33131,266,6,210
33142,313,581,305
33152,546,761,383
33164,271,544,209
33180,449,516,556
33203,297,532,209
33214,225,520,230
33227,334,432,245
33243,216,525,231
33259,370,588,242
33273,232,10,357
33290,308,529,290
33306,625,547,263
33322,577,660,244
33338,224,541,237
33354,605,522,178
33369,274,513,159
33385,282,520,189
33401,307,417,175
33417,467,529,146
33433,315,533,174
33446,332,6,194
33464,365,402,251
33480,468,493,179
33496,313,508,141
33513,410,1000,249
33528,333,574,205
33543,718,520,163
33559,272,518,214
33575,265,512,216
33591,462,512,216
33607,385,503,200
33622,288,221,223
33639,297,1019,221
33654,488,620,253
33670,537,529,210
33686,521,529,218
33702,340,541,206
33717,236,516,240
33733,475,299,198
33750,507,1018,329
33765,263,401,158
33781,259,866,202
33797,589,322,413
33812,596,908,210
33828,635,280,221
33845,233,1018,201
33860,252,565,201
33876,388,788,278
33891,474,440,226
33907,273,549,234
33923,432,539,201
33939,375,513,451
33955,355,517,179
33971,617,514,182
33986,504,513,214
34002,441,527,228
34018,314,510,451
34034,318,523,364
34050,650,514,434
34065,246,291,657
34081,444,584,280
34097,287,595,137
34113,424,552,115
34129,291,421,142
34145,559,539,188
34160,550,473,359
34174,647,5,432
34192,314,435,224
34209,381,1019,227
34224,280,463,146
34239,560,665,232
34255,541,532,164
34271,347,515,206
34287,267,515,231
34301,317,6,191
34318,363,445,312
34334,450,503,194
34350,629,680,173
34366,365,533,187
34382,276,515,206
34397,357,427,197
34413,344,284,234
34429,396,483,163
34445,255,815,179
34461,248,550,162
34477,466,518,196
34490,297,6,163
34508,284,653,273
34522,251,6,202
34540,537,117,261
34557,452,1019,214
34571,458,609,240
34587,223,678,307
34603,220,575,270
34619,308,536,228
34635,555,507,241
34650,397,553,234
34666,203,522,216
34682,269,524,203
34698,280,509,157
34714,335,515,249
34730,563,513,172
34745,415,513,372
34761,229,435,263
34777,582,550,389
34793,307,393,217
34809,277,714,100
34824,335,414,167
34840,305,330,185
34856,307,489,172
34872,433,690,217
34888,606,481,154
34904,383,525,194
34919,400,513,187
34935,491,624,489
34951,440,559,190
34967,456,560,212
34983,656,285,210
34998,276,483,234
35014,327,223,627
35031,585,1019,144
35046,254,640,162
35062,365,528,182
35078,560,514,593
35093,494,512,180
35109,384,290,188
35125,239,484,175
35141,278,853,164
35157,532,474,291
35170,251,6,198
35189,606,1019,640
35204,365,592,194
35220,355,522,174
35236,604,542,573
35252,204,392,239
35267,383,538,216
35283,475,515,199
35299,446,567,377
35315,420,557,179
35331,369,311,216
35346,431,366,213
35363,602,1018,245
35378,459,593,223
35394,303,522,196
35410,555,517,179
35426,384,511,147
35441,326,578,115
35457,309,608,182
35473,769,603,212
35489,377,523,182
35505,351,514,199
35520,354,509,179
35536,336,318,199
35552,338,488,238
35568,650,718,192
35584,462,538,217
35600,364,514,228
35615,246,496,206
35631,406,520,180
35647,264,309,233
35663,269,595,203
35677,242,5,202
35694,571,383,288
35710,550,767,197
35726,249,545,212
35742,606,517,187
35758,507,617,377
35771,228,5,115
35790,511,1018,441
35805,561,612,117
35819,440,6,157
35838,320,1018,263
35852,321,526,174
35868,598,537,326
35884,262,545,195
35915,229,505,200
35926,236,521,210
35936,528,446,357
35947,246,437,224
35979,567,493,239
35990,578,429,227
36000,314,358,225
36011,405,529,314
36026,289,514,216
36042,523,522,250
36058,265,514,216
36111,347,512,620
36121,290,517,175
36132,267,512,168
36143,401,537,193
36167,318,489,178
36177,287,60,225
36188,373,456,245
36198,304,1018,275
36208,658,261,196
36219,317,560,146
36232,354,519,212
36248,406,541,227
36264,305,515,245
36280,284,513,254
36295,385,316,262
36311,378,488,245
36327,521,508,255
36344,347,1018,253
36359,340,176,205
36376,438,1005,198
36390,289,579,225
36406,233,522,249
36422,493,511,239
36437,213,35,206
36454,248,424,258
36470,262,1018,232
36485,257,303,199
36501,248,732,215
36518,254,1019,215
36533,249,607,226
36549,218,548,216
36564,654,517,217
36580,558,347,207
36596,378,535,225
36612,614,517,216
36628,276,503,251
36643,637,547,243
36659,247,538,235
36673,620,6,238
36691,630,582,276
36707,462,524,234
36722,352,566,257
36738,615,520,265
36754,368,513,409
36770,367,507,198
36786,641,528,462
36802,311,383,183
36815,289,5,190
36833,366,446,221
36849,611,504,183
36865,721,511,195
36881,485,514,394
36896,523,511,192
36912,371,756,294
36928,268,543,240
36944,365,516,625
36960,421,557,642
36975,395,518,216
36991,229,516,234
37007,587,299,299
37023,507,485,267
37040,462,1019,331
37055,463,607,224
37070,471,524,225
37086,515,513,429
37102,282,513,196
37118,357,227,195
37134,300,476,238
37151,456,1019,586
37165,339,611,172
37181,509,331,456
37197,263,218,165
37214,249,1018,216
37229,563,617,223
37245,279,529,176
37260,284,539,220
37276,484,424,253
37292,512,518,247
37308,274,560,244
37324,370,538,233
37339,271,515,240
37355,560,523,213
37371,223,514,226
37387,312,514,242
37403,239,525,668
37419,291,502,276
37434,277,521,210
37450,373,512,519
37466,247,422,206
37482,406,289,199
37499,416,1018,203
37513,359,336,186
37529,277,381,275
37545,442,496,240
37561,319,969,200
37577,317,569,195
37593,429,519,229
37608,296,513,228
37624,331,512,254
37640,300,512,251
37656,300,514,237
37672,277,511,267
37687,297,335,235
37703,345,489,272
37719,326,716,206
37735,342,543,259
37751,355,517,369
37767,304,512,243
37782,499,513,494
37796,341,5,200
37814,371,369,281
37830,344,494,496
37846,297,807,200
37861,400,656,490
37877,298,134,207
37893,311,737,218
37909,288,519,225
37925,354,352,295
37940,260,675,213
37956,428,552,239
37972,279,549,281
37988,628,520,276
38004,375,507,599
38020,372,546,237
38035,290,392,256
38051,537,527,378
38067,317,514,239
38083,294,611,632
38099,287,520,245
38115,428,509,290
38130,430,518,268
38146,303,513,201
38162,648,552,202
38178,330,429,174
38194,434,538,247
38209,479,744,235
38225,340,626,204
38241,368,399,243
38257,322,457,174
38273,350,637,166
38289,336,528,350
38317,337,514,232
38327,344,512,250
38337,314,512,234
38351,313,60,267
38368,374,454,312
38397,314,505,266
38407,401,901,210
38417,428,561,233
38431,297,519,241
38447,306,514,222
38462,302,513,222
38477,618,80,230
38494,302,457,268
38529,325,505,221
38539,453,689,209
38549,304,648,239
38559,293,6,234
38573,334,608,297
38589,282,642,246
38605,289,533,227
38621,324,329,230
38636,371,570,249
38652,294,552,281
38668,294,451,258
38684,460,523,249
38700,293,513,232
38715,277,512,228
38731,367,513,214
38747,462,520,531
38763,285,518,225
38779,302,518,211
38794,410,513,405
38810,341,513,232
38826,333,478,217
38842,346,423,169
38858,354,562,212
38874,382,518,629
38889,353,513,300
38905,351,513,218
38921,355,511,212
38937,340,512,493
38953,362,355,176
38968,352,210,191
38984,352,856,220
39000,618,300,342
39016,321,322,238
39032,377,488,285
39048,377,508,274
39062,399,62,224
39079,527,754,587
39095,365,543,205
39111,319,516,234
39127,297,513,220
39142,560,512,469
39158,583,144,168
39174,565,467,588
39190,312,507,212
39206,292,876,188
39222,349,606,212
39237,571,609,316
39253,460,228,229
39269,291,476,214
39285,341,652,215
39301,282,557,205
39316,286,534,227
39332,285,412,229
39348,417,550,238
39364,293,517,247
39380,293,512,242
39396,304,512,229
39411,300,529,209
39427,310,302,242
39443,312,531,243
39459,309,535,215
39475,305,569,217
39490,331,542,209
39506,337,528,201
39522,366,542,197
39538,403,537,176
39554,391,518,226
39570,440,513,202
39585,440,529,217
39601,388,538,235
39617,444,623,274
39633,386,527,251
39649,385,514,209
39664,384,512,210
39680,350,562,229
39696,361,163,230
39712,350,468,246
39729,368,1019,266
39744,365,582,225
39759,592,521,394
39775,387,513,194
39791,407,487,204
39807,598,256,213
39824,343,1018,257
39839,384,633,232
39852,342,6,234
39870,370,437,246
39887,305,1018,236
39902,299,577,234
39918,341,520,232
39933,308,187,270
39950,304,1018,591
39965,300,589,204
39981,300,522,227
39997,301,439,211
40013,344,536,205
40028,301,641,567
40044,304,564,216
40060,307,526,218
40076,298,516,220
40092,295,513,206
40107,287,467,220
40122,310,90,210
40139,633,459,389
40156,318,1018,474
40171,333,627,177
40187,550,103,333
40202,296,460,184
40219,315,1001,705
40234,299,534,202
40250,300,244,243
40267,289,1018,224
40282,309,598,230
40297,300,523,234
40311,305,6,214
40329,351,408,280
40345,321,348,242
40362,298,1018,213
40376,320,610,204
40392,301,524,245
40408,310,514,251
40424,298,507,243
40440,311,500,249
40456,292,566,227
40470,313,91,234
40487,315,412,268
40503,307,499,241
40519,305,913,224
40535,306,393,206
40550,310,759,238
40566,328,562,240
40582,326,518,239
40598,329,451,221
40614,320,516,237
40629,334,454,207
40643,337,6,267
40661,371,398,316
40677,381,499,248
40693,347,954,348
40708,340,568,231
40724,304,519,243
40738,284,6,311
40756,412,423,210
40772,312,501,235
40787,312,512,246
40803,425,688,234
40819,591,534,387
40835,377,542,238
40851,298,641,386
40867,543,437,236
40882,386,329,233
40898,317,622,270
40914,318,526,264
40930,315,518,234
40946,331,528,234
40961,314,538,302
40977,320,565,257
40993,330,141,226
41010,315,1019,217
41025,295,610,225
41041,294,607,258
41056,296,516,268
41072,386,539,255
41088,284,539,235
41104,308,508,243
41120,286,333,261
41135,299,544,266
41151,387,534,279
41167,516,516,244
41183,281,512,230
41199,285,554,253
41215,278,118,272
41230,282,507,271
41246,318,636,276
41262,325,567,471
41278,317,519,245
41294,310,514,212
41307,343,5,221
41325,363,954,215
41341,341,567,157
41357,375,455,188
41373,368,344,226
41388,425,492,241
41404,379,511,221
41420,383,511,178
41437,354,1018,205
41452,344,623,220
41468,331,527,257
41483,334,514,281
41499,334,512,258
41515,320,424,242
41529,371,6,242
41547,333,440,326
41562,344,503,257
41579,327,1018,232
41594,346,575,228
41610,341,520,252
41624,318,5,258
41641,338,428,314
41657,346,501,249
41674,327,1019,462
41689,304,610,223
41705,305,529,258
41721,451,539,548
41736,367,450,245
41752,451,302,242
41768,274,668,260
41784,384,548,249
41800,410,517,339
41816,441,495,236
41831,469,487,297
41847,588,357,292
41864,333,1018,276
41879,273,592,212
41895,260,522,229
41910,274,513,260
41926,288,516,254
41942,277,534,258
41958,295,571,304
41974,554,691,506
41990,285,719,379
42005,300,401,223
42021,389,621,197
42037,342,470,201
42053,442,371,200
42069,397,459,221
42084,326,655,242
42100,465,406,170
42116,545,545,206
42132,312,516,237
42148,479,513,189
42164,522,512,193
42179,315,512,240
42195,606,488,255
42211,347,359,239
42227,567,493,284
42243,233,509,294
42258,355,510,234
42275,296,1018,226
42290,279,614,255
42306,569,525,244
42322,620,206,250
42338,279,473,266
42354,259,1019,268
42369,398,652,245
42385,286,530,244
42401,370,543,264
42417,287,327,254
42433,336,945,254
42448,298,567,243
42465,279,1003,263
42480,254,684,230
42496,366,422,250
42512,260,558,263
42528,273,564,265
42543,405,241,260
42559,277,524,277
42575,263,449,262
42591,440,521,272
42607,266,513,258
42622,409,606,273
42638,325,540,277
42654,279,527,252
42670,413,520,235
42686,390,547,202
42702,300,516,301
42717,320,531,175
42733,314,539,392
42749,362,416,638
42765,353,603,202
42781,379,333,251
42796,371,473,595
42812,403,435,156
42828,527,685,290
42844,372,705,212
42860,304,536,271
42876,404,515,325
42891,368,513,249
42907,354,513,251
42923,342,515,253
42939,385,279,598
42955,307,483,298
42971,358,1019,308
42986,413,623,260
43002,535,526,542
43018,303,514,262
43034,288,167,300
43050,290,469,271
43065,290,862,240
43081,592,353,583
43097,282,692,234
43113,299,538,231
43127,279,6,199
43144,546,679,588
43160,272,109,271
43176,441,374,533
43192,400,545,235
43208,417,527,279
43223,279,447,341
43239,582,538,506
43255,265,464,238
43271,275,556,254
43287,539,419,237
43303,265,400,235
43318,286,519,247
43334,292,544,273
43350,330,502,267
43366,362,513,233
43382,395,512,155
43397,335,518,215
43413,366,584,211
43429,682,545,201
43445,316,301,176
43461,332,605,161
43477,409,294,232
43492,361,604,285
43508,345,692,215
43524,326,571,220
43540,314,656,175
43556,315,530,263
43571,333,514,258
43587,394,512,217
43603,325,512,260
43619,317,512,250
43633,424,6,286
43650,363,433,328
43666,330,503,290
43683,385,1018,272
43698,350,610,227
43714,595,563,259
43730,294,533,279
43745,566,515,477
43761,291,512,256
43777,284,336,247
43793,417,925,422
43809,300,564,256
43825,284,519,264
43840,279,555,230
43856,283,328,221
43872,410,632,433
43888,261,226,238
43904,241,574,242
43919,282,533,244
43935,520,526,582
43951,378,435,295
43967,278,441,274
43983,290,530,262
43999,298,514,283
44014,584,506,408
44030,324,534,251
44046,363,517,283
44063,349,1018,278
44078,385,586,220
44094,405,522,358
44109,515,505,589
44125,341,521,200
44141,529,531,379
44157,337,543,169
44173,423,574,355
44188,341,362,198
44204,717,494,294
44220,306,397,228
44237,482,1019,387
44252,320,644,191
44268,312,529,295
44283,325,514,215
44299,315,513,263
44315,594,513,248
44329,319,6,289
44347,377,424,344
44362,262,501,329
44378,301,511,305
44394,399,922,278
44410,431,563,276
44426,330,262,293
44441,301,534,296
44457,264,515,287
44473,424,266,265
44489,277,908,244
44505,323,667,240
44521,535,539,242
44536,270,497,238
44552,325,252,258
44568,279,736,271
44584,295,682,281
44600,333,562,264
44615,304,544,260
44631,551,529,280
44647,274,323,298
44663,271,529,304
44679,276,550,289
44695,313,533,293
44710,586,531,284
44726,269,570,284
44742,318,523,373
44758,289,513,281
44774,325,514,308
44789,445,512,492
44805,421,497,194
44821,342,596,640
44837,413,550,164
44853,364,643,156
44869,516,371,403
44884,444,602,163
44900,415,542,234
44916,359,486,259
44932,438,666,312
44948,349,640,171
44963,345,528,395
44979,435,514,294
44995,543,512,579
45011,359,513,285
45027,279,512,271
45043,442,507,328
45056,387,6,245
45074,614,399,592
45090,426,498,278
45107,379,1019,289
45122,482,648,252
45137,396,529,565
45153,340,515,315
45169,321,512,607
45185,364,490,560
45201,342,351,268
45217,290,749,262
45232,331,551,262
45248,469,474,384
45262,450,6,250
45280,339,876,331
45311,411,533,280
45327,362,552,277
45359,394,325,291
45375,256,361,288
45406,324,556,286
45422,286,481,264
45438,311,563,295
45454,263,316,252
45470,533,530,260
45501,292,577,328
45517,392,489,291
45533,264,443,224
45549,469,520,169
45564,332,516,181
45578,323,6,197
45596,360,375,249
45612,495,495,178
45629,342,1018,231
45643,360,630,242
45659,356,583,251
45675,357,529,192
45691,332,505,233
45707,333,520,222
45723,307,519,236
45738,339,500,288
45754,360,527,562
45770,351,517,262
45786,352,512,289
45802,629,513,411
45817,646,238,359
45833,402,253,267
45865,328,561,267
45881,539,531,338
45897,317,515,252
45912,398,524,288
45928,494,332,363
45992,304,515,256
46007,575,354,590
46023,275,724,243
46039,423,538,289
46055,279,516,231
46071,504,509,433
46086,540,536,250
46102,304,536,278
46118,283,560,265
46134,326,521,254
46150,561,514,493
46166,332,508,364
46181,278,754,304
46197,544,549,411
46213,350,529,273
46229,312,514,469
46245,293,512,174
46292,387,681,163
46324,392,444,284
46339,365,503,238
46355,318,511,221
46371,332,856,216
46387,315,556,215
46403,309,518,242
46419,316,544,241
46434,301,524,255
46450,271,514,251
46466,246,514,234
46482,279,511,254
46498,325,345,270
46513,329,491,254
46529,345,630,251
46545,605,729,257
46561,333,547,323
46577,325,450,272
46593,326,105,253
46608,331,705,254
46622,332,6,242
46640,359,846,297
46656,285,302,239
46672,312,665,254
46687,297,708,218
46703,274,239,638
46719,275,478,223
46735,273,693,225
46751,528,535,220
46766,576,516,404
46780,356,6,237
46798,480,434,474
46815,275,1019,263
46830,274,313,253
46846,235,488,270
46861,318,508,283
46925,325,532,284
47004,485,513,266
47035,367,559,141
47051,377,573,220
47067,358,530,219
47083,416,515,336
47099,363,399,164
47114,364,698,214
47130,334,580,266
47144,367,5,542
47162,342,420,298
47179,305,1019,253
47193,261,617,184
47209,590,525,468
47224,433,93,278
47242,313,1018,310
48731,351,546,214
48741,346,523,193
48751,303,516,254
48762,374,513,242
48774,508,511,250
48784,354,5,231
48794,318,428,288
48806,676,501,259
48817,341,670,246
48827,355,6,236
48837,537,391,277
48849,246,6,217
48859,316,596,304
48870,372,619,174
48880,302,528,176
48890,356,519,181
48900,267,515,160
48911,365,664,157
48983,571,1019,486
48993,610,436,172
49003,618,463,225
49014,241,553,233
49025,244,560,195
49036,613,1019,227
49046,285,533,175
49058,454,543,308
49068,449,518,577
49079,319,519,478
49089,387,517,631
49099,661,523,340
49109,528,6,601
49119,525,405,393
49130,302,499,169
49172,338,385,309
49234,239,1018,234
49249,234,576,223
49850,394,644,245
49929,449,785,242
49945,293,547,254
49961,710,262,260
49976,406,930,238
50053,286,6,242
50072,479,1019,473
50150,604,135,588
50230,291,1018,229
56292,586,562,236
56302,289,480,236
56312,438,304,266
56382,61,224
56392,271
56402,344,182,244
56412,615,41,243
56422,547,582,253
56432,262,76,230
56443,309,457,280
56453,520,505,270
56463,316,511,248
56473,290,1018,271
56483,272,592,295
56493,248,532,216
56503,219,517,234
56513,253,512,216
56523,239,704,201
56533,395,542,221
56543,382,621,311
56553,461,129,217
56563,297,464,228
56573,382,506,237
56583,320,512,233
56593,288,512,224
56603,313,512,225
56613,326,1018,231
56623,345,618,237
56633,389,525,230
56643,565,478,236
56653,374,544,242
56663,354,526,252
56673,302,510,256
56683,623,942,262
56693,324,217,275
56703,332,1019,234
56713,299,593,215
56725,258,529,241
56735,258,505,257
56745,601,323,250
56755,375,674,246
56765,421,532,235
56776,377,516,240
56786,335,223,241
56796,364,479,302
56806,340,5,259
56816,249,1019,302
56826,610,6,263
56836,397,428,489
56847,596,1019,577
56857,346,594,246
56867,298,523,263
56878,261,513,263
56888,422,512,269
56898,476,513,290
56909,246,538,278
56919,249,701,272
56929,226,536,274
56939,344,516,275
56951,398,661,267
56967,220,543,259
56983,396,516,344
56998,212,513,270
57014,256,512,245
57030,290,569,266
57044,444,6,278
57062,326,438,370
57078,623,1019,282
57093,211,340,277
57109,640,490,293
57125,396,687,355
57140,280,31,285
57156,246,451,268
57172,406,504,268
57188,532,511,377
57204,538,512,208
57220,405,512,224
57236,233,673,181
57251,546,533,218
57267,256,557,225
57283,410,474,245
57299,270,461,246
57315,650,342,255
57330,299,567,237
57346,375,527,245
57362,299,521,249
57378,525,530,240
57394,289,599,246
57410,260,523,241
57425,256,513,272
57441,261,518,239
57455,389,6,246
57474,310,1005,295
57489,295,573,228
57504,621,520,214
57520,259,548,222
57536,318,275,224
57552,332,482,240
57568,545,231,236
57584,314,757,221
57599,295,299,221
57613,489,6,299
57631,352,436,258
57647,305,503,197
57662,649,512,434
57678,412,803,236
57694,278,541,372
57710,282,528,615
57726,345,515,303
57742,306,512,357
57755,565,6,372
57773,541,288,436
57789,624,977,633
57806,312,1018,475
57821,579,161,188
57836,228,467,206
57852,247,506,211
57868,631,512,195
57884,343,511,372
57900,578,513,485
57916,393,512,407
57931,348,512,201
57947,345,512,429
57963,283,510,636
57979,218,509,240
57995,623,512,204
58010,485,512,643
58026,373,512,193
58042,597,513,580
58058,361,511,164
58074,606,512,176
58090,377,513,182
58105,254,512,607
58121,359,511,414
58137,337,511,164
58153,424,511,184
58169,618,511,564
58184,371,513,196
58200,343,511,179
58216,418,513,203
58232,306,511,208
58248,327,513,227
58264,341,511,208
58279,465,513,220
58295,243,512,215
58311,231,512,196
58327,297,511,183
58343,508,513,191
58358,487,513,196
58374,320,512,192
58390,483,512,193
58406,463,512,206
58422,448,512,224
58438,256,513,225
58453,453,871,208
58469,263,608,217
58485,243,396,206
58501,470,392,208
58517,433,530,214
58606,365,517,195
58616,321,514,207
58627,233,469,211
58637,331,546,205
58702,292,523,215
58712,497,538,199
58723,307,557,202
58733,289,558,551
58743,467,474,218
58754,363,534,275
58765,335,521,208
58798,288,514,230
58809,277,511,484
58820,528,512,331
58830,295,512,197
58841,334,512,592
58852,552,513,207
58863,305,512,206
58874,415,513,478
58884,374,512,223
58894,291,512,227
58905,290,512,224
58915,415,512,217
58925,690,513,202
58935,313,512,224
58945,455,512,206
58955,306,512,209
58965,364,512,264
58976,325,512,244
58991,450,512,631
59007,371,512,215
59023,347,512,209
59039,293,512,228
59054,295,512,376
59070,628,512,294
59086,280,512,220
59102,348,512,219
59118,510,512,192
59134,262,512,168
59149,437,513,223
59165,447,512,206
59181,396,511,228
59197,322,512,190
59213,292,512,187
59228,317,513,223
59244,310,512,204
59260,347,513,218
59276,302,512,213
59292,300,550,191
59308,272,501,219
59323,326,565,218
59339,358,563,206
59355,254,403,232
59371,614,489,220
59387,251,264,238
59403,246,545,224
59418,428,554,208
59434,475,566,215
59450,561,438,217
59466,248,447,220
59482,302,505,235
59497,254,476,219
59513,478,379,204
59529,332,341,230
59545,292,388,211
59561,575,522,215
59576,243,493,201
59592,253,548,223
59608,517,549,217
59624,411,522,230
59640,412,466,210
59656,520,497,210
59671,352,535,205
59687,463,544,194
59703,245,495,191
59719,253,439,200
59735,405,539,185
59750,225,451,193
59766,297,482,157
59782,579,519,574
59798,267,544,184
59814,258,541,200
59830,338,558,212
59845,263,552,204
59861,282,540,244
59877,439,472,187
59893,641,542,200
59909,408,524,359
59924,257,527,184
59940,605,519,189
59956,457,512,233
59972,307,512,198
59988,491,511,197
60004,315,450,209
60019,335,520,194
60035,606,513,183
60051,237,512,224
60067,264,544,182
60081,471,6,202
60098,345,445,262
60114,482,504,205
60130,391,512,408
60146,549,511,199
60162,285,512,219
60178,286,1018,222
60193,524,587,165
60209,237,165,182
60225,514,468,219
60241,434,506,346
60257,297,510,214
60272,278,232,239
60288,563,264,220
60304,536,819,230
60320,321,430,239
60336,408,461,234
60351,515,775,251
60367,230,648,252
60383,293,617,223
60399,622,271,217
60415,296,696,239
60431,387,433,231
60446,271,567,245
60462,440,518,238
60476,320,6,245
60492,504,6,304
60509,273,401,320
60525,258,646,277
60541,304,530,254
60557,254,514,253
60573,234,513,233
60589,498,512,242
60604,281,192,242
60620,256,472,242
60636,389,934,258
60652,323,565,255
60668,553,519,242
60683,316,513,249
60699,420,513,252
60715,287,656,252
60731,266,591,320
60746,228,66,237
60763,324,387,287
60778,338,496,286
60794,579,510,433
60810,266,511,250
60826,577,513,298
60842,251,512,275
60857,256,512,263
60873,399,510,320
60889,511,509,258
60905,278,511,257
60921,453,511,252
60937,585,511,228
60952,466,802,237
60968,313,548,251
60984,371,517,233
61000,294,512,237
61016,241,233,235
61031,382,477,250
61047,406,509,274
61063,227,512,241
61079,243,512,210
61103,566,751,342
61113,249,543,241
61126,313,299,251
61142,492,107,589
61173,419,383,384
61184,292,495,235
61194,366,511,382
61205,259,513,214
61221,371,512,619
61237,251,512,230
61253,462,514,235
61269,256,509,233
61284,619,511,236
61330,248,510,251
61340,260,513,247
61350,295,513,235
61360,276,512,235
61370,229,513,234
61381,591,511,244
61395,250,761,259
61411,251,452,274
61427,335,530,264
61443,570,530,253
61459,253,531,255
61474,290,288,252
61490,385,477,601
61506,548,470,391
61522,578,529,641
61538,452,528,435
61553,322,516,253
61569,432,413,522
61585,537,517,372
61601,531,509,359
61617,584,512,219
61633,466,496,223
61648,572,528,229
61664,426,526,341
61680,441,522,564
61696,525,531,258
61712,408,524,224
61727,428,522,240
61743,422,495,230
61759,443,538,288
61775,563,536,191
61791,253,461,213
61807,523,522,218
61822,264,542,228
61838,383,539,214
61854,580,553,187
61870,523,553,241
61886,577,534,611
61901,568,498,175
61917,390,530,213
61933,564,528,186
61949,570,497,246
61965,531,526,183
61981,477,516,196
61996,451,517,200
62012,581,522,250
62028,585,535,194
62044,349,527,267
62060,451,527,167
62075,347,491,474
62092,480,506,258
62107,507,535,605
62123,380,497,620
62139,522,527,200
62154,579,539,254
62170,366,526,147
62186,481,501,153
62202,348,434,214
62218,507,531,422
62234,488,514,629
62249,483,497,565
62265,451,535,328
62281,559,458,177
62297,251,498,177
62313,585,535,254
62328,565,534,292
62344,544,537,375
62360,483,542,228
62376,531,500,343
62392,552,522,663
62408,577,505,341
62423,574,443,160
62439,592,489,538
62455,521,490,465
62471,348,526,616
62487,516,514,368
62502,459,527,654
62518,544,493,536
62534,399,514,169
62550,520,522,633
62566,349,370,173
62582,525,534,208
62597,272,544,194
62613,248,542,189
62629,430,442,176
62645,240,367,187
62661,605,482,191
62676,312,479,193
62692,450,457,186
62708,347,445,175
62724,258,537,188
62740,251,470,189
62756,314,505,553
62771,382,455,179
62787,333,528,232
62803,464,461,334
62819,250,537,199
62835,295,538,181
62850,260,542,199
62866,334,505,200
62882,280,538,243
62898,263,480,186
62914,339,543,189
62930,598,492,369
62945,366,552,176
62961,235,544,197
62977,622,523,182
62993,296,452,189
63009,233,534,135
63024,455,528,180
63040,553,550,238
63056,285,541,174
63072,517,527,670
63088,284,474,151
63104,250,541,167
63119,453,515,195
63135,273,512,197
63151,266,512,195
63167,245,512,196
63183,328,511,158
63198,449,512,619
63214,293,513,193
63230,583,512,402
63246,323,512,209
63262,369,512,210
63278,420,513,200
63293,314,512,208
63309,435,512,217
63325,252,512,208
63341,543,512,173
63357,307,511,193
63372,438,513,186
63388,277,511,187
63404,295,512,191
63420,338,512,175
63436,549,512,202
63452,581,512,183
63467,466,511,195
63483,436,513,185
63499,230,511,173
63515,319,511,187
63531,602,513,184
63547,520,511,179
63562,216,512,185
63594,270,512,197
63604,229,512,172
63614,262,512,161
63626,272,512,188
63641,264,512,195
63657,265,512,173
63673,237,511,176
63689,267,512,173
63739,242,512,164
63749,251,512,167
63761,370,511,169
63772,330,512,181
63783,250,511,184
63794,659,512,168
63804,464,512,348
63816,341,511,186
63831,272,512,171
63847,348,512,180
63863,382,512,224
63879,285,512,162
63894,498,512,147
63910,447,512,200
63926,288,512,304
63942,341,512,172
63958,351,513,190
63974,334,512,181
63989,607,512,229
64005,620,512,178
64021,365,512,205
64037,369,512,184
64053,379,511,201
64068,346,512,297
64084,480,512,180
64100,720,512,163
64116,366,512,191
64132,380,512,180
64148,407,512,184
64163,676,512,333
64179,365,512,178
64195,356,512,217
64211,352,512,206
64227,336,512,149
64243,333,512,180
64258,364,512,195
64274,708,512,193
64290,329,512,193
64306,331,512,165
64322,358,512,160
64337,317,527,164
64353,300,489,155
64369,299,572,169
64385,436,304,169
64401,293,464,189
64417,319,497,196
64432,295,504,186
64448,321,571,178
64464,333,352,171
64480,337,496,178
64496,319,557,183
64511,299,552,181
64527,354,544,164
64543,267,543,160
64559,285,534,161
64575,288,453,175
64590,503,318,177
64606,599,487,192
64622,288,557,168
64638,286,479,175
64654,300,368,194
64670,276,355,241
64685,280,549,151
64701,302,521,188
64717,273,569,211
64733,336,580,172
64749,272,515,157
64764,340,447,245
64780,325,325,172
64796,264,549,233
64812,450,507,162
64828,274,479,177
64844,565,445,184
64859,258,477,201
64875,444,538,428
64891,276,400,196
64907,481,533,218
64923,326,559,204
64938,276,480,241
64954,381,452,211
64970,326,576,234
64986,283,395,225
65002,263,544,228
65018,241,488,232
65033,275,500,213
65049,292,577,223
65065,288,530,223
65081,324,422,238
65097,349,523,195
65113,253,510,201
65128,524,460,373
65144,605,297,322
65160,320,484,285
65176,481,380,180
65192,344,556,212
65207,253,556,215
65223,416,493,219
65239,400,551,189
65255,280,570,183
65271,267,515,197
65287,630,571,205
65302,287,583,223
65318,602,498,215
65334,431,427,226
65350,330,558,211
65366,277,532,247
65381,369,504,234
65397,233,517,239
65413,234,464,218
65429,428,321,230
65445,500,538,231
65460,252,550,219
65476,278,491,222
65492,287,474,238
65508,371,532,249
65524,403,302,242
65540,568,458,251
65555,356,547,229
65571,360,567,236
65587,256,489,227
65603,258,450,238
65619,238,580,247
65634,234,572,248
65650,245,286,260
65666,258,558,253
65682,401,525,236
65698,286,323,246
65714,502,397,244
65729,317,460,253
65745,278,485,323
65761,446,504,232
65777,524,532,249
65793,314,565,223
65809,223,556,235
65824,486,521,237
65840,407,396,264
65856,633,541,244
65872,347,481,213
65888,315,557,240
65903,257,559,260
65951,286,524,250
65961,606,500,237
65972,402,446,248
65983,567,558,482
65994,293,528,221
66015,415,549,439
66026,302,522,297
66036,362,486,228
66047,303,527,244
66062,238,554,250
