998695,7,339,340
998705,29,332
998715,365,336,323
998725,359,331,326
998735,352,331,325
998745,370,332,330
998755,360,324,326
998765,371,576,327
998775,377,337,329
998785,371,345,315
998795,367,573,334
998805,368,545,350
998815,393,333,333
998825,358,331,320
998835,361,316,324
998845,345,314,320
998855,353,515,339
998865,357,328,350
998875,355,394,327
998885,361,305,334
998895,359,415,342
998905,366,615,322
998915,370,309,311
998925,367,346,319
998935,366,314,333
998945,493,567,394
998955,361,595,343
998965,371,485,321
998975,377,383,319
998985,372,330,331
998995,360,345,335
999005,355,320,318
999015,364,412,326
999025,346,561,319
999035,351,319,322
999045,354,323,320
999055,354,350,331
999065,352,331,334
999075,351,316,341
999085,352,337,327
999095,354,441,326
999105,355,351,323
999115,355,320,335
999125,355,315,334
999135,362,320,319
999145,371,552,329
999155,363,312,318
999165,360,548,333
999175,357,331,318
999185,529,582,464
999195,366,320,320
999205,363,316,332
999215,375,324,327
999225,350,316,314
999238,364,323,324
999254,354,587,320
999269,354,310,329
999285,362,584,333
999301,355,282,326
999317,360,505,328
999333,365,281,329
999349,370,446,330
999364,371,353,341
999380,380,310,310
999396,372,339,325
999412,365,597,328
999428,370,601,311
999444,354,334,334
999459,355,314,314
999475,373,587,326
999491,366,314,321
999507,364,316,329
999523,362,450,324
999538,356,321,313
999554,364,322,320
999570,356,320,335
999586,362,400,325
999602,358,317,332
999618,363,516,330
999633,361,635,334
999649,373,302,324
999665,364,309,340
999681,364,540,341
999697,378,545,332
999712,377,536,320
999728,373,291,328
999744,369,312,328
999760,365,594,334
999776,382,313,327
999792,393,320,321
999807,386,319,322
999823,361,525,317
999839,351,296,324
999855,353,300,328
999871,367,352,332
999887,361,386,318
999902,374,310,327
999918,364,296,336
999934,367,542,327
999950,374,302,315
999966,377,578,312
999981,372,302,321
999997,373,552,313
1000013,377,593,311
1000029,379,578,312
1000045,387,325,323
1000060,377,597,322
1000076,380,317,336
1000092,384,326,327
1000108,383,380,329
1000124,371,438,330
1000140,367,323,316
1000155,376,563,314
1000171,365,463,312
1000187,378,521,314
1000203,372,323,314
1000219,374,329,320
1000234,372,334,334
1000250,373,329,331
1000266,368,329,326
1000282,367,334,331
1000298,369,377,320
1000314,367,332,318
1000329,374,360,326
1000345,372,595,323
1000361,366,344,318
1000377,386,336,318
1000393,386,459,328
1000409,368,345,325
1000424,386,553,314
1000440,374,335,317
1000456,374,546,321
1000472,353,324,321
1000488,373,337,314
1000503,381,402,316
1000519,372,339,325
1000535,368,486,322
1000551,377,326,337
1000567,380,325,331
1000583,372,348,323
1000598,380,338,318
1000614,382,573,331
1000630,380,366,316
1000646,388,324,321
1000662,384,356,321
1000677,382,342,324
1000693,375,341,315
1000709,383,339,322
1000725,386,357,330
1000741,384,443,323
1000757,380,347,314
1000772,368,341,315
1000788,374,516,316
1000804,374,328,321
1000820,368,610,330
1000836,373,344,333
1000852,370,331,324
1000867,374,338,313
1000883,378,330,327
1000899,380,337,319
1000915,379,330,324
1000931,441,364,610
1000946,384,320,329
1000962,387,342,329
1000978,400,556,317
1000994,390,609,320
1001010,392,401,329
1001026,380,474,333
1001041,388,325,334
1001057,418,401,324
1001073,410,332,333
1001089,378,495,329
1001105,400,580,328
1001120,387,533,332
1001136,380,324,326
1001152,378,320,341
1001168,387,511,342
1001184,381,331,329
1001200,385,349,309
1001215,385,294,320
1001231,381,461,329
1001247,387,381,311
1001263,385,417,324
1001279,383,317,335
1001294,385,572,316
1001310,392,589,341
1001326,390,364,325
1001342,383,338,328
1001358,383,627,330
1001374,386,440,324
1001389,379,328,321
1001405,377,324,327
1001421,375,325,324
1001437,373,329,334
1001453,381,321,328
1001468,363,473,329
1001484,379,385,326
1001500,390,331,321
1001516,381,324,332
1001532,372,328,334
1001548,388,325,331
1001563,383,338,329
1001579,386,320,323
1001595,387,325,315
1001611,379,330,330
1001627,387,326,336
1001642,394,324,323
1001658,368,480,322
1001674,368,403,318
1001690,389,314,324
1001706,383,317,324
1001722,378,310,337
1001737,378,333,339
1001753,383,560,334
1001769,390,495,323
1001785,381,447,328
1001801,391,291,333
1001816,390,546,325
1001832,375,295,317
1001848,386,311,303
1001864,389,411,325
1001880,381,556,324
1001896,379,326,320
1001911,389,330,317
1001927,380,317,327
1001943,393,314,335
1001959,380,512,313
1001975,522,479,322
1001990,370,319,313
1002006,373,324,316
1002022,373,324,317
1002038,374,330,322
1002054,372,325,330
1002070,383,377,332
1002085,379,306,326
1002101,380,330,314
1002117,376,322,317
1002133,382,321,326
1002149,373,481,327
1002164,379,309,323
1002180,384,326,323
1002196,377,313,318
1002212,383,410,318
1002228,403,330,332
1002244,399,308,316
1002259,392,427,308
1002275,386,311,322
1002291,381,314,322
1002307,378,482,327
1002323,381,584,326
1002338,379,297,325
1002354,380,304,317
1002370,388,557,318
1002386,387,295,330
1002402,390,318,336
1002418,386,304,314
1002433,391,324,323
1002449,385,321,319
1002465,388,326,311
1002481,395,307,326
1002497,396,574,318
1002513,381,348,312
1002528,380,398,317
1002544,383,318,321
1002560,365,324,320
1002576,372,332,311
1002592,366,316,309
1002607,370,326,313
1002623,376,330,321
1002639,378,400,330
1002655,389,336,329
1002671,382,349,321
1002687,383,532,320
1002702,379,336,317
1002718,383,546,313
1002734,384,328,318
1002750,388,328,319
1002766,398,614,323
1002781,396,321,316
1002797,353,321,305
1002813,431,309,317
1002829,368,592,310
1002845,356,401,304
1002861,391,314,311
1002876,381,472,327
1002892,375,493,323
1002908,378,304,327
1002924,379,598,328
1002940,383,322,315
1002956,374,309,318
1002971,376,334,309
1002987,386,582,307
1003003,381,322,312
1003019,386,315,314
1003035,384,324,310
1003050,392,349,304
1003066,389,321,324
1003082,371,322,306
1003098,383,561,309
1003114,383,319,311
1003130,371,417,310
1003145,370,321,304
1003161,368,321,306
1003177,375,322,325
1003193,365,316,305
1003209,376,620,316
1003225,379,452,319
1003240,377,314,300
1003256,379,318,318
1003272,377,328,326
1003288,369,510,316
1003304,373,306,304
1003319,382,457,322
1003335,367,422,302
1003351,385,325,307
1003367,389,485,305
1003383,397,339,301
1003399,396,609,305
1003414,374,316,314
1003430,357,310,300
1003446,360,321,310
1003462,370,575,301
1003478,384,306,310
1003493,382,520,323
1003509,377,308,316
1003525,381,598,307
1003541,379,480,319
1003557,374,334,312
1003573,376,304,299
1003588,385,485,301
1003604,384,317,308
1003620,380,303,327
1003636,384,357,313
1003652,380,339,295
1003668,377,614,300
1003683,379,603,315
1003699,380,373,313
1003715,376,476,296
1003731,376,321,308
1003747,379,324,318
1003762,369,347,308
1003778,367,326,310
1003794,383,314,320
1003810,369,436,325
1003826,367,313,313
1003842,381,547,311
1003857,372,369,310
1003873,383,330,309
1003889,382,338,306
1003905,385,313,312
1003921,394,316,296
1003936,384,515,304
1003952,384,326,298
1003968,391,352,308
1003984,375,353,318
1004000,381,333,313
1004016,354,355,292
1004032,608,509,463
1004047,390,360,329
1004063,369,334,313
1004079,363,320,306
1004095,375,313,309
1004111,367,319,326
1004126,366,605,308
1004142,372,348,320
1004158,386,605,312
1004174,379,296,288
1004190,371,499,306
1004205,373,559,307
1004221,375,474,305
1004237,376,322,301
1004253,382,323,293
1004269,376,586,312
1004285,376,314,301
1004300,379,316,312
1004316,378,348,295
1004332,383,304,290
1004348,381,584,292
1004364,379,344,288
1004379,380,357,291
1004395,374,488,294
1004411,370,341,295
1004427,373,434,296
1004443,374,298,312
1004459,378,399,306
1004474,371,314,307
1004490,376,592,297
1004506,371,340,291
1004522,368,458,300
1004538,376,318,306
1004553,376,324,300
1004569,393,470,296
1004585,379,331,309
1004601,391,317,313
1004617,381,322,301
1004633,380,609,295
1004648,374,320,294
1004664,379,326,301
1004680,383,318,304
1004696,377,321,303
1004712,375,560,289
1004727,370,546,291
1004743,378,336,304
1004759,373,569,292
1004775,362,574,303
1004791,361,300,286
1004807,373,325,301
1004822,372,325,316
1004838,365,464,301
1004854,365,376,304
1004870,362,306,296
1004886,369,445,295
1004901,365,296,296
1004917,370,306,311
1004933,368,526,298
1004949,368,310,281
1004965,432,614,350
1004981,373,507,298
1004996,376,315,288
1005012,382,333,294
1005028,383,332,285
1005044,380,334,288
1005060,379,336,291
1005075,371,319,282
1005091,381,333,290
1005107,376,338,298
1005123,369,333,302
1005139,372,482,288
1005155,373,393,296
1005170,368,313,290
1005186,371,546,304
1005202,373,334,292
1005218,370,323,296
1005234,367,347,299
1005249,378,331,304
1005265,369,462,294
1005281,373,316,315
1005297,373,317,293
1005313,372,334,284
1005329,370,330,301
1005344,371,329,298
1005360,379,544,290
1005376,383,298,298
1005392,382,317,290
1005408,377,318,306
1005424,364,597,307
1005439,387,324,311
1005455,383,462,307
1005471,364,574,294
1005487,368,321,300
1005503,370,313,311
1005518,367,411,315
1005534,376,308,309
1005550,375,322,313
1005566,371,404,299
1005582,363,325,292
1005598,368,327,292
1005613,368,590,295
1005629,375,316,296
1005645,373,337,306
1005661,372,418,292
1005677,368,312,296
1005693,367,465,306
1005708,375,321,301
1005724,379,574,291
1005740,372,560,293
1005756,376,521,297
1005772,376,571,292
1005787,383,326,296
1005803,378,425,302
1005819,376,320,293
1005835,373,323,293
1005851,372,478,284
1005867,372,364,296
1005882,373,332,294
1005898,367,334,298
1005914,380,338,293
1005930,371,370,306
1005946,374,506,308
1005961,378,342,298
1005977,367,329,293
1005993,366,511,294
1006009,362,318,306
1006025,377,341,309
1006041,361,403,287
1006056,370,321,303
1006072,375,326,289
1006088,374,321,292
1006104,378,315,300
1006120,382,484,293
1006135,378,309,297
1006151,377,331,296
1006167,365,325,285
1006183,361,303,296
1006199,368,580,303
1006215,375,561,316
1006230,366,308,302
1006246,362,498,298
1006262,381,314,301
1006278,375,522,305
1006294,372,313,305
1006309,379,303,304
1006325,376,366,308
1006341,373,402,302
1006357,376,310,310
1006373,375,336,293
1006389,365,320,289
1006404,373,574,300
1006420,370,323,305
1006436,372,590,296
1006452,378,303,290
1006468,364,316,297
1006483,373,320,287
1006499,369,315,293
1006515,363,325,292
1006531,366,331,292
1006547,376,297,288
1006563,375,331,302
1006578,377,320,298
1006594,381,312,293
1006610,366,328,285
1006626,372,311,286
1006642,370,329,291
1006658,372,320,291
1006673,373,326,301
1006689,371,592,288
1006705,367,330,292
1006721,368,349,299
1006737,367,523,296
1006752,374,456,288
1006768,372,320,320
1006784,365,336,309
1006800,367,359,297
1006816,360,584,293
1006832,370,316,301
1006847,374,326,300
1006863,370,328,302
1006879,371,333,306
1006895,369,327,303
1006911,372,464,303
1006926,385,339,293
1006942,382,466,291
1006958,381,541,303
1006974,370,319,292
1006990,372,319,286
1007006,375,315,294
1007021,364,318,292
1007037,374,310,294
1007053,374,472,292
1007069,376,315,296
1007085,374,316,300
1007101,364,396,323
1007116,355,548,291
1148430,319,499,370
1176114,321,331,394
1176124,332,539,389
1176134,329,297,390
1176144,323,441,397
1176154,316,230,401
1176164,314,259,399
1176174,320,258,393
1176184,324,270,397
1176194,322,466,400
1176204,319,359,400
1176214,334,270,401
1176224,641,501,484
1176234,319,261,394
1176244,328,587,398
1176254,320,557,399
1176264,313,371,395
1176274,328,408,391
1176284,324,383,394
1176294,319,262,400
1176304,337,514,405
1176314,322,251,399
1176324,312,621,395
1176334,333,376,386
1176344,336,249,390
1176354,340,265,394
1176367,323,238,387
1176383,317,464,388
1176398,330,606,395
1176414,319,250,398
1176430,331,268,392
1176446,318,279,386
1176462,318,598,397
1176477,322,430,389
1176493,322,451,388
1176509,317,269,393
1176525,322,258,388
1176541,324,428,390
1176557,326,272,391
1176572,319,448,396
1176588,322,254,394
1176604,332,280,388
1176620,335,361,397
1176636,323,272,384
1176651,322,522,392
1176667,315,346,392
1176683,310,275,396
1176699,320,272,391
1176715,321,270,397
1176731,329,258,393
1176746,329,498,393
1176762,326,534,390
1176778,328,500,396
1176794,316,548,392
1176810,338,244,391
1176825,331,257,378
1176841,318,514,390
1176857,312,259,390
1176873,326,269,396
1176889,316,633,387
1176905,323,265,398
1176920,321,265,400
1176936,320,268,403
1176952,332,296,402
1176968,320,245,396
1176984,330,360,390
1176999,328,260,403
1177015,328,261,398
1177031,353,286,401
1177047,344,638,397
1177063,327,338,397
1177079,330,271,390
1177094,315,244,397
1177110,323,263,403
1177126,327,602,401
1177142,323,458,394
1177158,338,284,392
1177173,330,245,399
1177190,323,247,394
1177205,314,325,397
1177221,329,261,396
1177237,332,400,392
1177253,320,291,390
1177268,326,565,398
1177284,331,377,395
1177300,320,619,389
1177316,319,626,394
1177332,319,298,394
1177347,321,286,392
1177363,315,295,391
1177379,316,319,399
1177395,322,302,391
1177411,320,622,396
1177427,322,283,387
1177442,339,278,390
1177458,328,296,396
1177474,323,277,395
1177490,323,532,397
1177506,313,271,397
1177521,317,281,396
1177537,316,284,392
1177553,319,289,395
1177569,318,477,395
1177585,315,270,401
1177601,334,261,396
1177616,322,273,395
1177632,330,579,399
1177648,338,434,398
1177664,326,482,395
1177680,335,401,387
1177695,324,258,404
1177711,335,260,404
1177727,322,270,400
1177743,356,579,396
1177759,332,368,393
1177775,327,581,392
1177790,348,258,392
1177806,341,497,392
1177822,341,268,397
1177838,332,269,400
1177854,341,615,397
1177869,318,329,399
1177885,325,553,399
1177901,320,343,395
1177917,315,614,392
1177933,318,266,395
1177949,326,347,397
1177964,332,259,397
1177980,315,262,398
1177996,314,282,401
1178012,312,519,399
1178028,339,268,395
1178044,329,310,399
1178059,317,257,401
1178075,316,253,400
1178091,339,449,399
1178107,325,260,388
1178123,335,282,398
1178138,322,583,392
1178154,317,460,395
1178170,315,293,389
1178186,328,476,396
1178202,309,263,392
1178218,320,270,390
1178233,328,433,402
1178249,330,273,401
1178265,319,259,394
1178281,326,269,385
1178297,318,567,387
1178312,313,316,396
1178328,317,276,394
1178344,311,273,394
1178360,305,284,396
1178376,321,281,392
1178392,316,276,399
1178407,313,288,388
1178423,323,360,405
1178439,326,282,402
1178455,323,437,393
1178471,328,262,390
1178486,341,282,393
1178502,331,279,398
1178518,322,272,393
1178534,326,264,393
1178550,317,274,392
1178566,320,275,398
1178581,317,515,398
1178597,317,396,388
1178613,324,280,392
1178629,324,563,388
1178645,314,293,392
1178660,313,420,397
1178676,332,458,395
1178692,317,264,387
1178708,329,278,397
1178724,327,515,400
1178740,330,271,398
1178755,334,265,395
1178771,322,451,395
1178787,323,262,393
1178803,321,490,394
1178819,325,650,397
1178835,330,440,397
1178850,325,275,397
1178866,325,293,397
1178882,317,593,394
1178898,316,350,398
1178914,319,265,397
1178929,319,433,397
1178945,326,273,401
1178961,331,275,400
1178977,323,621,400
1178993,326,270,399
1179009,321,287,398
1179024,326,327,397
1179040,339,617,393
1179056,340,410,395
1179072,321,272,398
1179088,343,274,395
1179103,326,309,396
1179119,330,253,395
1179135,324,444,392
1179151,327,264,390
1179167,336,267,397
1179183,329,503,395
1179198,320,524,396
1179214,330,493,393
1179230,324,275,398
1179246,321,279,395
1179262,333,291,392
1179277,322,303,396
1179293,323,250,401
1179309,325,274,402
1179325,336,266,401
1179341,327,281,395
1179357,322,277,399
1179372,324,283,400
1179388,327,275,404
1179404,323,290,401
1179420,329,265,405
1179436,329,282,403
1179451,336,292,402
1179467,346,282,405
1179483,324,410,399
1179499,328,280,402
1179515,331,287,401
1179531,334,310,403
1179546,334,284,402
1179562,333,291,398
1179578,328,291,402
1179594,320,281,401
1179610,328,303,407
1179625,330,272,404
1179641,335,427,407
1179657,330,267,400
1179673,324,380,401
1179689,320,578,407
1179705,324,271,410
1179720,324,279,397
1179736,319,272,402
1179752,336,280,407
1179768,323,345,402
1179784,334,291,404
1179799,323,298,406
1179815,331,288,401
1179831,324,278,399
1179847,323,288,404
1179863,340,283,410
1179879,352,282,401
1179894,338,276,399
1179910,322,570,398
1179926,335,286,406
1179942,335,284,396
1179958,331,491,402
1179973,323,279,398
1179989,329,282,399
1180005,322,284,395
1180021,322,443,395
1180037,327,576,392
1180053,322,272,394
1180068,320,326,396
1180084,320,277,395
1180100,326,443,395
1180116,314,271,395
1180132,322,634,390
1180147,321,293,385
1180163,326,275,384
1180179,331,305,391
1180195,336,276,397
1180211,331,264,390
1180227,328,642,390
1180242,341,454,398
1180258,325,270,393
1180274,336,329,392
1180290,338,321,395
1180306,318,268,400
1180321,319,276,399
1180337,321,285,396
1180353,334,269,404
1180369,320,272,399
1180385,317,324,399
1180401,324,251,398
1180416,324,263,397
1180432,329,525,395
1180448,319,262,390
1180464,338,244,396
1180480,338,405,399
1180495,342,322,397
1180511,335,520,393
1180527,324,253,393
1180543,342,444,393
1180559,357,257,390
1180575,342,299,398
1180590,337,264,395
1180606,309,254,395
1180622,309,524,396
1180638,306,257,391
1180654,308,273,393
1180669,299,265,397
1180685,309,614,396
1180701,320,541,391
1180717,324,631,395
1180733,328,452,395
1180749,322,265,393
1180764,309,271,389
1180780,328,579,392
1180796,335,245,392
1180812,318,262,393
1180828,314,304,391
1180843,325,259,393
1180859,322,302,390
1180875,324,397,395
1180891,321,634,395
1180907,319,323,387
1180923,329,263,393
1180938,319,255,394
1180954,321,263,393
1180970,311,261,390
1180986,325,347,390
1181002,329,373,390
1181018,310,410,392
1181033,347,448,393
1181049,322,520,393
1181065,308,269,391
1181081,324,295,389
1181097,328,632,390
1181112,327,507,385
1181128,320,275,388
1181144,328,277,396
1181160,318,275,388
1181176,328,398,395
1181192,318,560,386
1181207,322,282,397
1181223,333,273,395
1181239,317,273,389
1181255,319,272,390
1181271,329,327,396
1181286,325,278,390
1181302,317,292,400
1181318,322,291,388
1181334,333,292,390
1181350,322,280,392
1181366,321,276,393
1181381,316,280,398
1181397,323,277,399
1181413,309,534,395
1181429,315,286,389
1181445,323,288,396
1181461,312,272,394
1181476,314,278,392
1181492,311,286,388
1181508,319,472,392
1181524,322,293,391
1181540,317,308,390
1181555,318,615,390
1181571,320,287,393
1181587,346,442,393
1181603,399,271,392
1181619,366,280,402
1181635,359,364,406
1181650,325,283,389
1181666,289,319,395
1181682,265,267,397
1181698,293,267,392
1181714,314,272,388
1181729,306,270,395
1181745,292,277,395
1181761,229,277,389
1181777,224,287,391
1181793,577,283,395
1181806,8,310,393
1181824,395,556,422
1181840,352,392,395
1181856,217,272,396
1181872,465,270,390
1181888,486,287,395
1181903,475,272,398
1181919,250,304,393
1181935,455,456,397
1181951,400,268,397
1181967,379,650,402
1181982,381,385,392
1181998,368,265,391
1182014,360,274,397
1182030,358,259,393
1182046,348,277,394
1182062,339,272,400
1182077,345,307,396
1182093,351,277,389
1182109,339,467,394
1182125,344,319,393
1182141,331,295,383
1182156,339,310,389
1182172,335,271,393
1182188,338,277,402
1182204,334,277,408
1182220,329,275,399
1182236,325,277,391
1182251,333,373,390
1182267,325,418,393
1182283,320,291,392
1182299,326,373,392
1182315,337,276,387
1182330,327,270,399
1182346,320,650,393
1182362,326,662,391
1182378,315,269,387
1182394,322,271,396
1182410,340,275,389
1182425,331,298,398
1182441,331,261,393
1182457,331,278,393
1182473,334,272,389
1182489,333,281,391
1182504,335,278,393
1182520,336,266,391
1182536,331,275,395
1182552,324,269,389
1182568,325,272,401
1182584,327,283,389
1182599,320,281,398
1182615,332,281,399
1182631,333,538,395
1182647,325,276,388
1182663,327,281,405
1182678,331,291,389
1182694,333,281,396
1182710,314,279,398
1182726,318,282,395
1182742,329,282,394
1182758,323,279,389
1182773,324,301,396
1182789,323,291,389
1182805,338,284,392
1182821,310,288,391
1182837,321,285,394
1182852,321,289,391
1182868,315,282,395
1182884,325,268,388
1182900,318,452,398
1182916,308,404,394
1182932,313,282,397
1182947,313,279,392
1182963,294,277,394
1182979,309,272,394
1182995,282,269,390
1183011,277,279,393
1183027,276,287,389
1183042,294,298,392
1183058,295,275,391
1183074,277,276,389
1183090,302,286,393
1183106,319,288,394
1183121,336,584,398
1183137,339,286,397
1183153,357,276,393
1183169,348,295,393
1183185,349,266,393
1183201,338,278,389
1183216,327,285,402
1183232,345,285,393
1183248,350,274,395
1183264,313,283,390
1183280,332,291,400
1183295,381,294,398
1183311,444,283,393
1183327,373,283,393
1183343,359,275,391
1183359,334,282,388
1183375,337,286,396
1183390,334,281,391
1183406,328,290,391
1183422,308,289,388
1183438,313,291,397
1183454,300,292,394
1183469,317,283,388
1183485,311,276,392
1183501,311,291,391
1183517,316,270,393
1183533,309,280,390
1183549,327,294,393
1183564,321,281,388
1183580,322,274,394
1183596,318,290,393
1183612,326,278,393
1183628,320,283,388
1183644,319,288,406
1183659,321,290,394
1183675,319,285,393
1183691,328,278,398
1183707,325,292,396
1183723,315,277,390
1183738,319,280,394
1183754,314,291,398
1183770,328,282,399
1183786,321,279,398
1183802,315,281,391
1183817,328,270,397
1183833,326,284,395
1183849,312,281,393
1183865,311,290,389
1183881,322,283,394
1183897,322,272,392
1183912,313,429,396
1183928,310,280,393
1183944,316,497,401
1183960,324,307,394
1183976,315,274,395
1183992,317,288,392
1184007,311,365,394
1184023,324,267,392
1184039,312,552,389
1184055,314,258,389
1184071,310,289,396
1184086,423,359,426
1184102,320,606,386
1184118,315,648,393
1184134,311,487,387
1184150,318,638,391
1184166,312,345,393
1184181,343,296,388
1184197,317,639,391
1184213,312,277,397
1184229,314,297,392
1184245,313,274,392
1184260,316,568,394
1184276,323,421,392
1184292,309,547,387
1184308,328,284,396
1184324,327,273,395
1184340,310,649,390
1184355,324,280,395
1184371,323,281,399
1184387,310,521,391
1184403,312,480,393
1184419,305,381,394
1184435,307,291,391
1184450,327,347,394
1184466,309,641,387
1184482,331,557,392
1184498,317,448,391
1184514,319,290,394
1184529,331,429,395
1184545,320,389,397
1184561,312,500,394
1184577,320,301,396
1184593,322,361,394
1184609,312,268,386
1184624,326,273,391
1184640,321,296,386
1187962,57,397
1187972,397
1187982,308,272,405
1187992,319,285,411
1188002,320,268,402
1188012,309,273,405
1188022,312,270,400
1188033,320,290,405
1188043,318,285,400
1188054,324,285,405
1188064,310,355,397
1188074,311,280,401
1188084,330,285,406
1188094,329,270,405
1188104,330,285,403
1188114,331,282,405
1188124,325,286,403
1188134,321,289,401
1188144,313,494,398
1188154,307,275,403
1188164,326,286,402
1188174,322,288,398
1188184,318,642,397
1188194,310,283,400
1188204,331,279,397
1188214,312,288,397
1188224,318,457,395
1188234,326,294,402
1188244,335,280,400
1188254,323,281,404
1188264,323,270,399
1188274,308,286,404
1188284,328,283,400
1188294,318,281,400
1188304,330,280,402
1188314,325,281,405
1188324,325,291,401
1188334,318,335,405
1188344,319,286,401
1188354,322,282,401
1188364,330,348,400
1188374,329,297,401
1188384,307,276,397
1188394,329,278,393
1188404,333,281,401
1188414,320,279,400
1188424,327,291,399
1188434,312,280,396
1188444,313,284,396
1188454,311,280,403
1188464,326,313,403
1188474,319,286,396
1188484,329,283,398
1188494,320,273,400
1188504,318,296,397
1188516,321,283,398
1188532,317,272,394
1188548,318,262,393
1188563,318,269,396
1188579,313,288,400
1188595,328,284,407
1188611,336,275,403
1188627,323,280,400
1188642,326,286,402
1188658,313,290,395
1188674,322,275,403
1188690,316,275,400
1188706,328,284,396
1188722,320,291,397
1188737,317,289,394
1188753,324,267,397
1188769,318,278,392
1188785,329,279,394
1188801,321,282,394
1188816,325,266,398
1188832,317,274,393
1188848,319,273,393
1188864,314,281,398
1188880,317,384,397
1188896,323,272,394
1188911,322,273,399
1188927,316,289,398
1188943,333,293,396
1188959,315,652,396
1188975,302,386,395
1188990,320,281,398
1189006,332,277,397
1189022,328,274,394
1189038,312,265,404
1189054,310,270,402
1189070,320,295,403
1189085,332,277,394
1189101,308,303,397
1189117,316,278,399
1189133,321,282,397
1189149,312,275,395
1189164,332,273,396
1189180,313,277,401
1189196,327,283,398
1189212,325,282,394
1189228,318,281,394
1189244,316,292,405
1189259,322,266,399
1189275,325,274,398
1189291,318,278,397
1189307,324,271,399
1189323,315,427,396
1189338,328,269,396
1189354,311,276,393
1189370,316,270,397
1189386,311,272,399
1189402,310,284,398
1189418,316,277,401
1189433,320,265,400
1189449,324,274,397
1189465,328,278,396
1189481,314,279,397
1189497,317,268,400
1189512,319,273,399
1189528,322,274,399
1189544,312,265,394
1189560,318,266,394
1189576,336,274,398
1189592,320,275,397
1189607,326,272,400
1189623,319,280,400
1189639,330,287,409
1189655,329,273,401
1189671,337,264,402
1189686,317,281,399
1189702,315,283,401
1189718,327,280,401
1189734,343,297,402
1189750,320,278,400
1189766,317,292,406
1189781,322,291,405
1189797,320,285,398
1189813,339,277,398
1189829,336,283,399
1189845,306,285,400
1189860,334,295,400
1189876,317,275,395
1189892,335,276,395
1189908,323,285,397
1189924,313,278,398
1189940,325,275,398
1189955,314,281,393
1189971,312,288,393
1189987,319,286,400
1190003,329,300,400
1190019,325,288,402
1190034,326,368,396
1190050,308,283,400
1190066,333,283,407
1190082,332,290,395
1190098,317,275,399
1190114,321,272,393
1190129,322,291,395
1190145,301,278,394
1190161,308,281,398
1190177,323,295,409
1190193,322,282,399
1190208,326,289,394
1190224,316,567,395
1190240,314,288,389
1190256,313,287,396
1190272,310,280,395
1190288,307,283,392
1190303,330,283,398
1190319,321,291,405
1190335,316,292,393
1190351,312,271,393
1190367,321,269,398
1190382,320,284,396
1190398,324,283,399
1190414,309,280,400
1190430,319,288,403
1190446,330,291,400
1190462,313,289,402
1190477,322,281,402
1190493,317,282,395
1190509,318,299,396
1190525,314,278,400
1190541,323,286,407
1190557,318,283,400
1190572,321,289,403
1190588,320,291,396
1190604,315,274,395
1190620,307,280,394
1190636,322,280,395
1190651,318,291,397
1190667,327,286,399
1190683,320,268,405
1190699,322,285,399
1190715,319,296,401
1190731,311,279,393
1190746,323,286,396
1190762,330,285,396
1190778,324,264,398
1190794,320,420,400
1190810,317,294,400
1190825,314,278,407
1190841,328,272,409
1190857,318,271,405
1190873,312,310,405
1190889,318,272,396
1190905,329,267,399
1190920,320,333,413
1190936,319,268,401
1190952,317,266,400
1190968,313,322,409
1190984,315,346,401
1190999,318,262,402
1191015,313,269,405
1191031,332,277,401
1191047,315,343,398
1191063,329,291,404
1191079,319,318,397
1191094,315,591,401
1191110,326,312,401
1191126,326,615,398
1191142,319,276,398
1191158,326,327,405
1191173,331,351,405
1191189,321,495,402
1191205,324,271,399
1191221,314,357,399
1191237,317,317,400
1191253,326,313,409
1191268,327,313,395
1191284,325,305,390
1191300,324,275,399
1191316,323,274,393
1191332,309,277,399
1191347,320,274,395
1191363,315,279,394
1191379,323,271,396
1191395,323,285,389
1191411,319,275,398
1191427,329,281,400
1191442,332,281,401
1191458,311,288,397
1191474,337,285,399
1191490,316,271,399
1191506,325,281,399
1191521,330,286,398
1191537,323,284,401
1191553,323,279,402
1191569,328,272,395
1191585,324,276,399
1191601,313,263,399
1191616,320,277,397
1191632,322,280,391
1191648,327,286,392
1191664,314,310,407
1191680,325,400,396
1191695,335,283,398
1191711,321,300,389
1191727,316,279,399
1191743,322,292,402
1191759,313,272,400
1191775,304,285,402
1191790,330,270,403
1191806,328,630,405
1191822,325,328,404
1191838,320,390,401
1191854,325,285,408
1191869,315,668,404
1191885,320,272,404
1191901,333,531,399
1191917,320,321,399
1191933,328,314,392
1191949,320,485,403
1191964,321,274,400
1191980,326,379,397
1191996,325,610,405
1192012,334,417,400
1192028,317,663,407
1192043,316,364,398
1192059,320,474,402
1192075,333,316,396
1192091,322,279,392
1192107,324,266,394
1192123,319,357,397
1192138,318,352,398
1192154,318,302,401
1192170,342,272,400
1192186,328,501,401
1192202,315,314,403
1192217,324,544,394
1192233,323,464,391
1192249,323,567,394
1192265,325,284,395
1192281,307,258,393
1192297,320,403,388
1192312,318,333,392
1192328,317,274,393
1192344,334,408,394
1192360,322,282,391
1192376,320,268,390
1192391,315,363,394
1192407,322,276,394
1192423,315,278,393
1192439,313,274,394
1192455,306,287,395
1192471,315,289,393
1192486,315,276,398
1192502,332,264,402
1192518,323,262,400
1192534,319,276,395
1192550,338,257,395
1192566,325,275,390
1192581,315,272,394
1192597,313,418,386
1192613,323,271,402
1192629,320,289,397
1192645,340,371,401
1192660,326,294,403
1192676,319,266,396
1192692,315,343,392
1192708,301,266,393
1192724,313,257,398
1192740,319,248,400
1192755,312,327,406
1192771,315,256,400
1192787,334,271,400
1192803,322,644,407
1192819,322,413,405
1192834,309,297,401
1192850,315,580,405
1192866,313,356,398
1192882,317,650,398
1192898,318,312,400
1192914,330,267,401
1192929,315,304,400
1192945,323,670,406
1192961,324,576,399
1192977,310,307,393
1192993,323,264,397
1193008,317,288,398
1193024,313,270,396
1193040,318,539,395
1193056,314,258,398
1193072,315,357,403
1193088,315,259,402
1193103,326,265,399
1193119,317,383,395
1193135,319,384,393
1193151,318,282,402
1193167,321,641,402
1193182,311,539,394
1193198,327,259,396
1193214,320,257,392
1193230,311,266,399
1193246,313,266,395
1193262,309,487,388
1193277,311,264,398
1193293,320,351,394
1193309,315,268,398
1193325,316,365,397
1193341,315,257,403
1193356,314,293,393
1193372,311,271,397
1193388,316,283,401
1193404,320,267,400
1193420,326,267,401
1193436,316,281,400
1193451,330,300,403
1193467,319,278,405
1193483,330,335,399
1193499,318,268,391
1193515,326,285,393
1193531,313,293,402
1193546,317,387,393
1193562,315,296,398
1193578,319,386,390
1193594,314,317,399
1193610,320,275,394
1193625,308,268,394
1193641,314,655,398
1193657,322,339,399
1193673,308,322,399
1193689,322,281,396
1193705,317,258,398
1193720,322,259,404
1193736,333,527,402
1193752,320,406,398
1193768,329,252,401
1193784,326,366,401
1193799,320,346,406
1193815,332,297,400
1193831,325,291,399
1193847,317,329,397
1193863,320,637,397
1193879,314,262,400
1193894,335,633,397
1193910,315,316,400
1193926,340,322,407
1193942,320,632,404
1193958,309,265,396
1193973,318,417,400
1193989,309,251,404
1194005,335,557,396
1194021,313,416,391
1194037,322,423,392
1194053,310,447,396
1194068,308,300,397
1194084,313,351,404
1194100,317,310,396
1194116,312,465,394
1194132,318,515,390
1194147,308,430,398
1194163,325,256,394
1194179,323,309,394
1194195,313,328,399
1194211,312,316,395
1194227,309,265,398
1194242,310,459,401
1194258,317,267,400
1194274,315,273,402
1194290,310,619,400
1194306,323,282,406
1194321,313,270,400
1194337,326,293,407
1194353,327,263,408
1194369,330,359,396
1194385,320,266,391
1194401,324,277,401
1194416,309,376,390
1194432,325,441,383
1194448,326,280,407
1194464,324,289,404
1194480,328,336,403
1194495,322,492,396
1194511,309,320,399
1194527,322,269,400
1194543,318,269,398
1194559,323,494,399
1194575,323,306,398
1194590,318,483,401
1194606,322,288,400
1194622,312,303,403
1194638,324,528,401
1194654,306,272,402
1194669,315,274,402
1194685,310,273,398
1194701,314,393,402
1194717,320,333,400
1194733,317,277,405
1194749,317,489,394
1194764,307,280,393
1194780,306,592,397
1194796,326,287,395
1194812,322,309,393
1194828,323,288,399
1194843,319,514,399
1194859,320,302,393
1194875,324,617,396
1194891,320,602,400
1194907,331,356,400
1194923,311,309,396
1194938,326,319,395
1194954,323,271,395
1194970,312,333,397
1194986,307,446,389
1195002,320,296,394
1195018,313,332,395
1195033,311,344,397
1195049,313,360,389
1195065,329,570,391
1195081,316,281,390
1195097,314,528,394
1195113,306,372,397
1195128,308,275,398
1195144,326,448,396
1195160,307,479,401
1195176,311,338,396
1195192,313,261,392
1195207,310,258,392
1195223,319,260,396
1195239,317,313,397
1195255,323,256,395
1195271,305,274,397
1195286,318,274,400
1195302,323,303,400
1195318,327,278,395
1195334,309,658,395
1195350,320,439,393
1195366,318,485,391
1195381,327,280,383
1195397,326,330,397
1195413,328,357,392
1195429,305,468,387
1195445,319,283,393
1195460,318,501,391
1195476,339,280,402
1195492,319,336,405
1195508,319,457,400
1195524,318,318,399
1195540,317,427,399
1195555,320,325,398
1195571,305,643,395
1195587,319,578,394
1195603,322,490,396
1195619,318,305,398
1195634,315,510,400
1195650,340,449,397
1195666,330,318,394
1195682,323,285,394
1195698,325,296,392
1195714,317,297,390
1195729,324,585,398
1195745,316,562,396
1195761,331,317,391
1195777,321,301,389
1195793,324,444,393
1195808,328,612,387
1195824,321,499,396
1195840,310,321,392
1195856,317,346,400
1195872,314,514,395
1195888,308,316,392
1195903,301,410,392
1195919,307,270,392
1195935,310,418,390
1195951,322,369,393
1195967,321,288,383
1195982,318,498,393
1195998,330,250,389
1196014,321,274,392
1196030,315,346,387
1196046,320,269,390
1196062,313,295,393
1196077,302,448,392
1196093,315,438,394
1196109,310,649,390
1196125,319,262,392
1196141,322,305,387
1196156,316,269,390
1196172,313,270,395
1196188,326,256,393
1196204,307,267,395
1196220,330,657,394
1196236,322,627,396
1196251,306,669,387
1196267,324,253,394
1196283,310,318,379
1196299,316,254,390
1196315,315,266,390
1199329,308,510,386
1199339,318,277,395
1199349,314,317,386
1199359,314,317,392
1199369,317,548,381
1199379,316,634,390
1199389,325,332,394
1199399,311,289,392
1199410,306,362,392
1199421,312,283,394
1199431,315,553,398
1199441,307,524,395
1199451,312,503,393
1199461,320,384,392
1199471,307,297,392
1199481,320,621,394
1199491,307,350,394
1199501,311,303,389
1199511,301,283,399
1199521,302,594,399
1199531,307,256,393
1199541,320,504,394
1199551,330,432,392
1199561,303,350,395
1199571,321,527,392
1199581,312,403,393
1199591,320,633,392
1199601,321,461,391
1199611,326,430,388
1199621,316,326,585
1199631,320,283,390
1199641,311,524,388
1199651,305,243,393
1199661,308,356,385
1199671,315,280,387
1199681,310,432,397
1199691,394,359,388
1199701,311,274,387
1199711,311,421,387
1199721,317,376,386
1199731,322,323,389
1199741,298,439,388
1199751,324,603,394
1199761,304,273,391
1199771,320,258,387
1199781,305,660,392
1199791,320,282,392
1199801,311,291,385
1199811,307,302,391
1199821,322,269,395
1199831,305,280,394
1199843,333,261,398
1199858,323,275,403
1199874,323,409,394
1199890,317,421,388
1199906,324,319,400
1199922,332,428,394
1199938,319,296,388
1199953,317,285,394
1199969,309,278,386
1199985,321,256,392
1200001,314,263,387
1200017,316,373,399
1200032,304,266,391
1200048,328,332,389
1200064,311,379,394
1200080,322,486,393
1200096,329,300,395
1200112,313,436,396
1200127,314,270,389
1200143,314,393,396
1200159,316,454,393
1200175,316,415,387
1200191,325,599,393
1200206,324,285,394
1200222,325,329,393
1200238,315,332,390
1200254,316,348,390
1200270,317,511,396
1200285,321,304,392
1200301,334,353,400
1200317,324,534,391
1200333,323,288,391
1200349,330,527,390
1200365,321,438,393
1200380,312,435,391
1200396,312,472,393
1200412,309,322,386
1200428,316,270,384
1200444,322,495,390
1200460,312,312,387
1200475,322,270,384
1200491,314,358,396
1200507,306,434,395
1200523,325,583,384
1200539,316,286,383
1200554,325,434,389
1200570,331,362,388
1200586,329,299,389
1200602,309,277,385
1200618,317,267,388
1200634,310,280,395
1200649,317,283,398
1200665,335,289,386
1200681,329,275,391
1200697,310,276,387
1200713,322,300,389
1200728,320,283,394
1200745,324,282,388
1200760,333,286,387
1200776,312,292,383
1200792,315,634,390
1200808,313,287,390
1200823,327,473,385
1200839,326,524,387
1200855,326,419,392
1200871,328,451,382
1200887,325,614,385
1200902,340,620,382
1200918,341,283,393
1200934,338,500,386
1200950,324,428,385
1200966,331,349,386
1200982,323,487,384
1200997,318,306,386
1201013,328,379,388
1201029,316,567,392
1201045,322,553,385
1201061,326,295,383
1201076,323,263,391
1201092,321,355,381
1201108,326,304,389
1201124,323,453,391
1201140,324,355,383
1201156,331,266,387
1201171,317,324,387
1201187,328,597,391
1201203,326,315,388
1201219,322,476,389
1201235,325,562,384
1201250,314,585,383
1201266,322,448,383
1201282,316,380,386
1201298,317,289,394
1201314,325,268,390
1201330,323,547,391
1201345,328,318,386
1201361,316,268,390
1201377,323,511,389
1201393,318,295,385
1201409,332,349,392
1201424,314,313,387
1201440,320,298,387
1201456,312,253,389
1201472,315,419,389
1201488,315,491,394
1201504,329,269,392
1201519,331,556,390
1201535,321,472,383
1201551,331,444,386
1201567,328,383,389
1201583,343,315,384
1201598,326,615,385
1201614,310,285,389
1201630,321,412,387
1201646,323,283,380
1201662,322,380,388
1201678,335,271,386
1201693,329,410,386
1201709,335,322,386
1201725,317,294,392
1201741,311,274,394
1201757,317,474,385
1201772,320,386,388
1201788,328,355,391
1201804,322,529,387
1201820,324,616,395
1201836,311,276,383
1201852,309,454,381
1201867,320,285,389
1201883,327,376,384
1201899,330,275,384
1201915,330,516,387
1201931,325,287,387
1201947,330,271,388
1201962,316,333,391
1201978,325,457,388
1201994,323,353,388
1202010,318,404,393
1202026,327,609,387
1202041,330,615,389
1202057,329,360,386
1202073,331,598,398
1202089,323,317,398
1202105,328,281,388
1202121,327,304,386
1202136,334,428,386
1202152,329,323,393
1202168,323,317,383
1202184,327,326,386
1202200,332,624,388
1202215,328,414,384
1202231,320,332,383
1202247,307,593,385
1202263,319,273,387
1202279,322,335,383
1202295,327,587,386
1202310,327,364,384
1202326,337,301,392
1202342,322,337,389
1202358,337,424,389
1202374,324,503,393
1202389,318,590,389
1202405,325,324,389
1202421,329,611,388
1202437,327,260,386
1202453,331,594,392
1202469,307,243,391
1202484,327,302,388
1202500,315,522,391
1202516,338,405,388
1202532,326,297,395
1202548,310,500,389
1202563,333,372,395
1202579,320,324,393
1202595,325,466,390
1202611,325,423,391
1202627,318,599,391
1202643,327,602,393
1202658,320,611,386
1202674,323,521,386
1202690,309,278,389
1202706,326,269,402
1202722,314,293,395
1202737,312,625,392
1202753,316,341,387
1202769,326,273,392
1202785,315,500,392
1202801,331,621,393
1202817,324,357,393
1202832,320,516,390
1202848,323,346,391
1202864,322,450,381
1202880,324,482,388
1202896,334,335,390
1202911,303,348,394
1202927,321,404,392
1202943,322,337,389
1202959,315,300,388
1202975,337,486,392
1202991,318,289,390
1203006,314,630,393
1203022,306,312,390
1203038,310,464,392
1203054,308,469,394
1203070,314,519,391
1203086,305,398,388
1203101,324,622,401
1203117,313,252,397
1203133,305,505,392
1203149,333,397,384
1203165,323,611,393
1203180,312,625,386
1203196,312,276,387
1203212,312,436,381
1203228,321,417,394
1203244,317,472,386
1203259,337,652,388
1203275,334,395,387
1203291,321,391,386
1203307,328,640,389
1203323,337,313,388
1203339,325,304,395
1203354,322,503,389
1203370,336,546,397
1203386,328,261,389
1203402,313,276,389
1203418,321,484,394
1203433,320,501,394
1203449,317,366,391
1203465,312,531,384
1203481,324,426,388
1203497,312,633,387
1203513,329,388,390
1203528,317,583,396
1203544,309,267,392
1203560,316,313,387
1203576,325,492,392
1203592,318,600,390
1203608,325,262,390
1203623,318,524,391
1203639,303,600,396
1203655,324,566,393
1203671,319,549,389
1203687,320,430,388
1203702,318,586,398
1203718,312,304,392
1203734,320,333,391
1203750,315,614,394
1203766,321,353,390
1203782,314,421,390
1203797,323,593,392
1203813,311,258,389
1203829,322,383,387
1203845,315,505,392
1203861,309,623,392
1203876,317,595,391
1203892,312,281,388
1203908,326,575,395
1203924,313,407,389
1203940,319,459,390
1203956,333,470,394
1203971,329,381,392
1203987,321,372,385
1204003,323,285,390
1204019,320,288,391
1204035,320,417,388
1204050,311,382,390
1204066,322,300,391
1204082,332,573,390
1204098,320,394,392
1204114,317,326,390
1204130,312,546,389
1204145,321,295,388
1204161,330,632,387
1204177,316,553,391
1204193,326,254,388
1204209,323,618,388
1204224,316,253,392
1204240,315,354,387
1204256,311,571,393
1204272,308,271,384
1204288,319,409,388
1204304,324,257,396
1204319,309,378,387
1204335,322,460,390
1204351,324,405,387
1204367,309,524,391
1204383,312,293,384
1204398,315,309,389
1204414,317,593,394
1204430,311,306,388
1204446,305,459,392
1204462,327,598,389
1204478,322,537,390
1204493,317,574,389
1204509,322,498,386
1204525,319,517,391
1204541,314,323,392
1204557,318,449,392
1204573,312,374,389
1204588,320,390,390
1204604,317,624,388
1204620,312,623,399
1204636,317,610,392
1204652,315,238,386
1204667,326,276,395
1204683,318,263,388
1204699,323,466,391
1204715,322,627,386
1204731,317,442,392
1204747,310,400,385
1204762,317,250,395
1204778,311,314,388
1204794,308,536,397
1204810,313,362,393
1204826,316,621,387
1204842,332,378,389
1204857,330,600,398
1204873,335,618,390
1204889,315,618,390
1204905,326,490,385
1204921,310,282,387
1204936,311,342,392
1204952,312,389,383
1204968,316,468,389
1204984,327,399,400
1205000,310,598,391
1205016,320,529,396
1205031,314,258,386
1205047,314,292,390
1205063,315,530,391
1205079,323,555,392
1205095,315,261,382
1205110,320,249,386
1205126,330,313,390
1205142,326,291,393
1205158,328,413,386
1205174,315,265,392
1205190,307,531,387
1205205,324,600,386
1205221,314,407,391
1205237,321,406,387
1205253,308,424,392
1205269,305,583,388
1205284,318,310,385
1205300,318,409,391
1205316,320,263,384
1205332,316,330,389
1205348,318,338,385
1205364,314,281,381
1205379,328,369,389
1205395,320,321,393
1205411,318,439,391
1205427,318,618,390
1205443,320,518,389
1205458,328,264,393
1205474,323,282,386
1205490,317,343,391
1205506,325,268,383
1205522,325,348,388
1205538,317,283,388
1205553,332,521,391
1205569,315,613,387
1205585,329,614,387
1205601,331,526,388
1205617,315,299,388
1205632,336,260,391
1205648,318,307,387
1205664,327,598,388
1205680,315,350,386
1205696,336,343,385
1205712,328,487,384
1205727,320,572,389
1205743,327,316,392
1205759,316,411,386
1205775,320,319,388
1205791,331,514,390
1205806,320,264,392
1205822,314,268,385
1205838,306,306,392
1205854,327,592,389
1205870,319,317,387
1205886,318,466,391
1205901,313,271,387
1205917,312,369,392
1205933,308,404,388
1205949,330,503,392
1205965,312,395,385
1205981,319,606,388
1205996,326,623,399
1206012,313,277,390
1206028,320,460,392
1206044,324,560,394
1206060,317,615,390
1206075,324,318,390
1206091,318,305,388
1206107,329,467,391
1206123,314,629,390
1206139,319,332,394
1206155,305,306,388
1206170,312,411,392
1206186,320,287,384
1206202,320,477,392
1206218,315,341,395
1206234,324,534,394
1206249,318,359,387
1206265,319,292,390
1206281,328,465,399
1206297,325,263,388
1206313,324,272,390
1206329,320,433,388
1206344,318,454,389
1206360,318,273,393
1206376,320,261,389
1206392,320,625,388
1206408,315,381,390
1206423,324,568,388
1206439,332,261,392
1206455,308,292,383
1206471,324,400,383
1206487,318,506,394
1206503,311,296,388
1206518,321,305,396
1206534,321,268,387
1206550,323,273,382
1206566,325,347,390
1206582,313,469,396
1206597,313,443,389
1206613,323,307,388
1206629,309,253,388
1206645,328,441,393
1206661,324,403,392
1206677,303,280,389
1206692,310,472,391
1206708,333,405,387
1206724,328,557,390
1206740,325,279,385
1206756,312,594,387
1206771,304,596,390
1206787,314,428,393
1206803,324,309,392
1206819,313,294,389
1206835,298,539,402
1206851,316,268,397
1206866,315,308,395
1206882,303,536,400
1206898,315,265,405
1206914,307,366,392
1206930,321,449,393
1206946,313,547,400
1206961,307,569,399
1206977,310,603,392
1206993,320,604,401
1207009,338,295,400
1207025,333,288,393
1207040,320,404,392
1207056,329,476,391
1207072,343,365,391
1207088,321,340,388
1207104,319,468,397
1207120,324,448,391
1207135,325,525,393
1207151,318,279,393
1207167,313,277,392
1207183,326,401,378
1207199,333,310,400
1207214,328,591,402
1207230,327,575,396
1207246,315,499,390
1207262,324,317,389
1207278,328,293,386
1207294,323,354,389
1207309,325,522,390
1207325,330,486,394
1207341,332,506,390
1207357,320,453,393
1207373,315,616,390
1207388,311,329,393
1207404,324,394,389
1207420,320,615,392
1207436,317,288,392
1207452,326,489,394
1207468,321,346,394
1207483,318,390,389
1207499,334,262,400
1207515,341,389,395
1207531,337,568,393
1207547,326,288,392
1207562,318,635,389
1207578,310,602,395
1207594,343,549,390
1207610,338,256,387
1207626,309,293,396
1207642,315,325,390
1207657,319,524,391
1207673,312,274,392
1207689,315,279,395
1207705,338,279,388
1216237,2,405
1216247,318,501,407
1216257,320,396,409
1216267,311,585,411
1216277,323,368,405
1216287,319,376,405
1216297,316,277,409
1216307,336,281,405
1216317,331,553,404
1216328,319,537,405
1216338,323,631,404
1216348,318,306,407
1216358,331,475,410
1216368,322,360,406
1216378,313,315,410
1216388,312,272,410
1216398,318,281,409
1216408,328,547,412
1216418,316,277,405
1216428,320,286,407
1216438,323,282,410
1216448,332,375,414
1216458,307,321,411
1216468,314,318,410
1216478,322,443,412
1216488,316,268,412
1216498,316,343,412
1216508,329,333,410
1216518,336,335,417
1216528,321,390,411
1216538,321,336,411
1216548,311,297,417
1216558,316,441,414
1216568,322,270,418
1216578,319,270,416
1216588,322,607,422
1216598,318,588,416
1216608,329,426,416
1216618,329,278,415
1216628,320,334,414
1216638,335,332,402
1216648,340,327,419
1216658,329,281,415
1216668,329,407,418
1216678,329,644,416
1216688,322,289,412
1216698,317,457,414
1216708,313,277,413
1216718,318,280,416
1216728,329,647,417
1216738,325,286,418
1216748,336,506,420
1216758,321,305,412
1216770,327,287,410
1216785,333,350,412
1216801,325,481,419
1216817,321,617,417
1216833,325,285,411
1216849,324,280,414
1216865,324,296,411
1216880,319,278,407
1216896,320,295,415
1216912,325,314,412
1216928,319,463,410
1216944,322,289,410
1216959,321,288,410
1216975,330,382,411
1216991,320,277,414
1217007,318,389,413
1217023,323,289,406
1217039,327,313,414
1217054,326,281,412
1217070,326,281,409
1217086,337,293,407
1217102,334,321,409
1217118,330,403,407
1217133,325,315,414
1217149,324,290,408
1217165,326,302,412
1217181,327,317,407
1217197,326,305,414
1217213,333,631,412
1217228,332,482,412
1217244,333,285,409
1217260,332,289,413
1217276,335,340,409
1217292,335,425,411
1217308,323,266,408
1217323,334,282,414
1217339,340,286,407
1217355,334,390,408
1217371,333,415,407
1217387,329,632,407
1217402,326,552,408
1217418,340,294,413
1217434,339,298,402
1217450,342,529,405
1217466,324,398,409
1217482,331,308,407
1217497,336,336,407
1217513,326,623,406
1217529,326,431,405
1217545,335,467,411
1217561,326,643,407
1217576,336,610,408
1217592,345,641,409
1217608,326,303,407
1217624,313,595,404
1217640,329,524,406
1217656,331,284,407
1217671,336,288,404
1217687,336,294,406
1217703,339,342,406
1217719,331,290,403
1217735,330,297,399
1217750,339,622,408
1217766,336,345,405
1217782,330,291,400
1217798,330,346,409
1217814,342,357,405
1217830,326,515,404
1217846,334,289,405
1217861,350,310,412
1217877,330,291,405
1217893,346,304,403
1217909,337,406,405
1217924,346,316,401
1217940,341,447,401
1217956,341,369,401
1217972,342,474,406
1217988,340,548,410
1218004,333,290,400
1218019,340,343,402
1218035,342,295,402
1218051,338,526,402
1218067,337,307,408
1218083,341,494,405
1218098,335,473,395
1218114,328,291,394
1218130,353,401,399
1218146,334,296,389
1218162,336,341,405
1218178,341,297,395
1218193,336,287,399
1218209,335,295,395
1218225,334,290,393
1218241,331,290,400
1218257,335,457,401
1218272,343,401,398
1218288,341,283,398
1218304,338,292,396
1218320,314,292,402
1218336,333,407,396
1218352,314,287,395
1218367,338,298,398
1218383,334,285,397
1218399,338,512,396
1218415,335,379,390
1218431,336,596,412
1218446,334,277,407
1218462,335,482,423
1218478,343,514,401
1218494,346,362,414
1218510,340,336,404
1218526,344,442,407
1218541,335,281,407
1218557,339,494,403
1218573,349,471,413
1218589,362,300,403
1218605,369,313,406
1218620,356,312,404
1218636,345,347,401
1218652,347,661,401
1218668,352,299,399
1218684,353,441,403
1218700,347,490,395
1218715,361,314,394
1218731,340,317,398
1218747,325,293,391
1218763,355,301,396
1218779,337,518,416
1218795,329,346,418
1218810,344,301,408
1218826,335,314,414
1218842,331,287,406
1218858,329,302,408
1218874,342,329,411
1218889,334,597,407
1218905,341,535,406
1218921,323,291,412
1218937,317,424,411
1218953,329,302,411
1218969,331,296,414
1218984,336,401,410
1219000,337,294,408
1219016,392,520,416
1219032,334,423,403
1219048,347,290,405
1219063,347,518,405
1219079,347,293,404
1219095,337,291,399
1219111,325,524,402
1219127,340,441,406
1219143,352,287,400
1219158,345,323,403
1219174,336,441,410
1219190,338,322,391
1219206,348,283,407
1219222,350,290,390
1219237,343,510,402
1219253,343,591,402
1219269,332,519,394
1219285,346,288,393
1219301,340,575,399
1219317,333,306,401
1219332,344,501,403
1219348,340,386,401
1219364,350,478,404
1219380,349,279,404
1219396,345,281,403
1219411,342,348,400
1219427,346,493,408
1219443,350,266,403
1219459,339,597,403
1219475,344,296,399
1219491,342,280,401
1219506,351,633,406
1219522,348,550,396
1219538,343,266,399
1219554,340,283,397
1219570,336,306,401
1219585,350,299,396
1219601,347,288,399
1219617,348,618,402
1219633,357,555,398
1219649,354,584,396
1219665,359,537,399
1219680,345,479,395
1219696,348,579,396
1219712,349,281,401
1219728,351,302,400
1219744,355,277,404
1219760,360,486,399
1219775,361,423,397
1219791,349,592,393
1219807,351,277,390
1219823,357,459,400
1219839,350,277,399
1219854,352,601,401
1219870,345,280,395
1219886,364,286,390
1219902,351,505,395
1219918,355,260,398
1219934,353,273,398
1219949,355,526,395
1219965,352,280,389
1219981,356,296,398
1219997,359,617,395
1220013,363,553,391
1220028,358,342,391
1220044,349,509,395
1220060,356,537,393
1220076,355,552,391
1220092,362,296,398
1220108,363,294,394
1220123,354,291,386
1220139,355,357,394
1220155,359,303,392
1220171,365,300,391
1220187,369,349,394
1220203,364,355,393
1220218,359,565,388
1220234,360,298,387
1220250,361,284,395
1220266,364,534,391
1220282,357,531,392
1220297,359,327,388
1220313,363,491,385
1220329,361,454,386
1220345,363,296,390
1220361,370,581,394
1220377,364,313,389
1220392,361,342,380
1220408,360,400,394
1220424,367,517,396
1220440,361,313,388
1220456,355,552,398
1220471,355,316,385
1220487,347,314,388
1220503,360,317,392
1220519,353,312,389
1220535,354,315,383
1220551,348,543,386
1220566,360,304,393
1220582,364,358,392
1220598,359,526,387
1220614,352,539,386
1220630,357,407,390
1220645,363,296,396
1220661,347,310,388
1220677,363,317,389
1220693,356,313,389
1220709,366,506,393
1220725,351,381,403
1220740,363,509,394
1220756,365,302,400
1220772,363,305,400
1220788,362,512,397
1220804,353,293,390
1220819,350,316,391
1220835,358,613,392
1220851,356,375,400
1220867,363,395,395
1220883,366,318,394
1220899,351,339,392
1220914,353,425,391
1220930,373,468,393
1220946,378,369,392
1220962,363,329,394
1220978,363,605,391
1220993,357,345,391
1221009,357,575,388
1221025,363,332,398
1221041,374,357,396
1221057,357,476,393
1221073,354,327,394
1221088,346,330,398
1221104,351,322,404
1221120,360,340,397
1221136,363,367,412
1221152,354,382,395
1221168,345,330,392
1221183,353,479,396
1221199,357,323,391
1221215,352,340,392
1221231,361,513,393
1221247,358,322,397
1221262,358,331,392
1221278,355,368,394
1221294,350,337,400
1221310,359,323,399
1221326,358,333,390
1221342,351,342,396
1221357,363,614,391
1221373,348,479,388
1221389,357,443,393
1221405,351,623,390
1221421,340,334,389
1221436,353,520,392
1221452,338,319,383
1221468,333,426,386
1221484,348,466,387
1221500,335,339,387
1221516,342,596,392
1221531,362,398,390
1221547,358,330,395
1221563,337,338,389
1221579,339,308,393
1221595,357,329,402
1221610,337,323,410
1221626,344,330,391
1221642,344,511,407
1221658,344,349,398
1221674,343,379,410
1221690,350,329,408
1221705,348,574,405
1221721,350,582,398
1221737,348,339,400
1221753,345,334,404
1221769,348,347,401
1221784,355,339,401
1221800,353,362,403
1221816,357,343,392
1221832,363,356,392
1221848,351,343,394
1221864,353,350,395
1221879,354,385,393
1221895,351,345,393
1221911,349,340,398
1221927,354,351,403
1221943,336,340,395
1221958,336,338,393
1221974,338,343,398
1221990,334,347,402
1222006,344,342,396
1222022,351,334,394
1222038,342,342,391
1222053,335,338,395
1222069,335,354,391
1222085,332,331,395
1222101,333,452,393
1222117,343,351,400
1222132,340,344,400
1222148,350,355,391
1222164,343,365,390
1222180,344,322,396
1222196,347,335,393
1222212,351,428,390
1222227,339,327,394
1222243,348,316,394
1222259,342,321,394
1222275,342,578,389
1222291,346,331,385
1222306,344,314,389
1222322,337,408,397
1222338,348,322,391
1222354,338,504,396
1222370,333,448,397
1222386,335,313,400
1222401,345,360,398
1222417,349,600,399
1222433,343,313,396
1222449,329,323,391
1222465,329,319,389
1222480,342,425,384
1222496,348,328,387
1222512,352,324,393
1222528,357,345,385
1222544,351,333,379
1222560,350,335,380
1222575,333,330,383
1222591,351,336,383
1222607,345,347,381
1222623,342,324,385
1222639,337,337,379
1222654,335,310,380
1222670,336,340,386
1222686,343,331,388
1222702,340,317,391
1222718,334,344,392
1222734,351,420,391
1222749,345,332,391
1222765,350,327,382
1222781,349,319,390
1222797,342,332,382
1222813,341,461,395
1222828,345,302,385
1222844,329,459,382
1222860,344,325,396
1222876,347,332,382
1222892,340,326,386
1222908,354,326,386
1222923,341,582,386
1222939,346,317,385
1222955,356,310,381
1222971,345,303,384
1222987,331,317,386
1223002,324,316,381
1223018,322,312,389
1223034,332,320,394
1223050,335,585,400
1223066,337,314,397
1223082,327,620,395
1223097,333,323,395
1223113,327,409,390
1223129,342,321,392
1223145,339,316,393
1223161,330,382,392
1223176,337,512,388
1223192,359,338,391
1223208,354,554,387
1223224,339,465,391
1223240,353,343,390
1223256,356,353,396
1223271,354,349,389
1223287,355,527,393
1223303,352,373,389
1223319,352,359,398
1223335,355,363,384
1223351,356,351,378
1223366,347,462,386
1223382,338,417,396
1223398,336,353,399
1223414,336,339,393
1223430,335,514,395
1223445,329,574,393
1223461,323,523,392
1223477,339,350,394
1223493,340,594,393
1223509,347,582,389
1223525,342,517,393
1223540,340,353,395
1223556,332,349,390
1223572,328,377,396
1223588,333,367,398
1223604,349,361,390
1223619,346,579,389
1223635,340,365,384
1223651,342,563,393
1223667,352,370,390
1223683,334,420,390
1223699,343,383,397
1223714,345,373,387
1223730,333,489,395
1223746,344,385,394
1223762,333,526,396
1223778,345,581,398
1223794,346,394,394
1223809,342,554,393
1223825,348,373,388
1223841,361,380,397
1223857,351,390,398
1223873,355,385,385
1223888,343,416,390
1223904,352,383,388
1223920,351,396,395
1223936,345,438,390
1223952,361,425,399
1223968,346,381,401
1223983,347,383,392
1223999,350,385,392
1224015,361,538,393
1224031,323,429,386
1224047,337,550,396
1224062,323,401,402
1224078,340,461,410
1224094,354,379,405
1224110,352,378,406
1224126,354,368,408
1224142,353,574,400
1224157,346,573,401
1224173,351,369,400
1224189,349,371,404
1224205,355,391,399
1224221,367,592,392
1224237,345,378,397
1224252,335,381,394
1224268,360,362,397
1224284,346,367,385
1224300,349,400,394
1224316,341,390,396
1224331,350,354,397
1224347,341,345,399
1224363,334,373,400
1224379,353,379,411
1224395,353,569,411
1224411,359,388,410
1224426,349,370,405
1224442,350,370,411
1224458,336,368,410
1224474,338,368,409
1224490,339,370,410
1224505,345,365,412
1224521,344,474,404
1224537,337,482,406
1224553,345,360,410
1224569,345,568,410
1224585,355,368,403
1224600,351,438,387
1226813,00
1252691,6
1252701,255,500,293
1252711,235,498,301
1252721,251,499,298
1252731,251,500,303
1252741,247,497,291
1252751,261,489,318
1252761,234,504,303
1252771,237,500,305
1252781,244,494,299
1252791,229,500,309
1252801,234,499,317
1252811,220,507,313
1252821,236,497,305
1252831,257,499,299
1252841,264,507,303
1252851,257,502,307
1252861,257,500,305
1252871,230,502,302
1252881,215,500,307
1252891,235,501,297
1252901,296,503,293
1252911,257,516,295
1252921,217,506,297
1252931,598,502,300
1252941,226,504,306
1252951,222,507,293
1252961,278,504,284
1252971,251,502,284
1252981,248,503,305
1252991,232,502,317
1253001,222,502,305
1253011,229,502,293
1253021,244,504,303
1253031,245,504,293
1253041,235,518,301
1253051,224,511,289
1253061,244,518,298
1253071,242,504,294
1253081,337,517,298
1253091,234,503,293
1253101,251,503,291
1253111,237,507,299
1253121,221,504,293
1253131,250,506,290
1253141,256,506,303
1253151,233,504,311
1253161,260,502,288
1253171,239,505,291
1253181,257,506,294
1253191,202,515,301
1253201,257,511,292
1253211,227,519,284
1253221,241,504,299
1253232,243,514,305
1253248,249,507,298
1253264,245,504,299
1253280,223,505,294
1253296,221,505,294
1253311,233,504,301
1253327,242,501,295
1253343,250,501,309
1253359,227,505,296
1253375,224,516,302
1253391,254,512,297
1253406,254,501,300
1253422,241,508,310
1253438,288,512,309
1253454,252,507,304
1253470,236,505,309
1253485,275,495,293
1253501,268,506,291
1253517,247,510,294
1253533,241,511,293
1253549,242,510,297
1253565,235,507,301
1253580,224,508,300
1253596,260,508,297
1253612,226,507,310
1253628,234,507,301
1253644,263,511,316
1253659,236,509,299
1253675,261,512,299
1253691,215,508,297
1253707,231,508,291
1253723,232,506,298
1253739,246,508,287
1253754,234,508,301
1253770,259,507,292
1253786,224,507,287
1253802,249,507,293
1253818,240,507,281
1253834,238,507,297
1253849,206,506,285
1253865,246,507,302
1253881,245,508,289
1253897,239,507,290
1253913,222,509,298
1253928,229,508,293
1253944,235,508,298
1253960,250,513,291
1253976,230,516,289
1253992,276,503,298
1254008,266,512,292
1254023,238,507,295
1254039,251,514,285
1254055,245,505,280
1254071,261,503,285
1254087,401,506,287
1254102,267,506,289
1254118,239,503,279
1254134,252,499,294
1254150,229,506,291
1254166,240,506,280
1254182,245,506,292
1254197,235,502,280
1254213,228,506,287
1254229,236,505,289
1254245,245,505,283
1254261,270,504,294
1254277,239,505,285
1254292,218,507,288
1254308,247,506,292
1254324,243,506,286
1254340,227,506,285
1254356,239,505,273
1254371,237,504,268
1254387,237,507,281
1254403,240,505,290
1254419,196,507,296
1254435,227,507,280
1254451,249,506,276
1254466,224,503,288
1254482,227,503,289
1254498,233,507,284
1254514,241,508,285
1254530,211,509,283
1254545,318,508,282
1254561,222,509,279
1254577,240,508,280
1254593,272,509,299
1254609,273,509,282
1254625,250,509,282
1254640,244,510,302
1254656,253,505,279
1254672,232,509,258
1254688,228,505,271
1254704,245,508,294
1254719,206,514,282
1254735,237,515,271
1254751,246,506,273
1254767,252,510,290
1254783,273,511,272
1254799,235,510,298
1254814,231,509,282
1254830,214,510,286
1254846,229,510,269
1254862,224,513,279
1254878,252,511,276
1254893,212,510,290
1254909,217,513,290
1254925,227,511,279
1254941,199,508,282
1254957,251,511,290
1254973,237,509,279
1254988,241,512,277
1255004,255,507,273
1255020,233,508,282
1255036,205,509,285
1255052,221,510,282
1255067,210,504,279
1255083,217,502,278
1255099,227,509,280
1255115,300,511,295
1255131,219,512,291
1255147,233,511,285
1255162,384,508,283
1255178,251,502,288
1255194,434,505,298
1255210,212,506,286
1255226,209,505,282
1255241,247,509,270
1255257,219,499,298
1255273,237,509,299
1255289,198,507,270
1255305,223,502,293
1255321,223,503,283
1255336,215,505,289
1255352,214,499,292
1255368,185,499,288
1255384,218,497,301
1255400,226,499,288
1255415,232,493,294
1255431,222,510,284
1255447,210,492,291
1255463,227,490,295
1255479,204,494,290
1255495,197,507,288
1255510,214,492,292
1255526,243,493,289
1255542,213,495,295
1255558,222,500,291
1255574,323,505,291
1255589,197,496,282
1255605,202,494,280
1255621,251,494,288
1255637,235,494,295
1255653,233,508,276
1255669,249,510,276
1255684,221,490,289
1255700,232,497,285
1255716,270,493,280
1255732,273,492,296
1255748,232,504,314
1255763,245,504,295
1255779,269,514,305
1255795,239,519,314
1255811,280,493,278
1255827,358,492,297
1255843,245,493,302
1255858,313,492,290
1255874,294,491,288
1255890,261,492,280
1255906,372,494,287
1255922,246,492,279
1255938,276,492,275
1255953,190,491,276
1255969,229,494,280
1255985,310,491,286
1256001,338,495,283
1256017,274,489,298
1256032,219,490,287
1256048,239,499,284
1256064,227,488,283
1256080,236,526,289
1256096,176,491,277
1256112,212,493,285
1256127,682,485,278
1256143,258,489,273
1256159,696,487,272
1256175,496,490,275
1256191,240,496,274
1256206,394,481,271
1256222,308,494,271
1256238,226,488,261
1256254,236,524,264
1256270,232,487,272
1256286,223,494,288
1256301,251,487,278
1256317,233,491,270
1256333,239,491,297
1256349,229,486,288
1256365,222,487,282
1256380,272,487,293
1256396,235,488,276
1256412,256,493,297
1256428,232,486,264
1256444,207,497,280
1256460,324,485,275
1256475,223,495,257
1256491,218,502,260
1256507,229,484,277
1256523,240,505,278
1256539,213,487,266
1256554,238,487,282
1256570,240,503,273
1256586,230,496,280
1256602,216,507,287
1256618,239,502,274
1256634,205,509,280
1256649,227,502,302
1256665,236,502,265
1256681,219,506,295
1256697,189,504,270
1256713,226,522,264
1256728,217,499,285
1256744,204,502,260
1256760,366,494,261
1256776,223,520,258
1256792,211,492,260
1256808,280,495,260
1256823,507,488,252
1256839,355,512,260
1256855,201,502,279
1256871,197,507,269
1256887,214,497,278
1256902,212,503,271
1256918,195,497,276
1256934,226,495,261
1256950,195,506,286
1256966,217,502,274
1256982,242,510,267
1256997,191,505,256
1257013,190,500,280
1257029,252,499,292
1257045,251,500,266
1257061,191,502,281
1257077,234,499,272
1257092,218,499,284
1257108,243,500,281
1257124,216,519,279
1257140,257,513,273
1257156,220,497,262
1257171,226,498,273
1257187,225,496,278
1257203,179,499,274
1257219,261,495,272
1257235,215,497,269
1257251,226,497,265
1257266,208,498,266
1257282,259,513,292
1257298,198,494,272
1257314,189,495,280
1257330,213,496,282
1257345,213,499,281
1257361,200,496,268
1257377,200,515,259
1257393,199,493,284
1257409,650,505,255
1257424,462,523,275
1257440,587,516,251
1257456,338,515,277
1257472,220,495,265
1257488,214,495,265
1257504,220,495,270
1257519,237,495,267
1257535,210,505,272
1257551,224,502,276
1257567,236,512,265
1257583,188,494,277
1257599,634,497,265
1257614,198,497,250
1257630,214,501,278
1257646,250,497,255
1257662,240,496,262
1257678,238,519,275
1257693,214,494,268
1257709,193,495,284
1257725,212,503,281
1257741,255,515,275
1257757,224,494,262
1257772,231,492,282
1257788,258,495,271
1257804,232,497,267
1257820,215,525,283
1257836,282,500,265
1257852,207,493,254
1257867,204,506,263
1257883,661,502,266
1257899,178,493,266
1257915,210,494,253
1257931,223,494,270
1257946,201,493,264
1257962,197,521,256
1257978,391,489,259
1257994,218,524,248
1258010,224,492,254
1258026,208,520,271
1258041,223,522,267
1258057,215,489,266
1258073,211,517,266
1258089,311,517,274
1258105,208,490,275
1258121,204,528,288
1258136,215,491,264
1258152,216,507,250
1258168,226,497,262
1258184,406,492,252
1258200,212,494,260
1258215,211,503,259
1258231,215,496,259
1258247,225,491,253
1258263,221,495,269
1258279,230,484,242
1258295,252,520,260
1258310,199,492,256
1258326,360,493,247
1258342,212,505,250
1258358,218,498,271
1258374,291,511,268
1258389,226,491,250
1258405,225,492,279
1258421,233,490,258
1258437,236,488,261
1258453,222,502,258
1258469,239,489,253
1258484,225,489,255
1258500,217,487,252
1258516,211,486,274
1258532,205,486,273
1258548,457,486,253
1258563,229,498,256
1258579,321,485,253
1258595,213,488,232
1258611,211,489,264
1258627,229,487,255
1258643,302,487,256
1258658,219,531,245
1258674,213,516,250
1258690,268,493,258
1258706,219,500,264
1258722,221,491,254
1258737,196,489,264
1258753,197,489,264
1258769,203,492,264
1258785,237,495,252
1258801,210,517,246
1258817,205,505,250
1258832,272,496,237
1258848,234,499,244
1258864,256,490,254
1258880,222,491,241
1258896,220,491,253
1258911,225,491,227
1258927,241,493,246
1258943,220,497,251
1258959,197,506,244
1258975,242,493,257
1258991,201,521,259
1259006,204,493,245
1259022,237,494,257
1259038,219,499,240
1259054,226,493,254
1259070,213,501,251
1259085,207,492,255
1259101,274,522,266
1259117,321,510,226
1259133,225,498,241
1259149,246,494,253
1259165,195,494,241
1259180,191,513,258
1259196,213,489,247
1259212,217,490,253
1259228,216,491,262
1259244,203,499,247
1259259,228,504,256
1259275,205,516,236
1259291,210,487,222
1259307,232,493,239
1259323,222,491,252
1259339,237,499,216
1259354,306,487,258
1259370,235,491,239
1259386,213,518,256
1259402,222,492,263
1259418,217,508,244
1259433,225,491,235
1259449,223,502,245
1259465,216,500,241
1259481,200,500,260
1259497,207,490,254
1259513,214,485,238
1259528,657,525,237
1259544,424,512,232
1259560,364,488,229
1259576,230,489,243
1259592,569,491,239
1259607,205,491,243
1259623,240,492,235
1259639,227,496,234
1259655,289,504,238
1259671,225,490,247
1259686,225,491,234
1259702,246,497,240
1259718,251,490,243
1259734,232,490,245
1259750,200,494,235
1259766,312,528,245
1259781,254,493,229
1259797,663,501,220
1259813,303,499,264
1259829,236,498,246
1259845,228,497,257
1259861,631,498,252
1259876,200,499,232
1259892,239,501,251
1259908,209,515,251
1259924,330,501,251
1259940,225,499,251
1259955,216,500,250
1259971,303,507,236
1259987,208,515,240
1260003,217,502,256
1260019,208,502,230
1260035,241,502,247
1260050,215,502,230
1260066,224,502,240
1260082,313,504,251
1260098,224,503,224
1260114,204,504,224
1260129,242,505,231
1260145,206,507,224
1260161,194,506,239
1260177,198,508,224
1260193,226,507,224
1260208,678,508,244
1260224,213,508,233
1260240,234,509,242
1260256,305,509,232
1260272,200,510,227
1260288,256,509,233
1260303,210,510,237
1260319,247,509,254
1260335,208,509,236
1260351,233,510,238
1260367,302,510,235
1260382,220,509,228
1260398,226,510,229
1260414,230,510,233
1260430,269,510,243
1260446,228,510,241
1260462,247,511,226
1260477,176,510,233
1260493,223,511,245
1260509,228,510,233
1260525,534,510,237
1260541,197,510,228
1260557,209,511,242
1260572,237,510,233
1260588,422,510,239
1260604,202,510,225
1260620,321,510,240
1260636,463,509,239
1260651,251,509,231
1260667,224,509,224
1260683,221,510,241
1260699,207,510,215
1260715,194,510,226
1260731,454,510,235
1260746,203,510,218
1260762,218,509,238
1260778,228,509,230
1260794,618,509,244
1260810,230,509,251
1260825,253,508,228
1260841,225,508,231
1260857,225,509,244
1260873,212,508,239
1260889,213,509,229
1260905,195,508,237
1260920,236,508,234
1260936,234,509,245
1260952,308,508,246
1260968,203,508,244
1260984,223,508,220
1260999,568,508,226
1261015,192,508,250
1261031,217,508,229
1261047,175,507,203
1415079,11,264
1415411,500,228
1415421,207,374,254
1415431,344,430,241
1415441,302,426,223
1415451,210,558,228
1415461,210,389,235
1415471,223,377,238
1415481,479,451,243
1415491,237,373,243
1415501,226,483,251
1415511,219,523,233
1415521,304,447,239
1415532,618,563,256
1415542,280,436,231
1415552,194,373,229
1415562,198,374,225
1415572,215,447,221
1415582,265,558,237
1415592,303,538,230
1415602,265,471,262
1415612,254,469,232
1415622,237,362,234
1415632,262,372,258
1415642,240,434,254
1415652,217,369,258
1415662,215,421,252
1415672,268,385,238
1415682,218,576,238
1415692,225,510,228
1415702,604,462,236
1415712,220,372,233
1415722,246,374,229
1415732,191,361,237
1415742,219,475,247
1415752,418,417,229
1415762,202,483,233
1415772,224,449,232
1415782,335,452,257
1415792,190,369,236
1415802,198,393,235
1415812,211,552,245
1415822,216,362,247
1415832,237,371,233
1415842,274,490,222
1415852,193,365,235
1415862,415,434,232
1415872,249,454,239
1415882,214,583,237
1415892,211,372,225
1415902,210,544,226
1415912,224,366,224
1415922,243,377,241
1415932,237,379,240
1415942,235,496,251
1415957,217,369,238
1415973,214,488,247
1415988,227,486,240
1416004,227,427,252
1416020,234,509,247
1416036,241,417,250
1416052,239,387,245
1416068,253,597,230
1416083,212,396,248
1416099,215,472,234
1416115,390,387,246
1416131,230,516,241
1416147,246,381,251
1416162,224,385,243
1416178,232,374,235
1416194,243,394,252
1416210,323,501,235
1416226,197,362,242
1416242,226,557,253
1416257,207,364,224
1416273,230,372,223
1416289,530,402,234
1416305,659,468,236
1416321,223,419,218
1416336,234,360,231
1416352,227,395,239
1416368,205,472,251
1416384,303,376,240
1416400,556,585,260
1416416,238,363,242
1416431,241,397,240
1416447,224,386,224
1416463,211,505,234
1416479,225,501,241
1416495,226,372,254
1416511,224,392,242
1416526,265,427,225
1416542,239,366,229
1416558,213,480,232
1416574,247,540,233
1416590,215,586,244
1416605,225,365,246
1416621,216,367,238
1416637,234,365,245
1416653,210,424,258
1416669,227,415,238
1416684,628,473,228
1416700,264,407,264
1416716,373,414,256
1416732,184,356,250
1416748,246,463,243
1416764,219,554,234
1416779,247,366,248
1416795,238,436,244
1416811,227,371,240
1416827,232,430,256
1416843,361,370,231
1416858,213,417,240
1416874,503,376,241
1416890,233,363,224
1416906,196,366,242
1416922,418,366,234
1416938,232,362,228
1416953,630,508,233
1416969,656,426,238
1416985,218,469,240
1417001,231,437,253
1417017,273,443,227
1417032,214,370,220
1417048,246,378,251
1417064,356,365,234
1417080,206,368,230
1417096,231,374,239
1417112,213,367,231
1417127,342,405,242
1417143,212,595,238
1417159,234,414,259
1417175,234,362,232
1417191,218,439,239
1417206,223,499,246
1417222,209,562,246
1417238,203,366,243
1417254,219,567,228
1417270,214,476,238
1417286,199,456,243
1417301,434,383,238
1417317,218,540,248
1417333,211,420,243
1417349,268,456,250
1417365,222,377,253
1417380,221,361,241
1417396,231,426,255
1417412,235,568,239
1417428,211,577,220
1417444,555,397,229
1417460,221,370,224
1417475,216,534,237
1417491,266,365,240
1417507,272,433,248
1417523,457,374,244
1417539,632,370,243
1417554,239,369,243
1417570,276,520,241
1417586,253,560,240
1417602,249,387,239
1417618,214,371,237
1417634,204,365,227
1417649,219,377,237
1417665,211,428,243
1417681,226,412,234
1417697,578,370,257
1417713,450,433,240
1417729,228,554,244
1417744,247,597,241
1417760,391,410,232
1417776,208,365,241
1417792,222,401,242
1417808,220,550,247
1417823,219,457,249
1417839,192,467,230
1417855,207,390,242
1417871,221,523,255
1417887,215,513,234
1417902,238,569,232
1417918,231,393,237
1417934,209,557,228
1417950,224,372,235
1417966,241,463,230
1417982,221,371,217
1417997,223,552,229
1418013,254,364,234
1418029,222,371,243
1418045,219,370,256
1418061,225,375,256
1418076,234,368,221
1418092,205,374,226
1418108,674,369,247
1418124,670,480,228
1418140,254,369,232
1418156,215,380,244
1418171,220,576,238
1418187,219,382,250
1418203,228,538,236
1418219,227,368,234
1418235,567,370,243
1418250,202,420,248
1418266,229,487,254
1418282,233,581,256
1418298,211,446,237
1418314,229,476,238
1418330,258,596,246
1418345,221,365,246
1418361,201,407,240
1418377,257,428,264
1418393,677,601,249
1418409,342,455,251
1418424,267,534,235
1418440,212,354,234
1418456,208,387,246
1418472,223,373,239
1418488,206,371,246
1418504,228,469,237
1418519,227,364,225
1418535,227,405,232
1418551,248,364,221
1418567,230,468,235
1418583,213,421,219
1418598,214,390,234
1418614,455,382,248
1418630,206,382,236
1418646,241,370,240
1418662,237,592,270
1418678,244,412,271
1418693,220,363,234
1418709,225,375,213
1418725,221,402,244
1418741,473,582,261
1418757,305,419,235
1418772,179,365,241
1418788,210,368,240
1418804,227,496,260
1418820,237,387,249
1418836,358,561,256
1418852,221,399,244
1418867,209,374,251
1418883,218,373,233
1418899,219,371,265
1418915,482,442,234
1418931,217,366,253
1418947,254,575,234
1418962,295,479,250
1418978,240,366,246
1418994,235,371,250
1419010,351,535,239
1419026,329,529,251
1419041,331,540,249
1419057,353,423,236
1419073,224,578,251
1419089,250,533,257
1419105,231,370,236
1419121,221,374,238
1419136,214,518,236
1419152,236,372,247
1419168,243,369,250
1419184,256,395,228
1419200,225,482,239
1419215,211,376,236
1419231,214,421,235
1419247,230,372,234
1419263,222,428,243
1419279,274,452,240
1419295,279,427,250
1419310,196,451,246
1419326,209,367,243
1419342,219,501,256
1419358,192,374,243
1419374,227,377,238
1419389,236,380,246
1419405,315,407,253
1419421,259,518,240
1419437,683,444,247
1419453,476,495,250
1419468,675,375,239
1419484,210,375,236
1419500,217,419,236
1419516,229,550,238
1419532,234,536,227
1419548,215,422,236
1419563,223,424,252
1419579,249,373,256
1419595,366,371,236
1419611,258,393,234
1419627,224,439,241
1419643,238,586,256
1419658,216,459,246
1419674,236,461,236
1419690,228,377,237
1419706,214,487,230
1419722,243,380,266
1419737,226,376,246
1419753,682,394,239
1419769,231,373,232
1419785,269,460,250
1419801,218,380,249
1419817,218,388,267
1419832,216,386,250
1419848,256,426,254
1419864,201,374,215
1419880,233,379,241
1419896,262,378,236
1419911,229,382,246
1419927,372,601,249
1419943,249,384,249
1419959,227,413,240
1419975,247,387,250
1419991,690,457,232
1420006,662,572,242
1420022,223,378,244
1420038,391,384,258
1420054,327,520,257
1420070,544,415,244
1420085,204,374,234
1420101,234,375,244
1420117,257,381,236
1420133,287,400,241
1420149,416,439,261
1420165,222,370,254
1420180,326,381,237
1420196,208,394,263
1420212,328,525,241
1420228,224,498,224
1420244,243,424,238
1420259,219,441,239
1420275,212,377,260
1420291,238,384,241
1420307,215,443,268
1420323,232,373,252
1420339,681,373,244
1420354,230,543,244
1420370,693,565,260
1420386,206,434,255
1420402,229,409,241
1420418,349,430,260
1420433,311,550,264
1420449,243,577,241
1420465,304,478,251
1420481,501,526,252
1420497,512,519,237
1420513,231,477,257
1420528,222,371,248
1420544,256,524,251
1420560,222,402,239
1420576,219,386,249
1420592,199,452,246
1420607,206,459,265
1420623,220,434,257
1420639,212,376,250
1420655,211,376,241
1420671,366,377,252
1420687,360,395,238
1420702,226,512,245
1420718,234,562,240
1420734,457,571,240
1420750,201,379,252
1420766,240,468,258
1420781,279,432,254
1420797,210,482,243
1420813,237,362,260
1420829,442,431,265
1420845,257,419,252
1420861,244,371,248
1420876,241,421,255
1420892,252,523,243
1420908,219,360,241
1420924,210,383,260
1420940,234,383,247
1420955,218,369,249
1420971,230,377,278
1420987,235,385,266
1421003,195,378,239
1421019,193,426,259
1421035,209,387,239
1421050,235,380,240
1421066,238,380,262
1421082,214,436,248
1421098,211,369,243
1421114,234,383,250
1421129,225,406,235
1421145,208,382,242
1421161,250,378,253
1421177,233,379,249
1421193,233,396,241
1421209,225,398,244
1421224,220,400,240
1421240,284,393,260
1421256,622,440,262
1421272,235,377,254
1421288,207,386,250
1421303,261,537,258
1421319,223,565,247
1421335,217,389,237
1421351,234,523,256
1421367,271,376,248
1421383,223,375,255
1421398,205,385,253
1421414,201,474,264
1421430,523,459,249
1421446,237,385,250
1421462,247,377,254
1421477,235,426,251
1421493,382,505,249
1421509,432,443,246
1421525,209,405,262
1421541,244,519,264
1421557,228,473,234
1421572,243,402,260
1421588,229,378,260
1421604,220,390,264
1421620,221,397,239
1421636,218,378,244
1421651,460,441,252
1421667,298,379,247
1421683,201,385,258
1421699,206,384,257
1421715,237,388,250
1421731,253,382,253
1421746,215,381,249
1421762,256,389,257
1421778,225,502,232
1421794,205,384,227
1421810,240,400,242
1421825,250,381,252
1421841,241,383,267
1421857,668,408,257
1421873,237,515,269
1421889,275,496,272
1421904,230,386,238
1421920,237,564,265
1421936,239,370,263
1421952,228,380,258
1421968,239,375,252
1421984,236,460,250
1421999,232,381,247
1422015,216,519,252
1422031,222,381,257
1422047,225,386,261
1422063,246,437,253
1422079,272,392,246
1422094,246,390,248
1422110,247,405,247
1422126,224,419,269
1422142,240,418,248
1422158,234,395,256
1422173,230,403,250
1422189,213,398,253
1422205,288,388,243
1422221,209,390,244
1422237,407,404,260
1422252,529,399,272
1422268,234,386,253
1422284,316,393,228
1422300,241,402,267
1422316,200,401,256
1422332,240,392,252
1422347,246,456,252
1422363,279,463,249
1422379,276,378,276
1422395,238,483,226
1422411,253,386,259
1422426,254,404,273
1422442,243,463,240
1422458,365,377,256
1422474,176,377,256
1422490,192,454,260
1422506,234,483,258
1422521,220,601,663
1422537,220,567,245
1422553,197,375,248
1422569,193,434,241
1422585,204,376,256
1422600,219,386,255
1422616,181,387,253
1422632,227,407,252
1422648,212,414,238
1422664,304,441,240
1422680,255,398,258
1422695,465,451,253
1422711,208,394,260
1422727,232,388,258
1422743,207,409,273
1422759,199,385,254
1422774,277,380,250
1422790,273,375,246
1422806,221,389,269
1422822,240,396,262
1422838,248,392,255
1422854,311,385,241
1422869,242,441,270
1422885,214,561,255
1422901,648,454,254
1422917,285,422,243
1422933,676,388,275
1422948,229,411,264
1422964,301,410,284
1422980,513,411,261
1422996,202,382,275
1423012,231,399,253
1423028,410,490,268
1423043,197,377,264
1423059,254,474,259
1423075,260,379,277
1423091,248,420,264
1423107,214,449,228
1423122,202,369,250
1423138,221,535,252
1423154,217,495,244
1423170,233,367,268
1423186,251,567,276
1423202,197,373,274
1423217,208,520,261
1423233,207,388,262
1423249,210,395,249
1423265,254,399,264
1423281,215,405,277
1423296,281,406,272
1423312,245,410,260
1423328,575,421,272
1423344,446,501,403
1423360,345,432,260
1423376,249,396,256
1423391,244,401,246
1423407,355,588,253
1423423,188,394,268
1423439,203,395,263
1423455,200,386,280
1423470,230,406,275
1423486,224,390,262
1423502,217,390,261
1423518,222,390,243
1423534,214,398,257
1423550,236,443,247
1423565,241,578,259
1423581,428,418,257
1423597,311,386,245
1423613,217,405,235
1423629,241,402,250
1423644,207,423,268
1423660,243,388,256
1423676,223,397,245
1423692,223,384,256
1423708,189,381,269
1423724,242,384,262
1423739,207,385,264
1423755,249,380,270
1423771,228,398,254
1429312,678,443,246
1429322,632,424,210
1429332,503,422,240
1429342,539,471,239
1429352,551,425,239
1429362,212,433,225
1429372,248,413,239
1429382,410,561,223
1429392,216,435,243
1429403,270,522,265
1429413,328,423,254
1429424,739,454,234
1429434,182,441,240
1429444,633,470,269
1429454,311,426,262
1429464,326,506,223
1429474,167,560,240
1429484,216,412,239
1429494,359,556,231
1429504,335,409,221
1429514,545,415,223
1429524,573,446,259
1429534,472,428,242
1429544,431,429,254
1429554,305,425,231
1429564,444,428,230
1429574,239,430,240
1429584,307,472,249
1429594,638,554,275
1429608,423,481,238
1429624,325,471,301
1429640,236,554,237
1429655,242,425,245
1429671,196,538,247
1429687,219,440,233
1429703,671,500,245
1429719,203,432,235
1429735,249,459,235
1429750,264,412,229
1429766,581,438,231
1429782,741,408,229
1429798,463,435,233
1429814,227,428,248
1429829,534,438,233
1429845,258,465,227
1429861,445,439,223
1429877,447,431,252
1429893,228,433,234
1429909,287,429,243
1429924,229,428,226
1429940,690,432,221
1429956,283,445,246
1429972,466,427,259
1429988,264,478,231
1430003,229,430,237
1430019,207,429,258
1430035,215,474,238
1430051,456,462,268
1430067,184,423,264
1430083,274,428,254
1430098,248,544,225
1430114,297,479,253
1430130,208,436,253
1430146,245,534,240
1430162,176,432,260
1430177,673,431,249
1430193,322,552,649
1430209,189,438,231
1430225,237,531,234
1430241,247,429,222
1430257,339,450,245
1430272,253,427,245
1430288,622,430,235
1430304,369,457,243
1430320,289,438,246
1430336,285,453,240
1430352,260,437,245
1430367,299,460,243
1430383,195,433,541
1430399,525,457,219
1430415,351,439,264
1430431,369,483,246
1430446,265,445,242
1430462,189,416,175
1430478,644,443,255
1430494,171,436,219
1430510,295,437,216
1430525,191,425,227
1430541,190,437,226
1430557,401,424,222
1430573,571,449,211
1430589,305,444,221
1430605,266,460,247
1430620,535,445,235
1430636,319,515,238
1430652,251,428,228
1430668,241,425,222
1430684,334,456,238
1430699,392,440,228
1430715,243,443,233
1430731,418,461,224
1430747,293,472,201
1430763,345,422,198
1430779,399,472,218
1430794,446,445,223
1430810,456,437,240
1430826,217,435,212
1430842,284,448,232
1430858,243,535,240
1430873,190,473,213
1430889,307,453,193
1430905,713,475,230
1430921,287,451,193
1430937,697,516,222
1430953,415,459,230
1430968,431,465,214
1430984,469,453,258
1431000,712,472,187
1431016,374,451,234
1431032,594,446,232
1431048,223,469,223
1431063,624,450,214
1431079,382,530,230
1431095,612,507,223
1431111,256,452,234
1431127,240,469,212
1431142,379,546,214
1431158,434,472,219
1431174,621,463,200
1431190,555,453,230
1431206,344,451,223
1431222,427,505,226
1431237,478,461,211
1431253,636,448,214
1431269,693,450,211
1431285,284,451,221
1431301,672,456,224
1431316,241,545,216
1431332,313,455,226
1431348,229,451,210
1431364,229,512,213
1431380,425,448,220
1431395,422,479,211
1431411,302,458,257
1431427,642,471,215
1431443,347,446,214
1431459,352,451,248
1431475,531,525,222
1431490,296,461,230
1431506,394,460,202
1431522,499,473,214
1431538,404,464,221
1431554,531,462,209
1431569,608,460,197
1431585,481,529,200
1431601,289,462,191
1431617,137,458,199
1431633,437,532,212
1431649,516,488,199
1431664,631,459,208
1431680,377,453,202
1431696,431,476,199
1431712,331,481,181
1431728,559,481,189
1431743,303,459,217
1431759,270,479,334
1431775,422,457,208
1431791,369,455,208
1431807,271,459,215
1431823,651,455,221
1431838,292,480,195
1431854,240,465,176
1431870,639,535,210
1431886,542,473,207
1431902,284,469,198
1431917,356,465,231
1431933,314,468,209
1431949,286,466,206
1431965,375,470,201
1431981,342,452,221
1431997,675,483,201
1432012,267,458,219
1432028,341,465,212
1432044,296,460,202
1432060,693,488,208
1432076,654,461,219
1432091,218,468,213
1432107,493,449,206
1432123,556,478,219
1432139,328,456,212
1432155,337,482,196
1432171,718,485,232
1432186,678,444,220
1432202,688,520,560
1432218,369,473,212
1432234,257,461,236
1432250,563,488,332
1432266,253,454,219
1432281,386,447,208
1432297,644,446,216
1432313,331,450,186
1432329,239,446,183
1432345,499,459,208
1432360,594,498,202
1432376,603,473,173
1432392,360,454,200
1432408,294,519,230
1432424,452,478,208
1432440,632,525,238
1432455,143,496,208
1432471,680,555,198
1432487,406,498,228
1432503,369,534,217
1432519,303,447,201
1432534,588,451,185
1432550,613,482,184
1432566,424,448,144
1432582,585,454,186
1432598,578,490,202
1432614,231,438,191
1432629,365,451,188
1432645,248,458,197
1432661,280,441,187
1432677,198,449,187
1432693,302,446,182
1432708,528,459,192
1432724,651,456,186
1432740,306,460,200
1432756,536,490,195
1432772,204,457,199
1432788,411,440,194
1432803,391,464,180
1432819,265,463,212
1432835,405,466,207
1432851,682,466,182
1432867,320,542,192
1432882,685,462,165
1432898,366,473,160
1432914,346,473,195
1432930,628,456,205
1432946,219,468,221
1432962,498,461,199
1432977,336,466,213
1432993,458,467,192
1433009,252,438,210
1433025,348,446,234
1433041,357,444,203
1433056,390,448,197
1433072,311,482,208
1433088,590,448,211
1433104,344,451,194
1433120,586,485,366
1433136,252,457,195
1433151,226,447,200
1433167,419,452,192
1433183,666,482,168
1433199,359,469,171
1433215,396,469,190
1433230,225,453,187
1433246,581,491,163
1433262,665,457,141
1433278,402,457,194
1433294,636,463,180
1433310,435,480,194
1433325,210,453,192
1433341,685,460,166
1433357,287,445,217
1433373,338,448,180
1433389,291,453,187
1433404,337,471,190
1433420,563,458,175
1433436,214,460,178
1433452,311,459,174
1433468,600,475,156
1433484,508,463,168
1433499,612,453,176
1433515,321,475,171
1433531,538,457,203
1433547,402,529,204
1433563,329,454,179
1433578,510,469,188
1433594,322,458,188
1433610,463,448,206
1433626,270,547,181
1433642,495,516,228
1433658,339,517,177
1433673,316,456,178
1433689,497,456,211
1433705,630,465,189
1433721,444,468,165
1433737,187,465,180
1433752,514,465,173
1433768,664,460,171
1433784,460,459,136
1433800,682,456,196
1433816,425,458,192
1433832,249,452,146
1433847,335,470,163
1433863,196,462,332
1433879,578,448,178
1433895,399,459,171
1433911,407,454,176
1433926,533,463,192
1433942,231,454,177
1433958,523,454,165
1433974,153,453,162
1433990,363,462,163
1434006,695,451,156
1434021,601,461,156
1434037,221,489,157
1434053,354,474,175
1434069,256,451,146
1434085,369,441,150
1434100,375,490,172
1434116,519,487,188
1434132,189,457,175
1434148,426,539,173
1434164,395,458,154
1434180,316,501,191
1434195,386,464,172
1434211,555,460,157
1434227,626,502,533
1434243,639,474,151
1434259,332,473,179
1434274,394,459,157
1434290,360,461,196
1434306,671,469,181
1434322,201,455,162
1434338,384,452,174
1434354,420,443,237
1434369,375,484,139
1434385,290,528,143
1434401,489,489,152
1434417,276,473,159
1434433,304,475,171
1434448,524,460,162
1434464,221,491,165
1434480,693,478,177
1434496,415,464,200
1434512,674,485,352
1434528,665,470,150
1434543,329,512,163
1434559,315,468,158
1434575,612,474,168
1434591,455,475,169
1434607,238,476,150
1434622,639,476,144
1434638,300,464,164
1434654,595,474,133
1434670,484,467,164
1434686,591,464,181
1434702,259,473,142
1434717,499,481,159
1434733,306,474,166
1434749,231,537,168
1434765,239,491,173
1434781,600,486,182
1434796,184,484,186
1434812,681,495,172
1434828,318,517,150
1434844,201,479,201
1434860,212,479,142
1434876,710,480,151
1434891,195,524,156
1434907,366,504,149
1434923,200,479,158
1434939,318,487,191
1434955,479,477,165
1434970,268,483,153
1434986,200,491,148
1435002,534,517,446
1435018,345,506,133
1435034,411,490,119
1435050,209,501,169
1435065,239,486,167
1435081,268,485,162
1435097,309,507,139
1435113,280,472,128
1435129,676,483,157
1435144,374,484,151
1435160,369,488,200
1435176,441,488,151
1435192,482,508,170
1435208,388,509,154
1435224,246,498,150
1435239,336,485,197
1435255,446,494,131
1435271,224,485,165
1435287,536,482,135
1435303,583,474,133
1435318,364,533,137
1435334,515,497,107
1435350,283,520,135
1435366,175,492,251
1435382,679,518,129
1435398,341,502,145
1435413,643,488,141
1435429,579,519,142
1435445,264,474,138
1435461,365,467,129
1435477,367,505,128
1435492,172,487,147
1435508,199,477,111
1435524,388,512,133
1435540,316,529,105
1435556,686,487,177
1435572,230,494,134
1435587,323,493,139
1435603,313,487,136
1435619,425,483,167
1435635,174,484,162
1435651,207,485,140
1435666,201,484,137
1435682,386,494,154
1435698,318,483,128
1435714,657,489,114
1435730,315,487,138
1435746,324,482,138
1435761,462,503,142
1435777,156,500,151
1435793,289,522,149
1435809,320,472,134
1435825,400,507,125
1435840,647,509,138
1435856,506,484,162
1435872,664,509,126
1435888,385,498,140
1435904,626,499,117
1435920,296,498,104
1435935,291,507,129
1435951,606,500,140
1435967,206,499,123
1435983,391,499,145
1435999,670,497,116
1436014,283,502,127
1436030,684,510,137
1436046,675,499,139
1436061,307,501,90
1436078,281,503,185
1436093,404,498,112
1436109,239,503,138
1436125,399,506,142
1436141,405,514,146
1436157,385,495,160
1436173,170,507,136
1436188,342,501,152
1436204,536,509,122
1436220,453,497,116
1436236,427,514,142
1436252,563,501,101
1436268,292,493,144
1436283,456,492,116
1436299,223,506,133
1436315,656,509,353
1436331,602,501,116
1436346,725,512,90
1436362,494,510,177
1436378,311,519,142
1436394,236,509,139
1436410,269,506,137
1436426,393,495,106
1436441,656,521,333
1436457,476,520,135
1436473,645,507,188
1436489,591,511,145
1436505,699,514,129
1436520,462,515,111
1436536,295,506,106
1436552,219,507,212
1436568,360,514,151
1436584,295,507,136
1436600,410,512,142
1436615,420,512,150
1436631,636,510,149
1436647,413,515,142
1436663,390,510,113
1436679,166,514,154
1436695,194,515,133
1436710,489,514,128
1436726,492,499,137
1436742,479,514,152
1436758,293,521,165
1436774,280,490,115
1436789,656,506,127
1436805,514,509,106
1436820,600,514,76
1436837,317,499,174
1436853,646,503,114
1436869,206,510,135
1436884,245,509,129
1436900,267,509,151
1436916,485,518,144
1436932,286,508,651
1436947,436,516,99
1436963,299,513,157
1436979,424,505,159
1436995,364,505,120
1437011,618,513,132
1437027,343,516,116
1437042,541,510,144
1437058,271,514,112
1437074,356,513,500
1437090,661,516,137
1437106,595,513,112
1437122,659,512,145
1437137,438,514,107
1437153,205,516,111
1437169,171,514,111
1437185,210,497,110
1437201,679,506,125
1437216,466,511,140
1437232,673,513,134
1437248,331,503,108
1437264,236,509,161
1437280,738,516,159
1437296,314,513,117
1437311,427,513,161
1437327,283,513,116
1437343,300,511,138
1437359,302,513,136
1437375,371,512,120
1437390,216,512,127
1437406,343,514,139
1437422,309,516,120
1437438,327,513,109
1437454,235,514,132
1437470,418,515,164
1437485,219,513,112
1437501,204,513,110
1437517,236,515,120
1437533,687,516,126
1437549,332,513,106
1437564,411,512,107
1437580,311,513,134
1437596,498,512,113
1437612,548,512,132
1437628,428,512,100
1437644,607,513,141
1437659,230,512,107
1437675,696,512,109
1437691,220,512,119
1437707,208,512,102
1437723,308,512,111
1437738,201,501,154
1437754,578,508,119
1437770,217,514,137
1437786,402,495,113
1437801,208,514,85
1437818,450,516,783
