4941,77,210
4951,405,589,209
4961,411,581,204
4971,411,575,212
4981,407,596,198
4991,411,571,211
5001,409,593,196
5011,414,328,200
5021,418,589,215
5031,406,623,178
5041,409,597,184
5051,409,585,198
5061,411,573,222
5071,406,369,202
5081,411,588,200
5091,412,586,207
5101,413,443,200
5111,411,494,225
5121,408,590,204
5131,415,573,229
5141,431,585,648
5151,549,469,589
5161,436,555,521
5171,455,377,158
5181,503,586,493
5191,407,594,168
5201,411,190,208
5211,407,582,208
5221,410,583,214
5231,410,579,216
5241,405,323,205
5251,408,591,236
5261,410,602,218
5271,408,584,206
5281,414,589,196
5291,407,578,193
5301,405,592,199
5311,408,577,215
5321,406,574,213
5331,413,587,187
5341,403,633,219
5351,407,278,211
5361,408,589,204
5371,405,596,180
5381,415,550,208
5391,411,484,218
5401,408,593,264
5411,404,568,218
5421,413,593,258
5431,409,596,206
5441,406,466,205
5451,408,560,207
5461,409,574,194
5477,406,594,197
5493,408,405,202
5508,406,412,190
5524,406,563,200
5540,403,121,234
5556,408,587,233
5572,412,603,190
5588,409,592,193
5603,406,577,191
5619,404,447,179
5635,409,546,194
5651,414,604,194
5667,415,570,214
5682,412,470,196
5698,415,589,189
5714,407,558,191
5730,412,380,213
5746,411,581,207
5762,411,595,196
5777,408,594,189
5793,407,515,217
5809,406,549,203
5825,401,541,184
5841,405,571,204
5856,412,573,201
5872,410,597,224
5888,407,524,204
5904,413,582,240
5920,411,569,228
5936,407,574,189
5951,408,566,203
5967,411,584,227
5983,407,571,195
5999,405,592,195
6015,403,577,197
6030,407,544,207
6046,412,581,214
6062,416,419,235
6078,409,435,216
6094,407,598,192
6110,410,392,234
6125,406,573,193
6141,407,563,213
6157,402,479,204
6173,410,523,192
6189,409,562,207
6204,411,576,224
6220,408,481,205
6236,410,581,210
6252,415,577,236
6268,410,558,218
6284,408,577,211
6299,410,565,212
6315,403,559,207
6331,407,589,201
6347,407,579,230
6363,403,576,216
6379,405,489,222
6394,406,569,214
6410,410,564,215
6426,406,618,205
6442,406,599,192
6458,409,254,218
6473,402,580,206
6489,408,586,201
6505,409,578,215
6521,410,326,196
6537,406,430,214
6553,411,573,198
6568,408,569,203
6584,403,592,214
6600,408,520,197
6616,412,584,186
6632,415,547,214
6647,412,578,197
6663,403,502,187
6679,408,601,184
6695,412,576,207
6711,416,505,215
6727,411,589,202
6742,418,614,204
6757,409,88,223
6774,423,580,277
6790,408,602,212
6806,404,603,218
6821,409,574,222
6837,409,568,200
6853,412,519,194
6869,403,582,199
6885,403,297,199
6901,408,589,205
6916,404,591,207
6932,418,539,200
6948,412,562,190
6964,407,555,191
6980,402,260,210
6995,405,599,184
7011,416,579,208
7027,408,590,197
7043,407,596,199
7059,403,544,185
7074,400,608,210
7090,405,582,195
7106,407,565,191
7122,410,195,214
7138,402,354,183
7154,407,592,219
7169,407,569,223
7185,409,543,213
7201,404,337,223
7217,408,593,210
7233,411,581,194
7248,407,408,215
7264,413,592,213
7280,406,595,215
7296,403,586,185
7312,405,327,203
7328,410,567,195
7343,405,570,205
7359,410,339,188
7375,414,495,192
7391,409,597,216
7407,405,601,196
7423,406,394,200
7438,412,604,222
7454,409,521,226
7470,407,608,214
7486,411,384,246
7502,412,480,220
7517,411,563,212
7533,407,379,198
7549,407,595,207
7565,412,592,215
7581,407,524,221
7597,410,336,208
7612,407,408,174
7628,415,406,217
7644,410,584,192
7660,407,591,215
7676,408,595,202
7691,413,567,211
7707,417,579,203
7723,412,595,169
7739,404,599,197
7755,410,508,210
7771,417,165,214
7786,410,596,173
7802,409,551,196
7818,411,524,193
7834,402,401,195
7850,408,581,223
7865,413,589,232
7881,405,587,191
7897,412,337,196
7913,405,566,180
7929,411,569,234
7945,404,554,218
7960,405,580,190
7976,415,501,209
7992,409,564,232
8008,403,323,201
8024,403,577,197
8039,408,590,190
8055,414,590,226
8071,413,369,215
8087,409,459,181
8103,410,595,177
8119,409,567,198
8134,412,354,209
8150,411,563,205
8166,413,243,188
8182,413,243,218
8198,409,146,217
8213,409,425,200
8229,413,539,189
8245,409,593,189
8261,409,422,207
8277,413,613,185
8293,409,435,192
8308,412,601,210
8324,414,580,203
8340,412,584,203
8356,413,592,196
8372,406,596,212
8387,408,590,190
8403,420,570,232
8419,411,597,224
8435,411,586,209
8451,411,505,227
8467,415,458,208
8482,417,594,206
8498,408,582,215
8514,406,570,254
8530,407,583,236
8546,407,609,212
8561,407,593,217
8577,407,511,207
8593,408,581,234
8609,413,582,240
8625,415,550,213
8641,411,568,210
8656,411,601,184
8672,407,586,186
8688,410,592,216
8704,409,421,196
8720,407,604,214
8735,413,352,197
8751,411,576,198
8767,409,581,215
8783,410,563,194
8799,406,598,204
8815,412,600,205
8830,410,574,218
8846,411,268,204
8862,412,589,200
8878,417,573,216
8894,408,565,201
8909,412,597,205
8925,409,303,210
8941,416,569,218
8957,410,579,197
8973,412,516,201
8989,411,560,233
9004,411,592,222
9020,409,588,199
9036,408,589,200
9052,418,598,223
9068,411,615,198
9083,413,609,214
9099,408,401,226
9115,408,596,249
9131,404,487,211
9147,413,526,194
9163,407,541,189
9178,410,588,209
9194,411,299,196
9210,412,597,223
9226,406,586,213
9242,409,522,179
9257,407,280,197
9273,408,591,208
9289,419,388,203
9305,414,216,199
9321,406,598,182
9337,412,593,202
9352,408,573,190
9368,413,612,189
9384,414,501,202
9400,408,575,204
9416,407,587,210
9431,407,571,220
9447,404,574,208
9463,409,576,210
9479,416,572,208
9495,412,577,201
9511,411,579,197
9526,416,604,183
9542,407,320,225
9558,404,593,199
9574,405,586,188
9590,415,606,195
9605,410,595,179
9621,414,184,180
9637,413,578,199
9653,414,612,193
9669,410,528,211
9685,408,235,206
9700,406,583,223
9716,411,557,184
9732,412,499,198
9748,421,584,204
9764,412,589,196
9779,413,582,217
9795,410,571,208
9811,408,556,238
9827,411,602,217
9843,409,564,210
9859,411,506,225
9874,410,589,204
9890,410,588,225
9906,409,535,172
9922,416,535,185
9938,406,580,210
9953,412,593,193
9969,410,586,211
9985,411,576,194
10001,413,374,178
10017,409,525,208
10033,406,583,216
10048,408,595,212
10064,412,562,214
10080,409,588,189
10096,413,504,189
10112,411,586,201
10127,414,564,180
10143,414,595,203
10159,411,588,181
10174,418,60,217
10191,421,344,249
10206,413,562,211
10222,411,388,202
10238,410,590,194
10254,412,345,184
10270,409,525,205
10286,413,558,217
10301,409,603,215
10317,409,566,188
10333,412,314,200
10349,411,600,210
10365,409,602,212
10380,409,600,198
10396,411,573,240
10412,407,573,206
10428,410,585,221
10444,412,590,213
10460,406,607,214
10475,414,499,223
10491,412,577,208
10507,413,582,232
10523,408,453,179
10539,413,367,188
10554,410,610,190
10570,411,562,186
10586,410,595,224
10602,414,251,186
10618,410,414,192
10634,410,598,202
10649,423,348,170
10665,416,592,182
10681,415,520,188
10697,416,215,187
10713,405,573,197
10728,412,554,221
10744,408,586,212
10760,408,549,196
10776,413,547,221
10792,408,579,187
10808,408,590,217
10823,412,317,214
10839,408,375,204
10855,412,589,196
10871,413,341,186
10887,416,556,208
10902,414,574,203
10918,408,585,213
10934,409,565,196
10950,411,568,178
10966,412,581,180
10982,413,540,192
10997,410,520,196
11013,409,559,220
11029,412,271,212
11045,415,588,186
11061,413,589,209
11076,418,611,207
11092,409,579,194
11108,406,600,212
11124,415,580,184
11140,415,545,218
11156,409,609,187
11171,410,434,219
11187,407,543,197
11203,414,565,194
11219,405,582,183
11235,410,598,200
11250,415,574,213
11266,411,226,197
11282,414,476,211
11298,406,604,223
11314,415,546,223
11330,408,444,220
11345,408,264,196
11361,415,596,202
11377,411,566,218
11393,407,587,207
11409,412,556,199
11424,409,505,234
11440,408,588,237
11456,417,502,181
11472,410,609,197
11488,410,572,224
11504,407,165,208
11519,417,438,227
11535,413,526,209
11551,411,533,198
11567,410,586,208
11583,416,252,217
11598,413,577,215
11614,408,549,180
11630,416,577,219
11646,409,499,194
11662,410,525,210
11678,416,158,183
11693,410,357,204
11709,411,591,207
11725,405,337,216
11741,407,472,213
11757,407,604,209
11772,417,591,207
11788,414,596,214
11804,408,628,201
11820,409,467,198
11836,412,473,186
11852,413,586,215
11867,410,618,192
11883,413,599,196
11899,412,590,219
11915,406,583,228
11931,409,462,219
11946,417,152,208
11962,421,586,185
11978,420,361,215
11994,411,445,185
12010,411,543,199
12026,409,578,195
12041,410,585,192
12057,413,297,228
12073,416,513,215
12089,412,593,208
12105,414,584,220
12120,412,444,227
12136,419,587,241
12152,416,627,238
12168,414,606,220
12184,414,413,240
12200,413,594,207
12215,417,589,203
12231,412,168,188
12247,416,592,215
12263,408,575,199
12279,414,477,211
12295,415,581,223
12310,414,601,211
12326,416,584,191
12342,417,321,201
12358,416,467,191
12374,418,239,178
12389,414,613,190
12405,416,560,217
12421,416,424,233
12437,421,504,208
12453,412,592,202
12469,410,355,221
12484,408,605,222
12500,413,441,232
12516,419,592,228
12532,409,611,198
12548,409,234,227
12563,411,597,181
12579,413,343,217
12595,410,588,228
12611,413,329,212
12627,410,615,199
12643,405,624,211
12658,408,613,228
12674,412,583,207
12690,407,580,182
12706,412,587,204
12722,411,583,197
12737,407,484,177
12753,408,327,208
12769,416,591,201
12785,412,552,189
12801,414,490,174
12817,407,491,181
12832,408,551,223
12848,409,527,192
12864,412,394,206
12880,409,219,192
12896,412,235,185
12911,409,587,200
12927,412,366,208
12943,415,572,210
12959,413,504,220
12975,413,589,227
12991,412,259,214
13006,409,514,203
13022,410,606,221
13038,406,345,204
13054,408,585,197
13070,411,583,233
13085,414,565,221
13101,410,291,190
13117,406,608,210
13133,413,609,218
13149,415,253,222
13165,411,610,188
13180,415,605,231
13196,411,568,215
13212,412,568,199
13228,415,589,189
13244,420,366,201
13259,421,391,211
13275,416,607,191
13291,412,579,198
13307,411,477,207
13323,414,466,203
13339,412,600,209
13354,420,604,204
13370,415,535,204
13386,419,523,224
13402,413,582,213
13418,415,282,201
13433,423,297,189
13449,411,583,210
13465,412,583,230
13481,417,426,221
13497,414,583,198
13513,433,587,215
13528,416,416,189
13544,419,602,204
13560,415,304,225
13576,418,585,219
13592,418,591,208
13607,416,597,207
13623,419,348,220
13639,416,603,246
13655,416,595,219
13671,414,593,217
13685,413,19,205
13702,427,587,237
13718,419,191,230
13734,426,375,190
13750,416,440,219
13766,420,531,219
13781,420,597,215
13797,413,269,201
13813,418,606,178
13829,414,600,200
13845,420,593,229
13860,416,203,204
13876,417,595,227
13892,417,584,203
13908,414,613,221
13924,414,250,199
13940,409,586,207
13955,417,573,195
13971,413,595,197
13987,416,589,218
14003,415,583,193
14019,416,553,186
14035,414,543,186
14066,414,580,231
14082,416,368,223
14098,416,599,221
14161,413,509,187
14177,413,498,239
14224,420,617,205
14319,414,292,218
14367,414,287,201
14398,419,604,201
14462,413,606,236
14493,424,512,210
14541,414,597,200
14636,411,610,217
14699,415,583,202
14762,417,586,181
14778,417,522,195
14810,411,598,229
14841,411,573,197
14857,418,608,215
14920,416,359,192
14984,423,525,187
15079,422,380,221
15126,418,312,190
15158,413,193,222
15189,415,544,203
15221,415,616,198
15253,412,571,198
15300,415,485,198
948335,52,412
948345,307,331,382
948355,312,548,388
948365,327,410,409
948375,302,630,393
948385,306,326,387
948395,323,320,382
948405,303,533,386
948415,308,330,379
948425,295,326,395
948435,306,328,388
948445,313,325,399
948455,295,322,384
948465,309,347,393
948475,302,348,390
948485,315,326,393
948495,326,332,389
948505,314,578,387
948515,333,426,395
948525,317,328,384
948535,308,328,387
948545,306,409,397
948555,329,613,394
948565,326,506,389
948575,455,354,420
948585,319,387,391
948595,276,525,396
948605,287,304,384
948615,274,460,406
948625,296,572,405
948635,319,373,393
948645,302,556,395
948655,307,575,396
948665,306,366,394
948675,302,339,392
948685,302,615,406
948695,299,404,460
948705,304,342,460
948715,315,534,491
948725,318,398,403
948735,317,370,396
948745,311,593,398
948755,326,339,399
948765,334,353,390
948775,292,320,392
948785,320,333,393
948795,308,357,401
948805,304,346,398
948815,637,436,469
948825,290,332,399
948835,297,377,403
948845,315,476,399
948855,301,342,403
948868,306,346,395
948884,285,377,396
948900,307,605,397
948916,314,438,398
948931,290,427,398
948947,312,351,397
948963,311,477,400
948979,323,347,403
948995,310,457,397
949010,306,450,400
949026,295,600,407
949042,290,537,404
949058,325,328,405
949074,302,506,400
949090,303,368,406
949105,302,573,399
949121,313,568,398
949137,298,460,412
949153,299,530,403
949169,306,376,401
949184,297,431,416
949200,297,426,405
949216,311,331,401
949232,302,402,405
949248,315,515,405
949264,306,442,394
949279,302,415,396
949295,310,527,393
949311,307,354,392
949327,309,334,397
949343,288,345,395
949358,296,614,392
949374,310,332,395
949390,327,339,398
949406,301,332,404
949422,291,378,408
949438,291,329,410
949453,311,336,405
949469,301,403,403
949485,286,344,420
949501,284,378,404
949517,314,361,400
949532,308,355,405
949548,316,337,397
949564,297,598,396
949580,299,465,398
949596,323,362,400
949612,306,465,399
949627,298,331,392
949643,331,479,398
949659,290,356,410
949675,292,538,397
949691,286,581,407
949706,307,501,406
949722,307,505,407
949738,314,570,398
949754,299,403,405
949770,305,381,400
949786,305,328,427
949801,315,466,398
949817,323,336,412
949833,488,574,422
949849,298,345,397
949865,301,604,393
949881,302,605,404
949896,316,360,396
949912,304,567,397
949928,316,521,396
949944,301,340,391
949960,294,369,397
949975,291,349,401
949991,294,417,401
950007,304,334,408
950023,310,432,402
950039,286,507,406
950054,292,466,405
950070,280,519,396
950086,276,349,410
950102,278,584,406
950118,293,337,406
950134,308,363,394
950149,298,390,401
950165,338,419,401
950181,323,597,398
950197,325,430,398
950213,346,602,402
950229,297,530,404
950244,326,535,395
950260,294,491,409
950276,307,570,407
950292,305,432,404
950308,313,468,417
950323,306,351,407
950339,334,344,407
950355,308,313,405
950371,302,380,403
950387,325,569,405
950403,317,395,403
950418,307,312,408
950434,324,431,406
950450,533,538,391
950466,310,345,392
950482,300,578,396
950497,306,468,401
950513,303,380,405
950529,305,570,409
950545,310,327,396
950561,305,345,399
950577,291,338,394
950592,302,337,397
950608,298,354,393
950624,279,443,398
950640,294,353,402
950656,295,424,400
950672,307,399,397
950687,298,352,400
950703,292,370,406
950719,289,591,404
950735,317,342,401
950751,317,501,398
950766,331,354,409
950782,333,424,405
950798,323,433,392
950814,286,447,400
950830,328,555,402
950846,287,361,403
950861,302,466,406
950877,305,428,408
950893,308,603,407
950909,318,356,411
950925,300,393,408
950940,308,531,414
950956,296,435,409
950972,299,338,403
950988,296,357,411
951004,303,508,399
951020,310,451,400
951035,294,365,409
951051,321,429,395
951067,297,426,401
951083,311,336,402
951099,317,358,408
951114,306,627,411
951130,299,421,402
951146,331,370,402
951162,310,343,404
951178,287,333,405
951194,295,408,402
951209,291,340,407
951225,318,416,409
951241,335,633,407
951257,296,336,400
951273,310,419,403
951288,314,368,401
951304,298,376,409
951320,336,472,400
951336,345,518,404
951352,314,422,411
951368,295,328,409
951383,298,428,416
951399,334,416,409
951415,310,566,400
951431,284,374,405
951447,318,368,405
951463,309,575,412
951478,300,443,403
951494,315,488,408
951510,307,407,416
951526,319,554,409
951542,297,573,398
951557,294,499,409
951573,313,565,418
951589,317,310,402
951605,331,404,406
951621,329,547,400
951637,348,417,408
951652,306,357,403
951668,344,391,406
951684,321,354,398
951700,330,333,402
951716,310,308,399
951731,330,358,405
951747,529,387,406
951763,314,393,402
951779,339,329,406
951795,305,318,409
951811,288,363,404
951826,298,333,413
951842,287,363,399
951858,304,372,401
951874,300,337,406
951890,289,409,398
951905,323,365,402
951921,304,369,399
951937,307,430,401
951953,296,363,396
951969,306,385,398
951985,306,579,393
952000,289,592,393
952016,308,331,406
952032,340,353,411
952048,281,591,407
952064,291,540,416
952079,299,440,416
952095,323,572,413
952111,316,388,408
952127,331,429,419
952143,307,527,403
952159,318,577,408
952174,303,354,410
952190,326,311,403
952206,299,605,406
952222,330,558,394
952238,321,334,404
952253,321,601,410
952269,333,452,407
952285,322,619,408
952301,333,326,405
952317,310,419,411
952333,321,331,406
952348,317,325,412
952364,314,326,407
952380,286,424,410
952396,315,324,412
952412,279,322,408
952427,304,323,409
952443,299,532,413
952459,286,327,405
952475,310,466,405
952491,298,447,410
952507,307,620,406
952522,315,340,405
952538,306,333,402
952554,310,360,406
952570,325,351,403
952586,294,587,402
952601,308,489,403
952617,312,493,399
952633,311,348,401
952649,310,384,411
952665,308,570,414
952681,317,371,411
952696,303,563,410
952712,315,432,419
952728,309,407,404
952744,328,386,414
952760,321,595,419
952776,314,379,410
952791,322,521,413
952807,306,510,401
952823,311,562,412
952839,300,462,404
952855,302,601,411
952870,295,308,406
952886,313,515,407
952902,292,337,406
952918,305,441,406
952934,298,335,408
952950,292,412,408
952965,309,545,411
952981,284,600,409
952997,300,362,414
953013,295,317,407
953029,315,584,401
953044,302,331,408
953060,294,323,405
953076,290,381,403
953092,308,479,413
953108,326,354,408
953124,313,485,405
953139,320,430,405
953155,313,366,407
953171,307,457,403
953187,314,512,401
953203,312,398,399
953218,327,372,406
953234,305,321,418
953250,293,568,408
953266,286,521,400
953282,307,345,411
953298,312,345,407
953313,317,521,405
953329,306,402,419
953345,317,375,406
953361,307,596,407
953377,304,556,412
953392,320,339,403
953408,315,475,419
953424,301,543,395
953440,317,389,392
953456,303,563,402
953472,310,597,404
953487,319,407,405
953503,314,472,403
953519,322,333,404
953535,296,331,401
953551,309,394,404
953567,302,363,411
953582,293,346,409
953598,316,334,407
953614,296,329,405
953630,300,326,399
953646,317,449,404
953661,315,532,405
953677,295,338,400
953693,320,414,406
953709,322,578,405
953725,309,593,409
953741,333,338,402
953756,320,484,401
953772,313,442,408
953788,326,416,409
953804,338,376,401
953820,338,452,401
953835,311,369,412
953851,309,580,413
953867,303,363,407
953883,310,495,402
953899,315,406,409
953915,311,579,403
953930,307,479,412
953946,315,382,400
953962,323,536,412
953978,319,392,399
953994,327,602,399
954009,322,602,411
954025,322,611,400
954041,327,461,402
954057,333,378,415
954073,317,337,400
954089,309,374,403
954104,312,378,404
954120,325,349,407
954136,304,384,407
954152,321,354,410
954168,314,338,415
954183,329,334,414
954199,309,353,407
954215,308,347,406
954231,330,383,406
954247,318,589,409
954263,317,456,410
954278,313,435,408
954294,300,386,405
954310,302,388,403
954326,324,368,402
954342,307,507,406
954357,332,338,407
954373,337,368,407
954389,307,370,404
954405,326,363,407
954421,311,347,410
954437,318,377,406
954452,317,491,416
954468,321,404,407
954484,347,371,409
954500,330,394,404
954516,328,354,408
954532,304,592,415
954547,299,357,408
954563,309,372,405
954579,316,400,397
954595,334,571,396
954611,323,374,402
954626,314,408,406
954642,336,493,407
954658,307,350,407
954674,320,355,403
954690,324,357,402
954706,299,538,406
954721,313,352,406
954737,309,353,408
954753,318,347,409
954769,323,503,410
954785,307,356,407
954800,311,380,405
954816,315,442,407
954832,312,347,402
954848,308,400,401
954864,329,373,403
954880,345,360,409
954895,326,367,403
954911,312,596,400
954927,338,584,400
954943,350,586,407
954959,324,410,407
954974,327,454,402
954990,339,597,400
955006,333,497,400
955022,294,575,419
955038,302,377,412
955054,306,564,413
955069,315,508,410
955085,308,380,421
955101,315,347,409
955117,311,528,411
955133,315,428,405
955148,308,415,406
955164,323,528,410
955180,304,341,410
955196,329,409,401
955212,328,477,415
955228,319,352,403
955243,333,544,393
955259,325,384,398
955275,328,613,415
955291,341,446,404
955307,333,452,395
955323,302,362,400
955338,318,394,398
955354,307,355,402
955370,316,351,403
955386,311,354,410
955402,299,356,415
955417,307,355,412
955433,314,367,408
955449,319,368,404
955465,305,368,409
955481,314,370,409
955497,337,502,410
955512,327,373,402
955528,323,500,402
955544,337,397,411
955560,309,347,400
955576,326,386,402
955591,332,389,398
955607,294,473,405
955623,290,339,397
955639,279,371,399
955655,297,354,404
955671,317,590,413
955686,328,537,410
955702,328,585,412
955718,318,437,408
955734,316,343,396
955750,302,563,402
955765,307,368,404
955781,314,526,403
955797,315,396,412
955813,318,343,407
955829,322,625,396
955845,311,611,394
955860,327,439,397
955876,339,366,396
955892,327,388,404
955908,319,350,407
955924,325,378,408
955939,324,357,400
955955,321,365,405
955971,316,366,404
955987,313,362,409
956003,307,367,415
956019,311,359,413
956034,317,404,410
956050,301,364,411
956066,315,511,406
956082,319,362,411
956098,310,426,409
956113,318,432,405
956129,333,517,410
956145,323,479,410
956161,341,480,406
956177,313,372,401
956193,314,381,404
956208,312,404,400
956224,324,530,412
956240,330,354,407
956256,326,391,406
956272,324,452,418
956288,312,558,412
956303,335,368,410
956319,323,482,405
956335,318,463,396
956351,343,447,393
956367,324,361,405
956382,345,515,406
956398,332,378,402
956414,340,425,404
956430,337,489,402
956446,339,509,402
956462,329,444,405
956477,321,480,402
956493,309,418,412
956509,312,362,408
956525,308,361,410
956541,317,363,412
956556,302,366,407
956572,302,485,404
956588,329,367,409
956604,310,367,407
956620,316,365,408
956636,317,355,404
956651,322,517,402
956667,320,377,404
956683,567,458,574
956699,309,393,401
956715,315,478,399
956730,330,551,406
956746,328,428,399
956762,329,415,407
956778,314,413,401
956794,314,358,400
956810,328,453,404
956825,323,369,396
956841,325,338,397
956857,319,359,402
956873,326,342,404
956889,317,357,407
956904,320,508,402
956920,317,361,407
956936,326,447,405
956952,321,560,401
956968,337,483,399
956984,318,362,402
956999,327,360,396
957015,323,368,399
957031,317,401,400
957047,340,354,405
957063,320,377,398
957078,339,377,400
957094,321,378,393
957110,327,372,394
961182,315,374,406
961192,285,552,406
961202,287,591,411
961212,295,528,411
961223,301,596,406
961234,304,478,400
961244,314,356,408
961254,318,372,401
961264,341,378,402
961274,317,567,405
961284,314,488,409
961294,319,493,395
961304,310,372,388
961314,323,366,398
961324,302,390,396
961334,322,357,396
961344,299,361,401
961354,307,390,404
961364,314,575,408
961374,307,359,414
961384,306,360,413
961394,378,377,415
961404,305,365,421
961414,308,388,410
961424,312,511,411
961434,304,404,411
961444,307,364,405
961454,303,355,407
961464,322,343,405
961474,330,363,401
961484,313,408,409
961494,326,344,406
961504,336,373,396
961514,345,521,400
961524,289,362,413
961534,280,335,402
961544,284,374,405
961554,298,338,411
961564,312,340,425
961574,295,354,439
961584,305,411,413
961594,298,362,410
961604,310,345,415
961614,315,358,406
961624,315,365,420
961634,332,362,415
961644,309,491,425
961654,302,366,429
961666,303,457,407
961682,323,414,399
961698,320,361,459
961714,312,352,444
961730,315,464,403
961745,321,389,405
961761,317,390,403
961777,316,366,402
961793,296,368,407
961809,308,386,414
961824,312,353,411
961840,300,383,404
961856,315,359,404
961872,315,385,402
961888,325,591,412
961904,304,365,402
961919,302,441,401
961935,312,486,400
961951,304,381,394
961967,300,508,400
961983,326,411,411
961998,320,506,397
962014,294,359,400
962030,307,407,419
962046,311,500,408
962062,319,342,407
962078,334,527,415
962093,294,357,408
962109,316,520,415
962125,297,457,408
962141,326,354,411
962157,321,360,408
962172,614,545,499
962188,311,366,412
962204,322,467,407
962220,439,403,425
962236,356,352,415
962252,317,559,406
962267,334,356,406
962283,340,363,399
962299,336,374,398
962315,321,351,411
962331,327,352,412
962347,318,348,418
962362,321,358,412
962378,331,346,411
962394,332,353,416
962410,316,537,408
962426,323,377,408
962441,326,381,407
962457,333,480,408
962473,337,417,406
962489,330,505,401
962505,334,349,397
962521,333,595,401
962536,323,597,402
962552,316,555,401
962568,311,393,401
962584,310,370,397
962600,330,514,415
962615,322,367,410
962631,320,557,420
962647,329,565,413
962663,315,343,409
962679,313,351,417
962695,326,353,413
962710,323,354,409
962726,329,532,405
962742,324,407,404
962758,326,339,404
962774,332,333,402
962789,341,359,411
962805,329,350,394
962821,334,355,402
962837,337,467,398
962853,338,352,398
962869,338,357,399
962884,337,360,403
962900,321,354,407
962916,320,353,394
962932,320,357,399
962948,329,354,394
962963,323,357,386
962979,320,354,397
962995,327,358,402
963011,315,359,398
963027,330,370,389
963043,344,350,398
963058,340,358,402
963074,326,360,403
963090,335,353,404
963106,336,365,397
963122,351,358,396
963137,356,373,398
963153,351,380,397
963169,362,405,402
963185,359,353,395
963201,325,351,393
963217,373,539,396
963232,328,362,397
963248,358,557,393
963264,308,615,399
963280,321,525,399
963296,323,388,398
963311,333,336,404
963327,332,363,410
963343,329,337,406
963359,337,431,404
963375,346,331,415
963391,340,450,407
963406,338,337,406
963422,333,468,408
963438,336,340,400
963454,335,432,389
963470,332,319,401
963486,350,340,400
963501,346,349,395
963517,331,352,397
963533,332,357,396
963549,326,353,396
963565,325,347,393
963580,330,350,391
963596,321,347,392
963612,326,360,395
963628,332,348,399
963644,330,347,398
963660,328,361,404
963675,320,351,401
963691,334,435,396
963707,330,361,393
963723,342,340,394
963739,347,375,395
963754,344,345,390
963770,348,430,394
963786,332,398,401
963802,344,490,397
963818,507,445,581
963834,346,499,392
963849,430,380,417
963865,324,583,406
963881,359,393,408
963897,342,527,406
963913,332,606,395
963928,334,557,403
963944,335,581,401
963960,341,418,412
963976,331,387,402
963992,337,353,409
964008,347,345,406
964023,342,516,401
964039,347,490,387
964055,342,606,389
964071,337,554,388
964087,334,474,404
964102,329,364,391
964118,346,363,396
964134,335,361,392
964150,323,359,398
964166,314,357,397
964182,313,366,393
964198,327,610,394
964213,324,516,399
964229,311,349,396
964245,326,340,395
964261,330,581,397
964276,326,577,399
964292,321,399,400
964308,334,429,397
964324,327,401,397
964340,337,470,403
964356,313,361,393
964371,338,416,386
964387,344,355,395
964403,336,568,392
964419,340,371,396
964435,329,346,389
964450,315,336,394
964466,332,399,396
964482,325,527,405
964498,322,349,398
964514,329,534,401
964530,336,360,402
964545,339,355,410
964561,322,379,400
964577,336,576,413
964593,332,525,397
964609,320,345,400
964625,330,349,389
964640,336,388,400
964656,347,362,387
964672,349,360,392
964688,339,345,393
964704,323,416,395
964719,313,354,396
964735,313,452,393
964751,310,344,389
964767,335,479,400
964783,325,357,400
964799,328,626,410
964814,324,357,406
964830,333,351,398
964846,325,362,399
964862,324,377,402
964878,323,502,402
964893,339,402,399
964909,360,544,401
964925,330,401,397
964941,353,467,400
964957,343,365,394
964973,340,495,390
964988,334,498,397
965004,305,441,398
965020,352,569,400
965036,337,395,401
965052,325,602,403
965068,334,452,409
965083,328,349,401
965099,334,492,406
965115,333,420,401
965131,334,551,405
965147,336,525,397
965162,335,368,398
965178,330,518,391
965194,346,545,388
965210,334,362,400
965226,327,373,400
965242,333,594,403
965257,334,463,397
965273,326,378,395
965289,316,356,396
965305,313,363,391
965321,333,362,398
965336,322,366,396
965352,327,500,399
965368,321,369,406
965384,321,368,409
965400,320,373,400
965416,318,379,406
965431,317,372,400
965447,336,356,397
965463,332,539,391
965479,330,363,399
965495,321,375,394
965510,343,369,394
965526,358,396,396
965542,332,415,400
965558,358,580,425
965574,336,353,389
965590,299,579,394
965605,326,429,398
965621,313,358,406
965637,330,361,410
965653,334,365,404
965669,324,374,406
965684,335,404,404
965700,333,357,400
965716,330,379,399
965732,357,381,398
965748,349,494,402
965764,342,387,400
965779,338,477,410
965795,355,416,408
965811,346,542,393
965827,335,361,391
965843,349,409,405
965858,337,585,400
965874,324,368,396
965890,325,376,391
965906,329,369,398
965922,334,377,403
965938,323,384,401
965953,329,376,404
965969,334,376,405
965985,329,377,401
966001,327,369,401
966017,338,381,404
966032,333,426,404
966048,333,410,399
966064,350,401,393
966080,346,388,398
966096,358,375,397
966112,356,364,394
966127,347,490,391
966143,345,504,402
966159,349,359,391
966175,329,456,396
966191,321,349,401
966206,332,486,395
966222,333,486,404
966238,336,343,396
966254,323,359,389
966270,345,422,387
966286,330,354,388
966301,341,558,392
966317,354,347,393
966333,335,583,399
966349,333,496,386
966365,340,377,385
966381,338,395,398
966396,342,481,393
966412,329,398,399
966428,325,347,402
966444,332,364,395
966460,322,372,390
966475,327,364,395
966491,314,603,393
966507,324,448,397
966523,320,361,394
966539,333,357,399
966555,329,365,394
966570,305,414,398
966586,327,367,392
966602,319,363,393
966618,341,364,394
966634,328,389,392
966649,324,364,394
966665,346,359,392
966681,339,453,387
966697,331,576,387
966713,343,421,390
966729,336,391,399
966744,317,335,387
966760,332,348,394
966776,324,596,400
966792,337,349,399
966808,336,348,402
966824,347,375,400
966839,339,588,391
966855,338,578,395
966871,348,388,395
966887,337,435,399
966903,353,551,385
966918,351,394,397
966934,354,560,392
966950,335,374,389
966966,335,349,397
966982,334,425,395
966998,333,353,390
967013,344,355,393
967029,393,375,401
967045,321,353,396
967061,323,409,398
967077,338,360,406
967093,327,441,408
967108,334,350,401
967124,327,353,399
967140,311,359,390
967156,339,354,393
967172,325,357,396
967187,329,343,395
967203,349,353,390
967219,357,347,398
967235,360,338,394
967251,326,544,398
967267,365,363,389
967282,319,351,391
967298,330,358,392
967314,332,373,392
967330,340,547,396
967346,332,452,402
967361,335,403,414
967377,339,364,397
967393,324,597,399
967409,343,327,389
967425,333,589,387
967441,344,578,397
967456,332,325,389
967472,355,401,382
967488,343,324,386
967504,354,522,378
967520,344,402,396
967536,344,358,394
967551,337,618,389
967567,331,378,398
967583,335,342,393
967599,343,363,387
967615,331,347,398
967630,324,550,400
967646,336,352,405
967662,332,449,399
967678,326,339,394
967694,321,608,397
967710,323,350,394
967725,323,346,397
967741,339,375,398
967757,342,361,389
967773,359,508,393
967789,345,500,395
967804,344,453,397
967820,365,381,391
967836,340,381,393
967852,347,599,393
967868,306,541,387
967884,321,498,394
967899,337,331,394
967915,335,331,400
967931,348,329,400
967947,344,358,396
967963,334,344,397
967978,345,592,391
967994,342,528,395
968010,325,357,389
968026,357,587,391
968042,346,392,386
968058,348,429,398
968073,356,606,382
968089,343,378,390
968105,350,332,394
968121,337,336,388
968137,329,345,387
968152,332,383,386
968168,328,352,391
968184,325,345,384
968200,322,343,400
968216,318,347,402
968232,334,363,403
968247,339,358,399
968263,332,342,405
968279,344,343,395
968295,347,579,385
968311,344,348,391
968326,343,353,388
968342,321,577,395
968358,351,341,390
968374,328,535,388
968390,350,520,391
968406,361,335,386
968421,319,410,382
968437,325,333,382
968453,366,410,391
968469,332,332,392
968485,338,534,389
968500,343,323,396
968516,331,509,389
968532,344,333,400
968548,346,611,392
968564,339,393,385
968580,340,333,390
968595,336,384,394
968611,345,402,390
968627,349,415,387
968643,348,376,393
968659,349,618,389
968674,349,345,393
968690,345,336,385
968706,336,352,390
968722,354,346,386
968738,341,350,385
968754,327,387,387
968769,327,358,394
968785,322,348,389
968801,335,344,397
968817,334,383,396
968833,331,439,396
968849,328,339,389
968864,351,349,391
968880,327,350,394
968896,346,372,393
968912,346,330,383
968928,337,417,388
968943,336,393,391
968959,345,392,381
968975,360,384,385
968991,333,612,391
969007,345,392,384
969023,310,344,386
969038,357,570,393
969054,335,327,392
969070,328,511,400
969086,342,335,400
969102,351,362,399
969117,334,572,394
969133,337,552,385
969149,342,479,389
969165,326,404,393
969181,345,341,402
969197,341,332,386
969212,334,441,385
969228,361,342,390
969244,341,343,390
969260,338,431,387
969276,341,480,381
969291,339,337,389
969307,344,350,391
969323,345,357,383
969339,337,345,383
969355,340,347,386
969371,344,353,388
969386,331,347,400
969402,356,362,403
969418,342,346,392
969434,339,345,393
969450,329,621,392
969465,332,343,393
969481,348,469,386
969497,351,351,386
969513,357,547,393
969529,354,406,387
969545,366,369,382
969560,334,385,393
969576,343,503,386
969592,338,503,384
969608,344,314,380
969624,365,357,392
969640,323,476,385
969655,340,335,383
969671,331,563,393
969687,339,330,393
969703,344,409,389
969719,345,356,402
969734,338,435,394
969750,335,555,386
969766,351,359,388
969782,348,333,394
969798,357,339,397
969814,340,609,393
969830,344,320,379
969845,337,578,381
969861,341,344,382
969877,338,598,384
969893,346,411,384
969909,336,488,385
969924,341,338,385
969940,348,334,381
969956,328,344,385
969972,333,334,385
969988,337,366,389
972096,325,347,382
972106,349,631,383
972116,346,372,379
972126,490,416,419
972136,341,346,373
972146,337,434,368
972156,341,355,374
972166,342,346,377
972176,353,455,368
972186,343,352,372
972196,359,327,375
972206,335,544,365
972216,327,461,361
972226,330,467,370
972236,329,436,382
972246,337,364,368
972256,343,332,374
972266,341,443,370
972276,343,339,380
972286,342,365,383
972296,340,357,370
972306,363,528,377
972316,351,462,368
972326,363,408,367
972336,346,409,375
972346,350,362,375
972356,341,599,369
972366,348,361,365
972376,344,571,372
972386,349,357,376
972396,351,349,375
972406,348,341,370
972416,344,347,369
972426,345,353,373
972436,300,377,378
972446,333,357,377
972456,370,594,377
972466,346,355,370
972476,332,356,373
972486,334,382,369
972496,322,360,369
972506,333,599,369
972516,329,356,362
972526,322,366,362
972536,338,364,372
972546,340,354,360
972556,356,362,367
972566,364,384,342
972576,370,342,366
972586,373,420,374
972596,372,579,365
972606,348,355,350
972616,340,338,370
972630,347,349,358
972645,368,423,367
972661,352,347,369
972677,353,390,365
972693,333,377,371
972709,333,344,368
972724,366,488,367
972740,366,346,374
972756,340,348,371
972772,365,349,370
972788,365,351,382
972804,356,460,373
972819,359,547,376
972835,367,355,379
972851,354,357,381
972867,358,354,369
972883,353,443,368
972899,363,402,381
972914,360,356,375
972930,357,567,367
972946,358,351,375
972962,362,367,371
972978,353,369,363
972993,348,354,372
973009,367,352,364
973025,359,384,371
973041,345,370,369
973057,348,355,380
973073,330,375,387
973088,341,363,376
973104,342,373,382
973120,352,370,385
973136,341,370,369
973152,346,366,380
973167,348,375,372
973183,330,366,341
973199,317,555,392
973215,321,487,367
973231,338,553,371
973247,339,355,372
973262,353,581,367
973278,335,346,394
973294,414,536,390
973310,350,337,365
973326,365,350,370
973341,353,547,383
973357,350,350,377
973373,356,406,381
973389,363,380,390
973405,361,495,390
973421,348,341,380
973436,359,346,379
973452,356,554,378
973468,363,367,375
973484,350,606,372
973500,363,375,370
973515,362,406,375
973531,356,386,368
973547,353,382,375
973563,347,371,374
973579,349,386,373
973595,347,376,375
973610,338,376,381
973626,345,375,387
973642,347,362,389
973658,337,376,386
973674,349,389,380
973689,359,367,387
973705,350,379,385
973721,347,446,402
973737,370,514,386
973753,365,357,377
973769,334,366,394
973784,353,365,368
973800,377,380,375
973816,408,354,383
973832,371,360,401
973848,372,347,388
973863,325,379,386
973879,333,348,372
973895,327,477,390
973911,337,350,391
973927,352,348,492
973943,346,440,387
973958,353,409,392
973974,345,341,381
973990,356,359,380
974006,365,369,387
974022,350,396,377
974037,354,383,374
974053,387,439,437
974069,355,382,362
974085,355,373,378
974101,360,368,372
974117,353,382,375
974132,346,377,380
974148,348,364,380
974164,345,375,386
974180,334,364,389
974196,336,370,390
974212,348,371,386
974227,354,393,389
974243,350,387,376
974259,360,375,368
974275,349,365,361
974291,346,361,371
974306,349,338,396
974322,353,369,373
974338,347,576,373
974354,357,450,375
974370,349,357,367
974386,344,349,377
974401,342,352,365
974417,342,382,370
974433,339,351,382
974449,335,514,378
974465,345,354,377
974480,341,502,376
974496,334,345,378
974512,345,501,383
974528,351,348,377
974544,348,498,379
974560,350,360,372
974575,350,361,376
974591,356,483,373
974607,355,391,375
974623,356,438,367
974639,350,381,375
974655,356,374,367
974670,344,377,366
974686,351,378,369
974702,344,383,374
974718,343,374,386
974734,336,373,386
974749,341,389,389
974765,345,354,389
974781,350,375,379
974797,352,373,385
974813,355,364,368
974829,358,360,363
974844,354,368,369
974860,353,387,400
974876,338,595,376
974892,345,564,389
974908,356,353,373
974924,357,354,370
974939,341,361,368
974955,360,353,373
974971,343,342,371
974987,342,379,375
975003,342,368,376
975018,553,468,448
975034,345,486,379
975050,337,350,388
975066,615,474,418
975082,346,575,380
975098,362,357,378
975113,361,352,374
975129,354,359,360
975145,359,394,373
975161,361,380,367
975177,353,392,363
975192,342,380,363
975208,358,392,373
975224,346,379,378
975240,349,396,368
975256,339,361,366
975272,327,369,368
975287,334,353,382
975303,337,379,379
975319,345,450,379
975335,352,363,378
975351,351,402,390
975366,367,361,390
975382,361,378,378
975398,356,340,376
975414,354,521,372
975430,348,501,364
975446,348,419,369
975461,345,610,367
975477,375,357,376
975493,361,477,364
975509,344,351,355
975525,335,390,355
975540,331,345,368
975556,332,568,374
975572,325,356,373
975588,326,556,377
975604,335,473,453
975620,340,540,375
975635,349,333,374
975651,349,526,373
975667,340,381,373
975683,346,377,370
975699,343,368,371
975714,347,381,372
975730,346,378,369
975746,353,436,364
975762,344,369,354
975778,350,380,360
975794,350,387,376
975809,353,382,369
975825,346,381,362
975841,347,380,362
975857,340,344,372
975873,337,373,378
975888,353,367,380
975904,345,366,377
975920,351,379,387
975936,348,376,376
975952,358,460,357
975968,358,601,393
975983,367,588,390
975999,357,386,389
976015,353,412,374
976031,336,363,365
976047,343,336,364
976062,367,342,348
976078,345,399,368
976094,342,340,374
976110,341,599,351
976126,334,339,365
976142,327,349,370
976157,333,351,370
976173,335,358,371
976189,338,342,379
976205,330,347,371
976221,339,361,368
976237,332,590,370
976252,351,361,370
976268,346,423,361
976284,341,375,361
976300,345,454,362
976316,341,372,358
976331,352,408,359
976347,364,374,357
976363,353,385,360
976379,353,372,369
976395,346,368,358
976411,344,387,364
976426,326,595,572
976442,565,526,498
976458,335,379,370
976474,345,376,382
976490,349,368,382
976505,342,384,378
976521,345,376,375
976537,351,387,367
976553,349,357,364
976569,345,482,366
976585,346,387,360
976600,343,377,371
976616,349,384,372
976632,365,379,368
976648,346,359,364
976664,342,356,354
976679,446,367,359
976695,324,371,369
976711,318,344,345
976727,318,349,361
976743,314,351,364
976759,314,357,360
976774,326,420,364
976790,328,343,370
976806,342,367,369
976822,345,585,371
976838,341,441,369
976853,330,380,366
976869,336,372,360
976885,338,396,366
976901,355,382,356
976917,345,376,363
976933,345,526,354
976948,339,381,351
976964,343,415,354
976980,339,376,361
976996,339,380,351
977012,339,383,362
977027,332,393,371
977043,325,389,368
977059,335,379,372
977075,336,378,389
977091,334,377,376
977107,341,406,377
977122,343,381,377
977138,336,380,375
977154,343,357,366
977170,341,399,369
977186,513,422,380
977201,345,442,369
977217,342,364,356
977233,330,372,351
977249,342,372,358
977265,339,379,366
977281,329,460,368
977296,340,365,374
977312,325,519,590
977328,320,358,372
977344,321,445,364
977360,324,438,370
977375,318,596,369
977391,323,348,366
977407,331,367,356
977423,329,364,363
977439,330,363,355
977455,331,370,361
977470,337,368,359
977486,336,379,363
977502,345,375,362
977518,350,387,362
977534,354,385,357
977549,344,374,368
977565,338,417,358
977581,332,383,368
977597,328,388,367
977613,332,409,368
977629,331,385,377
977644,340,384,374
977660,334,384,375
977676,336,383,360
977692,335,390,356
977708,489,454,374
977723,328,369,368
977739,335,476,362
977755,333,377,359
977771,337,509,354
977787,346,357,356
977803,337,365,362
977818,341,367,349
977834,334,370,363
977850,353,528,364
977866,342,562,354
977882,341,365,366
977897,339,364,373
977913,336,450,367
977929,336,367,373
977945,336,564,373
977961,332,361,369
977977,330,556,368
977992,330,367,375
978008,340,566,373
978024,340,359,368
978040,344,365,366
978056,344,500,367
978071,351,366,368
978087,335,380,367
978103,340,375,358
978119,348,373,376
978135,352,386,356
978151,341,375,368
978166,343,395,383
978182,354,379,355
978198,342,381,361
978214,333,388,358
978230,339,377,356
978245,322,379,368
978261,333,383,361
978277,341,374,361
978293,335,380,360
978309,337,379,372
978325,335,375,364
978340,328,387,351
978356,343,370,357
978372,343,374,359
978388,339,368,350
978404,346,376,358
978419,333,376,361
978435,340,380,358
978451,345,374,362
978467,347,385,357
978483,355,377,349
978499,331,390,351
978514,338,372,351
978530,304,372,364
978546,348,381,357
978562,350,420,359
978578,320,352,356
978593,328,364,353
978609,328,357,344
978625,346,375,345
978641,354,366,361
978657,345,353,355
978673,345,456,359
978688,336,353,364
978704,337,366,365
978720,338,359,360
978736,345,373,356
978752,343,557,524
978767,349,372,354
978783,342,361,362
978799,337,578,357
978815,346,378,359
978831,359,560,349
978847,355,381,362
978862,351,480,353
978878,364,599,360
978894,347,371,360
978910,346,384,356
978926,336,419,343
978941,342,366,352
978957,348,371,357
978973,346,370,351
978989,346,370,359
979005,352,481,364
979021,348,376,366
979036,347,377,358
979052,345,370,355
979068,339,550,354
979084,335,562,370
979100,409,396,379
979116,326,374,358
979131,348,382,362
979147,350,523,356
979163,356,471,351
979179,342,354,351
979195,366,386,350
979210,351,377,362
979226,338,568,356
979242,338,366,354
979258,334,573,356
979274,337,350,351
979290,354,373,356
979305,349,514,363
979321,342,423,356
979337,336,524,363
979353,337,546,356
979369,360,567,349
979384,340,563,360
979400,348,399,360
979416,351,355,358
979432,349,518,593
979448,348,349,345
979464,348,356,353
979479,355,583,346
979495,340,424,350
979511,351,383,353
979527,353,355,353
979543,366,368,353
979558,345,369,354
979574,338,370,354
979590,336,558,350
979606,334,365,358
979622,335,373,359
979638,333,366,359
979653,341,370,357
979669,347,373,359
979685,352,374,365
979701,343,387,356
979717,342,368,356
979732,349,388,348
979748,357,370,358
979764,352,538,351
979780,339,600,351
979796,363,599,359
979812,347,545,354
979827,349,363,350
979843,322,540,358
979859,336,387,361
979875,500,525,522
979891,338,364,349
979907,341,376,342
979922,338,576,351
979938,338,568,360
979954,352,363,362
979970,337,468,367
979986,344,355,353
980001,334,356,345
980017,347,357,352
980033,337,355,355
980049,340,359,350
980065,359,350,352
980081,349,357,358
980096,349,372,350
980112,348,387,358
980128,361,574,354
980144,352,358,351
980160,355,586,348
980175,355,373,344
980191,342,379,347
980207,336,417,347
980223,342,367,352
980239,337,358,353
980255,345,360,360
980270,351,374,356
980286,329,501,361
980302,341,365,361
980318,342,377,359
980334,351,511,349
980349,357,549,356
980365,345,360,346
980381,347,379,348
980397,354,389,356
980413,364,377,351
980429,373,456,353
980444,348,368,351
980460,389,556,347
980476,357,438,347
980492,353,577,337
980508,314,534,338
980523,344,374,350
980539,345,374,352
980555,336,519,358
980571,343,344,360
980587,349,343,354
980603,351,485,341
980618,342,344,344
980634,342,362,346
980650,353,551,350
980666,342,355,339
980682,349,365,339
980697,345,345,349
980713,350,589,345
980729,353,362,351
980745,339,344,349
980761,475,354,411
980777,351,582,347
980792,347,525,349
980808,343,357,341
980824,339,357,372
980840,347,355,350
980856,349,369,362
980871,336,551,357
