24462,
24472,,185,5
24482,535,632,8
24492,428,261,5
24502,209,291,5
24512,424,289,5
24522,468,609,8
24532,561,211,5
24542,622,636,9
24552,540,602,8
24562,477,287,5
24572,517,373,7
24582,450,281,7
24592,467,425,9
24602,259,516,6
24612,520,600,8
24622,513,212,5
24632,567,462,7
24642,478,630,8
24652,493,145,4
24662,347,620,9
24672,574,299,5
24682,574,254,4
24692,428,517,7
24702,544,604,9
24712,483,538,9
24722,562,577,8
24732,399,663,9
24742,62,227,5
24752,430,780,10
24762,602,288,5
24772,535,190,4
24782,16,201,5
24792,503,717,10
24802,511,171,4
24812,371,166,5
24822,564,504,7
24832,544,740,10
24842,525,199,7
24852,507,179,5
24862,8,138,4
24872,515,651,8
24882,8,180,5
24892,373,182,5
24902,519,181,4
24912,52,283,5
24922,651,377,6
24932,411,188,8
24942,8,184,5
24952,613,411,6
24962,35,669,8
24972,482,197,5
24982,240,607,8
24992,8,136,4
25002,189,297,6
25012,637,693,9
25022,78,229,5
25032,362,192,5
25042,45,482,7
25052,493,297,6
25062,262,458,6
25072,456,700,8
25082,646,133,4
25092,587,432,7
25102,498,509,7
25115,513,232,5
25129,8,137,5
25148,436,703,10
25163,566,184,5
25178,704,682,9
25194,443,428,6
25210,576,404,6
25225,445,187,4
25241,393,133,4
25256,37,244,5
25273,542,230,6
25288,488,159,4
25304,586,679,8
25320,438,644,9
25336,610,322,6
25351,447,270,8
25367,627,510,7
25383,528,385,9
25398,451,469,7
25414,433,188,4
25430,616,309,5
25446,367,243,8
25461,545,202,4
25477,646,333,5
25491,8,162,4
25508,434,386,6
25524,488,442,6
25540,380,613,9
25556,636,363,5
25571,390,602,9
25587,477,401,6
25603,513,640,8
25619,544,232,6
25634,515,438,6
25650,575,234,4
25664,8,101,4
25682,507,686,10
25697,681,360,5
25713,535,151,4
25729,374,442,6
25743,56,204,5
25758,7,605,8
25775,93,260,5
25789,8,185,5
25807,187,489,7
25823,723,166,4
25838,612,223,5
25854,460,196,5
25870,635,337,6
25886,777,346,5
25900,72,328,8
25915,8,227,5
25933,691,241,5
25948,406,238,5
25964,469,341,6
25978,8,188,5
25996,507,232,8
26011,392,323,5
26026,37,175,4
26044,601,663,10
26058,422,398,6
26074,422,352,6
26090,461,153,4
26106,577,166,4
26121,595,520,7
26137,630,629,8
26153,668,425,8
26169,372,323,9
26184,649,634,8
26200,661,305,5
26216,550,627,8
26232,386,187,5
26247,394,365,6
26263,492,538,7
26279,570,414,6
26294,452,322,5
26310,602,627,7
26326,455,183,4
26342,547,631,9
26357,462,194,5
26373,483,432,9
26389,459,173,4
26405,348,641,9
26420,580,270,5
26436,573,170,4
26452,587,515,7
26467,458,563,7
26483,552,289,5
26498,76,206,4
26515,539,495,7
26530,379,561,7
26544,8,200,5
26563,571,776,11
26578,476,178,4
26593,645,320,9
26609,361,469,6
26624,51,133,4
26638,8,221,5
26656,687,577,9
26672,642,417,7
26687,652,398,6
26703,666,656,9
26719,525,129,4
26735,370,141,4
26750,402,290,5
26766,492,292,5
26780,8,158,4
26797,478,324,5
26812,54,295,5
26828,42,202,5
26844,11,157,4
26861,612,723,10
26876,446,440,6
26892,345,152,5
26906,38,206,5
26923,571,189,4
26939,514,508,7
26954,35,499,7
26970,115,224,5
26986,651,408,6
27002,590,341,6
27018,625,393,6
27032,34,176,5
27049,554,528,6
27065,480,307,5
27080,443,453,9
27096,481,240,8
27112,571,347,8
27128,362,355,9
27143,618,537,9
27159,502,489,8
27175,526,289,5
27190,604,613,9
27206,402,398,6
27222,524,270,5
27238,670,603,9
27253,380,451,6
27269,434,623,8
27285,472,611,9
27301,369,616,7
27316,220,358,7
27332,615,245,8
27348,376,386,6
27364,463,623,9
27379,347,512,8
27395,464,267,6
27411,691,351,6
27426,640,225,6
27442,427,281,5
27458,493,370,6
27474,367,302,5
27489,561,668,8
27505,664,654,8
27521,531,161,4
27537,645,183,4
27552,535,175,7
27567,31,174,5
27582,8,206,5
27599,669,188,4
27613,8,154,5
27631,449,426,6
27646,636,650,9
27661,62,212,5
27677,99,270,5
27695,532,696,10
27709,648,410,6
27725,315,680,9
27740,54,294,6
27756,113,216,4
27772,531,285,5
27788,602,393,6
27802,8,156,4
27818,64,249,5
27835,487,201,5
27852,594,698,10
27866,396,118,4
27881,30,290,5
27897,37,207,5
27913,39,183,4
27929,667,209,4
27944,58,224,5
27961,607,538,7
27976,419,290,5
27992,528,646,9
28007,57,225,5
28024,380,226,6
28039,551,517,7
28054,37,198,4
28071,144,252,5
28086,713,405,6
28102,485,643,9
28118,613,640,9
28134,388,653,8
28149,377,503,9
28165,392,613,8
28181,497,651,9
28197,366,562,8
28212,507,394,8
28228,536,329,5
28244,636,516,6
28259,563,441,9
28275,592,256,5
28291,528,372,5
28307,466,491,7
28322,522,557,9
28338,493,385,5
28354,386,207,4
28370,503,530,8
28385,567,593,8
28401,647,579,9
28417,585,523,6
28432,389,220,5
28448,529,268,5
28464,557,563,6
28480,547,172,5
28495,325,128,4
28511,526,673,8
28527,426,183,5
28543,451,455,6
28558,635,646,9
28574,473,145,4
28588,8,300,5
28605,482,275,5
28621,645,399,9
28637,310,260,8
28653,485,197,5
28667,48,212,4
28684,434,269,9
28698,8,402,9
28715,657,308,5
28731,657,681,9
28746,45,232,5
28763,162,266,5
28778,412,626,8
28793,73,214,5
28810,685,168,4
28826,456,660,10
28839,8,156,4
28857,518,259,5
28874,453,655,10
28888,155,397,6
28904,387,572,7
28918,7,160,4
28934,32,275,5
28951,583,248,6
28967,569,409,5
28983,507,133,4
28996,8,458,6
29012,8,221,5
29030,102,267,5
29045,471,344,6
29061,544,695,9
29077,368,158,4
29092,293,503,7
29108,341,312,5
29124,438,621,8
29140,418,254,6
29155,102,369,7
29171,515,612,8
29187,438,450,6
29203,497,248,5
29218,596,529,6
29234,312,495,9
29250,623,579,8
29265,515,366,5
29281,550,393,6
29297,361,571,7
29313,501,572,7
29328,603,648,8
29344,438,468,6
29360,680,206,5
29376,558,606,7
29391,645,237,4
29407,598,355,5
29423,564,640,7
29439,391,270,7
29454,576,631,9
29470,482,123,4
29486,443,257,5
29501,565,150,4
29517,472,662,8
29531,7,238,5
29549,186,266,5
29564,450,531,7
29580,465,272,5
29595,32,216,4
29611,140,269,5
29627,626,177,5
29643,657,283,5
29656,8,162,4
29674,418,376,8
29690,599,191,5
29706,564,183,4
29722,562,695,10
29737,334,393,5
29753,372,492,6
29769,494,204,5
29784,568,680,8
29800,389,205,4
29815,70,227,5
29832,596,187,5
29846,79,197,4
29861,8,190,4
29879,160,308,7
29894,655,727,9
29910,520,517,7
29925,94,229,5
29941,476,498,7
29955,8,142,4
29973,405,176,5
29986,7,189,4
30004,576,316,5
30020,595,643,8
30036,535,381,5
30051,427,189,4
30067,377,556,7
30083,604,675,9
30099,594,631,8
30114,449,262,5
30130,134,162,6
30146,556,649,8
30161,561,417,6
30177,566,135,4
30193,509,616,9
30209,508,256,5
30224,602,633,9
30240,398,418,6
30256,495,381,7
30272,486,544,7
30287,319,330,5
30303,453,190,6
30319,539,500,7
30335,311,540,6
30350,602,392,5
30366,410,404,6
30382,418,275,4
30397,683,477,6
30413,381,344,6
30429,662,183,4
30445,399,288,5
30460,218,622,8
30476,631,165,4
30492,626,532,6
30505,8,164,4
30523,465,297,5
30539,349,226,5
30552,8,158,5
30570,517,176,4
30586,350,205,4
30602,394,341,5
30616,43,166,4
30633,565,186,5
30649,676,444,6
30662,8,612,8
30679,55,258,5
30697,485,527,10
30712,654,629,8
30727,821,387,6
30743,683,482,7
30757,8,184,5
30776,522,719,10
30790,544,447,8
30806,367,168,5
30822,528,246,4
30837,581,198,4
30853,492,192,5
30867,8,343,6
30885,677,693,9
30900,578,412,6
30916,413,254,5
30932,380,287,6
30948,514,357,6
30963,464,175,5
30977,7,564,9
30992,8,272,5
31010,419,413,7
31027,435,700,10
31042,610,184,6
31057,590,168,5
31073,467,190,4
31089,756,579,7
31105,681,170,5
31119,26,223,5
31136,125,270,6
31152,321,460,9
31166,52,222,4
31183,637,405,6
31199,582,148,4
31215,447,243,4
31230,562,194,7
31246,585,598,7
31262,522,423,6
31278,560,174,4
31293,356,374,6
31309,681,562,7
31325,179,364,8
31341,640,479,6
31356,380,164,4
31372,548,620,8
31388,455,637,8
31403,509,435,6
31419,659,639,8
31435,598,169,4
31451,655,438,6
31466,343,379,8
31482,618,138,4
31498,547,593,8
31514,394,189,4
31529,472,297,8
31545,313,494,9
31561,507,149,4
31576,603,604,7
31592,657,299,5
31608,578,243,5
31624,558,254,5
31639,622,311,5
31655,309,278,5
31671,616,613,7
31687,429,401,9
31702,424,256,4
31718,593,144,4
31734,644,555,9
31749,435,226,5
31765,509,641,9
31781,401,620,9
31797,349,383,6
31813,505,720,10
31828,494,224,6
31844,581,682,9
31860,510,230,8
31875,417,193,6
31890,54,195,5
31908,426,542,10
31923,528,667,8
31938,508,226,7
31954,415,271,5
31970,653,157,4
31985,603,510,7
32001,516,681,9
32018,410,689,10
32033,352,306,5
32048,527,285,5
32064,329,233,5
32080,507,520,7
32096,628,370,7
32111,562,288,9
32127,388,226,5
32143,425,256,5
32159,538,572,7
32174,487,284,7
32190,631,352,5
32206,392,230,8
32221,493,626,9
32237,590,534,9
32253,573,532,6
32269,267,116,4
32284,390,466,6
32300,650,248,5
32316,536,624,9
32332,477,638,9
32347,343,465,9
32363,583,433,6
32379,550,187,5
32394,459,355,8
32410,544,469,6
32426,505,290,7
32442,457,637,9
32457,493,202,4
32473,632,184,5
32489,550,599,8
32505,489,640,9
32520,568,423,6
32536,513,142,6
32552,483,132,4
32565,8,200,4
32583,522,221,5
32598,69,549,6
32615,697,417,6
32630,543,185,4
32646,673,273,5
32660,7,172,4
32676,38,226,5
32693,604,684,8
32708,61,208,5
32724,478,173,4
32740,587,235,4
32756,436,411,9
32772,618,344,5
32787,662,364,9
32803,469,538,9
32819,656,520,9
32835,575,571,7
32850,672,178,7
32866,444,502,6
32880,8,182,4
32897,509,228,8
32911,8,218,4
32929,573,232,5
32944,623,522,7
32960,427,415,6
32976,346,238,5
32992,499,155,4
33006,32,212,4
33023,111,226,5
33039,484,216,4
33055,689,654,9
33070,308,578,7
33086,558,409,6
33102,585,626,9
33117,595,528,8
33133,500,467,8
33149,427,598,8
33165,489,213,4
33180,616,591,8
33196,531,428,7
33212,684,436,8
33228,420,643,9
33243,657,457,6
33259,486,437,6
33275,648,607,7
33290,480,223,4
33306,480,531,7
33322,352,582,8
33338,601,555,7
33353,556,434,6
33369,545,238,5
33385,515,498,6
33401,456,278,5
33416,580,397,6
33432,667,297,4
33448,449,539,8
33464,452,269,4
33479,560,155,4
33495,430,455,8
33511,294,214,4
33526,447,648,9
33542,417,654,8
33558,561,680,9
33574,391,257,4
33588,61,233,5
33605,695,302,5
33621,394,438,9
33637,639,386,9
33650,8,217,5
33668,719,309,5
33681,8,160,4
33699,663,265,5
33715,640,369,6
33731,470,302,5
33746,538,184,4
33762,457,632,8
33778,512,602,8
33794,618,632,8
33809,635,142,4
33825,354,377,6
33841,573,172,4
33857,498,162,4
33871,17,318,5
33888,367,450,6
33904,478,219,4
33918,45,236,5
33934,65,227,5
33950,42,198,4
33966,121,669,9
33982,471,215,4
33998,625,551,7
34013,34,700,8
34029,147,325,5
34045,160,567,8
34061,484,594,8
34077,654,112,5
34092,510,336,5
34108,648,613,8
34124,470,587,9
34139,361,570,8
34155,524,596,8
34171,422,191,4
34187,474,603,8
34202,638,583,8
34218,322,630,9
34234,608,366,9
34250,657,185,4
34265,359,563,7
34281,382,309,5
34297,491,188,6
34312,338,218,5
34328,500,451,6
34344,548,164,4
34360,427,169,6
34375,657,547,8
34391,439,338,5
34407,602,180,4
34423,534,330,5
34438,603,318,5
34454,460,634,9
34470,512,552,6
34486,639,411,8
34501,547,228,4
34517,602,249,8
34533,383,580,7
34548,560,444,5
34564,647,274,5
34580,455,383,6
34596,481,548,6
34611,648,187,4
34626,38,192,4
34643,493,407,6
34658,659,585,7
34673,63,249,5
34690,183,775,9
34706,526,326,5
34719,7,191,4
34737,391,638,8
34754,473,696,10
34769,523,153,4
34784,570,178,4
34800,487,671,8
34816,462,359,5
34831,440,188,4
34847,567,598,9
34863,442,178,5
34879,385,499,9
34894,439,203,5
34908,8,147,4
34926,593,490,7
34941,612,233,5
34957,608,379,6
34971,8,161,5
34989,539,714,8
35004,519,191,5
35020,593,270,5
35035,53,172,6
35051,341,578,7
35067,443,635,7
35083,477,494,8
35099,637,526,9
35114,566,324,6
35130,555,638,8
35146,271,274,8
35162,417,336,5
35177,563,639,8
35193,322,590,8
35209,356,408,6
35224,378,483,6
35240,499,223,7
35256,409,520,7
35272,620,228,5
35287,551,290,6
35303,512,474,9
35319,559,394,6
35335,492,116,5
35350,497,639,7
35366,637,390,6
35382,493,295,5
35397,412,447,6
35413,325,346,5
35429,497,624,8
35445,568,289,5
35460,543,630,9
35476,464,583,7
35492,613,346,9
35508,418,348,5
35523,578,203,8
35539,526,560,8
35555,369,505,7
35570,461,630,8
35586,526,407,5
35602,559,498,6
35615,7,220,4
35633,492,220,9
35648,20,704,9
35665,125,175,4
35681,532,676,10
35696,487,169,6
37609,589,479,6
37619,79,4
37629,382,156,5
37639,589,317,5
37649,506,631,8
37659,418,450,9
37669,658,612,9
37679,528,329,6
37689,493,389,6
37699,233,379,5
37709,502,305,5
37719,654,664,8
37729,530,241,5
37750,488,615,7
37761,354,630,9
37771,304,257,5
37781,429,592,7
37791,552,625,8
37801,440,650,9
37811,415,564,7
37821,517,370,6
37831,374,197,4
37841,7,260,4
37851,321,235,5
37861,182,275,5
37871,8,136,4
37881,626,190,4
37891,381,469,9
37901,432,241,5
37911,396,137,4
37921,379,169,4
37931,361,679,8
37941,8,522,9
37951,169,257,5
37961,453,320,5
37971,616,539,6
37981,443,578,8
37991,373,172,4
38001,45,550,7
38011,61,556,6
38021,434,703,10
38031,7,399,5
38041,511,502,6
38051,586,649,8
38061,678,284,5
38071,484,298,8
38081,425,365,5
38091,501,363,5
38101,464,180,5
38111,46,239,7
38122,704,208,4
38132,435,387,5
38142,540,258,4
38153,622,252,4
38164,597,635,8
38174,644,682,8
38184,587,578,9
38194,388,164,5
38204,387,159,6
38214,382,399,5
38224,462,541,7
38234,572,327,8
38245,528,482,6
38256,433,612,9
38266,360,167,4
38276,482,364,8
38286,415,176,3
38297,671,611,7
38307,412,374,5
38322,441,195,4
38338,524,147,4
38354,512,390,9
38369,668,573,7
38386,564,628,14
38401,528,456,8
38417,667,248,4
38432,465,461,6
38448,375,352,5
38464,398,640,9
38479,378,520,8
38495,546,385,5
38511,407,260,6
38527,476,653,7
38542,540,200,5
38558,350,457,9
38574,619,622,8
38590,661,303,5
38605,634,306,5
38621,506,201,4
38637,388,134,6
38653,382,547,9
38668,543,637,9
38684,661,241,4
38700,427,243,4
38715,451,183,7
38729,8,171,4
38747,374,220,7
38763,451,494,6
38778,441,459,6
38792,8,304,9
38810,634,539,6
38823,8,182,5
38841,566,249,4
38857,548,599,8
38872,552,674,8
38888,412,523,6
38904,428,563,7
38920,560,182,4
38935,510,510,6
38951,423,358,5
38967,506,213,5
38981,24,299,5
38998,593,295,5
39014,594,667,9
39030,520,667,8
39045,639,261,6
39062,550,573,13
39075,8,576,7
39093,648,676,9
39108,530,522,6
39124,426,394,6
39140,502,403,7
39155,290,249,6
39171,424,132,6
39187,570,188,4
39203,508,144,4
39218,588,337,5
39234,355,507,6
39250,513,277,4
39266,283,594,9
39281,545,414,5
39297,379,658,9
39313,641,459,6
39329,582,574,9
39344,429,613,8
39360,665,559,7
39376,557,310,8
39391,227,382,8
39407,434,233,4
39423,667,243,4
39439,461,579,8
39454,603,152,4
39470,641,190,6
39486,519,151,5
39502,573,482,6
39517,524,242,4
39533,508,392,9
39549,365,512,9
39564,637,318,5
39580,486,617,7
39594,8,158,6
39612,358,210,5
39627,415,225,4
39641,7,521,6
39659,520,224,4
39672,7,416,6
39690,698,435,6
39706,667,567,7
39720,55,159,4
39737,494,669,9
39753,408,545,8
39769,467,395,5
39782,8,171,4
39800,492,288,4
39816,606,409,6
39831,355,668,8
39847,532,613,7
39863,665,311,4
39879,412,241,4
39894,587,680,9
39910,719,333,4
39926,549,583,8
39942,429,173,4
39957,424,629,7
39973,262,627,7
39989,624,192,4
40004,399,292,4
40020,308,194,6
40036,440,191,4
40052,381,480,6
40067,516,262,5
40083,529,164,7
40099,608,526,6
40115,513,459,6
40130,587,636,9
40146,634,199,4
40162,544,665,9
40177,152,602,8
40193,442,616,8
40209,443,356,8
40225,290,168,4
40240,447,552,8
40256,569,566,7
40272,472,572,7
40288,617,365,5
40303,488,447,8
40319,269,256,6
40335,487,370,5
40350,487,630,9
40366,498,577,7
40382,588,596,8
40398,612,635,9
40413,522,627,8
40429,557,181,4
40445,507,506,6
40461,543,454,6
40476,454,469,6
40492,561,229,7
40508,446,301,4
40524,362,302,4
40539,462,341,5
40553,8,156,4
40571,621,338,8
40585,83,186,4
40602,720,258,4
40618,419,317,5
40634,491,701,9
40649,641,249,4
40665,452,177,4
40681,559,705,9
40696,411,523,9
40710,8,234,4
40728,526,255,4
40744,340,207,4
40759,608,524,7
40775,468,223,5
40791,444,297,8
40806,426,498,6
40822,578,206,4
40837,37,186,4
40851,8,212,4
40869,359,247,5
40885,303,628,9
40901,445,142,6
40916,457,661,8
40932,588,664,9
40947,60,215,5
40962,89,369,6
40979,539,340,6
40995,504,281,7
41011,619,178,4
41026,499,112,3
41042,585,512,6
41058,539,611,7
41074,508,212,5
41089,567,675,9
41105,595,587,7
41121,464,223,4
41137,335,382,8
41152,544,598,7
41168,735,642,8
41184,385,127,4
41199,420,441,6
41215,422,685,9
41232,390,680,10
41247,682,145,6
41262,477,566,9
41278,598,494,6
41294,450,168,4
41310,412,329,4
41325,504,140,4
41341,459,352,5
41357,507,642,9
41372,409,141,4
41388,488,303,5
41404,577,629,7
41420,312,615,7
41435,558,613,8
41451,690,495,7
41467,546,524,6
41483,570,213,4
41498,221,522,6
41514,366,256,6
41530,487,272,5
41546,573,611,7
41561,471,551,7
41577,251,128,7
41593,617,166,7
41608,626,355,5
41625,583,679,14
41640,513,340,5
41656,434,451,6
41671,464,192,4
41687,352,216,5
41703,519,220,5
41719,680,226,4
41733,41,195,4
41748,8,713,9
41766,419,760,9
41780,19,221,5
41797,363,260,5
41812,39,288,5
41828,130,257,5
41844,119,236,5
41860,246,195,4
41876,544,198,4
41891,236,282,5
41907,403,236,4
41923,729,575,7
41939,510,685,9
41954,661,244,5
41970,521,306,6
41986,427,548,6
42001,678,176,4
42017,511,204,4
42033,611,325,6
42047,8,204,4
42064,465,280,5
42080,594,617,9
42096,551,407,6
42111,465,431,9
42127,425,473,7
42143,351,262,5
42159,578,363,5
42174,442,175,4
42190,382,393,5
42206,616,370,5
42222,570,336,5
42237,607,275,9
42253,452,445,6
42269,654,614,9
42285,483,264,5
42300,497,175,4
42316,453,447,8
42332,371,128,4
42347,431,217,8
42363,573,618,9
42379,399,630,8
42395,647,387,5
42410,446,247,5
42426,413,452,6
42442,648,390,5
42458,500,319,5
42473,345,145,6
42489,452,271,5
42505,427,345,7
42520,548,613,8
42536,350,143,4
42552,497,232,5
42568,483,263,4
42583,552,148,6
42599,420,376,8
42615,497,169,4
42631,584,261,4
42646,513,564,7
42662,513,262,5
42678,521,184,4
42693,308,335,9
42709,505,188,4
42724,80,227,5
42741,160,214,4
42755,72,198,4
42772,605,198,4
42788,669,651,7
42803,375,169,4
42819,560,180,4
42835,532,314,4
42851,558,182,7
42866,456,225,4
42881,61,189,4
42898,417,284,5
42914,456,225,4
42929,388,454,9
42943,7,184,4
42961,405,373,5
42974,8,162,4
42990,8,195,4
43008,611,223,4
43022,18,254,4
43040,431,710,10
43055,417,634,9
43071,626,318,5
43086,487,189,4
43102,499,581,8
43118,382,298,7
43134,596,622,8
43149,646,628,9
43165,328,411,6
43181,571,407,5
43196,604,590,9
43212,465,296,7
43228,635,436,6
43244,308,595,6
43259,390,171,4
43275,619,637,8
43291,503,628,9
43307,633,400,6
43322,457,621,7
43338,491,594,9
43354,430,409,5
43369,558,317,5
43385,606,622,8
43401,221,413,5
43417,633,630,7
43432,312,626,9
43448,476,365,5
43464,550,626,7
43480,435,472,6
43495,448,585,8
43511,650,507,6
43527,454,276,4
43540,8,141,3
43556,8,570,8
43573,58,203,4
43589,649,396,6
43605,573,670,9
43621,654,446,6
43637,556,687,9
43650,8,201,4
43669,473,684,10
43682,8,155,4
43699,153,208,4
43715,435,693,9
43731,529,685,8
43747,461,587,7
43760,8,657,9
43778,450,442,9
43794,639,223,4
43808,99,175,4
43825,320,316,4
43841,202,318,4
43854,8,294,4
43872,403,641,9
43888,402,637,8
43904,501,642,8
43919,518,229,4
43935,420,530,6
43951,522,393,5
43967,331,319,7
43982,278,208,6
43998,450,234,4
44013,26,625,7
44029,643,356,5
44045,547,317,5
44061,517,476,9
44077,510,331,5
44092,450,452,6
44108,612,638,8
44124,378,644,9
44140,438,616,9
44155,659,180,4
44171,341,588,8
44187,432,193,4
44202,468,484,6
44218,503,313,8
44234,377,419,6
44250,507,671,7
44265,653,542,6
44281,617,143,3
44297,640,428,6
44313,603,580,6
44328,383,624,9
44344,506,623,8
44360,628,437,8
44376,535,160,4
44391,510,572,6
44407,420,527,6
44423,644,624,7
44438,509,437,6
44454,438,612,7
44470,343,595,6
44486,464,661,9
44501,526,616,8
44517,385,266,5
44533,354,470,9
44549,524,298,5
44563,88,232,4
44580,135,485,6
44595,98,171,3
44611,201,693,9
44627,625,378,6
44643,431,194,5
44659,557,460,6
44674,573,371,6
44690,657,273,4
44704,8,335,4
44721,307,672,8
44737,509,409,4
44752,96,204,4
44769,422,491,6
44784,442,513,8
44799,27,165,3
44816,664,676,9
44831,738,447,6
44847,504,193,4
44862,77,173,3
44879,508,670,8
44893,67,150,3
44910,673,621,8
44927,508,551,10
44941,576,651,9
44956,68,256,4
44973,428,345,5
44989,605,591,7
45004,440,289,4
45020,525,244,4
45036,569,410,9
45052,431,477,6
45066,10,461,6
45083,679,451,6
45099,577,300,5
45114,462,352,5
45130,425,430,5
45146,205,297,4
45162,601,441,6
45177,475,464,6
45193,553,157,3
45209,513,596,7
45225,386,200,4
45240,571,237,4
45256,492,344,5
45272,567,649,7
45287,519,279,5
45303,609,691,7
45319,338,368,4
45335,480,324,5
45350,545,208,4
45366,603,491,6
45382,579,219,4
45396,65,638,8
45412,43,359,5
45429,576,390,5
45445,589,649,8
45460,477,267,4
45476,315,405,8
45492,452,633,8
45505,8,141,3
45523,502,510,5
45539,511,651,8
45555,489,262,8
45569,82,256,5
45586,632,379,5
45602,471,364,5
45618,403,465,9
45633,467,302,4
45649,494,396,9
45663,7,241,4
45680,324,365,5
45696,595,352,4
45712,393,371,4
45728,540,559,6
45743,458,325,7
45759,503,388,9
45775,589,627,8
45790,545,661,8
45806,645,362,9
45822,603,415,5
45836,8,311,8
45853,660,590,9
45869,446,637,8
45885,367,376,8
45898,8,363,5
45914,7,691,9
45932,553,652,7
45946,65,278,7
45963,684,643,7
45977,8,180,4
45995,615,668,9
46010,610,534,6
46026,467,262,5
46042,437,265,4
46057,509,277,4
46073,650,161,4
46089,652,326,4
46105,400,374,5
46120,513,631,8
46136,657,304,4
46152,594,650,8
46168,613,560,9
46183,461,258,4
46199,417,176,5
46213,8,484,9
46230,470,373,5
46246,560,631,7
46262,674,181,5
46278,360,604,6
46292,65,467,6
46309,461,477,8
46325,619,628,8
46340,140,690,9
46356,670,612,8
46372,581,578,6
46388,216,318,4
46403,426,609,8
46419,411,533,6
46435,455,262,4
46451,636,198,4
46466,248,159,5
46482,500,615,8
46498,610,645,9
46513,540,582,7
46529,579,593,7
46545,484,462,9
46559,8,602,8
46576,590,203,6
46591,82,528,6
46608,522,566,8
46623,599,279,4
46637,8,390,5
46655,607,670,8
46671,486,413,5
46686,394,676,9
46702,563,317,5
46716,8,218,4
46733,705,255,4
46749,687,645,8
46765,624,253,4
46781,396,654,8
46794,8,295,6
46812,468,332,4
46825,8,504,6
46843,374,318,4
46859,654,375,5
46875,536,259,4
46890,534,648,8
46906,725,584,7
46922,431,510,6
46938,554,192,4
46953,474,163,5
46969,528,641,8
46984,55,165,4
47001,417,580,9
47016,169,219,4
47032,288,157,3
47048,500,507,6
47063,609,326,4
47079,668,640,8
47095,489,631,8
47111,537,566,6
47126,454,336,8
47142,643,291,5
47158,441,661,8
47174,381,661,9
47189,640,579,8
47205,591,684,9
47221,521,650,7
47237,216,303,4
47250,8,297,4
47268,482,287,4
47284,571,269,4
47299,629,325,5
47315,418,222,4
47331,642,595,7
47347,686,613,8
47362,437,143,5
47378,481,591,6
47392,8,183,3
47409,626,658,9
47425,324,536,7
47441,484,539,6
47457,478,592,8
47472,626,612,7
47488,587,353,5
47504,432,377,5
47521,312,409,13
47535,478,302,8
47550,61,570,7
47567,652,560,8
47581,40,105,4
47598,430,558,7
47614,349,343,5
47630,546,610,8
47645,406,396,5
47661,364,415,9
47675,8,611,8
47692,464,672,9
47708,427,662,9
47724,470,273,6
47740,556,409,5
47755,428,624,8
47769,7,405,5
47787,322,643,8
47802,667,272,8
47818,494,560,6
47834,619,534,6
47850,430,298,5
47865,249,201,4
47880,61,276,5
47897,735,363,5
47912,563,488,6
48634,,590,7
48644,432,545,6
48654,326,212,5
48664,580,640,9
48674,435,645,8
48684,536,401,5
48694,461,401,9
48704,644,499,6
48714,430,594,8
48724,520,290,7
48734,513,637,8
48744,635,493,8
48754,598,411,8
48764,412,383,5
48774,543,580,6
48784,490,287,6
48794,647,611,9
48804,186,626,9
48814,694,465,9
48824,421,607,6
48834,8,150,3
48844,620,526,6
48854,659,281,6
48864,285,615,8
48874,487,341,7
48884,587,412,8
48894,491,231,5
48904,512,441,5
48914,387,649,9
48924,544,608,8
48934,286,604,8
48944,84,462,5
48954,348,421,8
48964,7,625,8
48974,369,650,8
48984,8,649,9
48994,558,478,6
49004,627,312,8
49014,385,222,5
49024,571,436,5
49034,613,611,8
49044,248,320,7
49054,368,218,3
49064,499,143,3
49075,471,195,4
49086,499,459,5
49096,376,646,8
49107,526,280,4
49118,8,135,7
49129,350,275,5
49139,455,293,4
49150,504,632,7
49160,422,177,3
49170,533,358,4
49180,654,288,5
49190,8,464,5
49200,504,194,4
49210,437,235,3
49220,450,272,5
50857,
50868,504,8
50878,303,207,4
50888,475,215,4
50898,550,612,7
50986,,8
50996,,454,8
51006,450,651,9
51016,539,478,5
51026,542,611,8
51036,414,321,4
51046,437,425,5
51056,690,309,4
51066,600,340,4
51076,508,409,4
51086,496,564,5
51096,60,158,4
51106,653,258,4
51116,297,568,6
51127,8,671,9
51137,43,190,4
51147,686,665,8
51157,385,371,5
51168,472,599,7
51178,748,327,4
51188,668,394,5
51198,497,643,7
51208,618,380,6
51218,668,611,7
51228,69,182,2
51238,565,572,6
51249,644,412,4
51260,21,136,5
51270,633,319,5
51280,603,312,4
51290,457,520,6
51301,626,358,4
51311,477,316,7
51321,330,620,7
51331,524,595,8
51341,496,282,5
51351,678,591,7
51362,364,277,4
51372,8,576,7
51382,380,613,7
51392,587,431,5
51402,614,630,8
51412,602,620,8
51422,8,576,6
51433,8,658,7
51443,634,480,5
51453,525,201,4
51463,641,331,7
51474,307,648,8
51484,389,555,6
51495,600,412,5
51505,500,367,4
51515,637,578,7
51525,356,397,5
51535,643,607,8
51545,426,167,3
51556,364,369,8
51566,655,584,7
51576,421,206,3
51586,8,294,4
51596,496,316,6
51606,381,391,5
51616,38,485,5
51626,691,628,7
51636,223,271,4
51646,524,640,8
51656,440,256,4
51670,414,262,4
51686,544,367,4
51700,34,329,4
51717,525,533,6
51733,391,343,4
51749,533,516,6
51764,535,299,4
51780,507,291,4
51796,341,662,7
51809,8,261,4
51827,607,578,6
51843,673,462,5
51859,595,614,8
51874,460,210,3
51890,495,364,5
51906,604,378,4
51921,480,160,6
51937,439,209,3
51953,449,427,5
51969,470,588,6
51984,490,630,8
52000,592,646,7
52016,566,438,5
52032,529,280,5
52046,74,518,8
52063,112,442,6
52079,381,289,4
52094,579,363,5
52110,406,620,7
52126,575,307,4
52142,521,604,7
52157,453,280,4
52173,415,582,8
52189,646,426,6
52202,8,577,8
52220,301,148,3
52236,520,242,4
52251,40,425,5
52267,481,437,5
52283,100,590,6
52299,525,445,5
52315,351,111,5
52330,538,582,8
52344,8,611,7
52362,692,623,8
52377,509,576,8
52393,656,449,8
52409,618,593,8
52425,330,379,7
52440,469,630,8
52456,641,475,5
52472,262,617,7
52487,621,326,4
52502,91,623,6
52519,549,602,8
52535,450,398,8
52548,8,118,3
52566,626,440,5
52582,659,682,8
52595,8,204,3
52613,334,582,6
52629,324,206,4
52645,706,291,4
52660,597,170,3
52676,674,561,6
52691,42,269,4
52707,485,376,5
52723,293,635,6
52739,374,648,8
52752,8,329,4
52770,637,512,5
52786,481,633,8
52802,645,175,3
52817,631,631,8
52833,496,635,7
52849,645,520,6
52865,614,295,4
52880,512,205,5
52896,257,405,8
52912,626,624,8
52928,313,228,7
52941,9,423,5
52959,267,525,8
52975,477,568,7
52990,216,624,7
53006,411,592,8
53020,8,165,4
53037,483,399,5
53053,400,571,6
53069,524,616,7
53085,637,611,8
53100,417,616,7
53116,508,628,8
53130,8,377,4
53147,539,579,8
53161,8,200,3
53179,498,345,5
53192,8,306,4
53208,8,606,6
53226,543,199,5
53242,414,592,8
53257,501,531,8
53271,8,261,7
53289,521,413,4
53304,486,647,6
53318,8,237,3
53336,572,613,9
53352,646,621,6
53367,415,350,4
53383,521,274,4
53397,8,172,5
53414,441,682,9
53430,688,265,4
53446,291,578,8
53462,363,560,6
53477,590,218,6
53493,464,247,3
53509,355,655,7
53524,648,287,4
53540,656,621,8
53556,575,376,4
53572,572,265,7
53587,608,596,8
53603,604,520,5
53618,80,488,8
53634,692,669,6
53650,544,624,7
53666,423,249,6
53682,629,292,5
53697,403,591,8
53713,411,492,9
53729,205,520,6
53744,59,632,8
53760,552,335,4
53776,574,401,5
53792,378,315,4
53807,436,396,5
53823,565,489,5
53839,674,356,5
53855,551,611,8
53869,23,414,5
53886,673,653,8
53901,45,231,7
53917,730,619,8
53933,406,638,8
53949,669,258,4
53965,633,402,5
53979,85,522,6
53996,424,389,8
54012,280,538,5
54028,601,620,8
54043,470,638,8
54059,110,628,8
54075,590,237,4
54090,502,661,7
54106,512,381,5
54120,8,196,4
54138,147,475,9
54153,629,636,8
54169,586,582,6
54185,399,615,7
54201,435,617,6
54216,598,584,8
54232,646,444,9
54248,569,208,3
54263,648,336,6
54279,567,467,7
54295,585,617,7
54311,454,628,8
54326,501,293,7
54342,467,611,7
54356,8,608,7
54373,672,339,6
54389,295,476,5
54405,105,378,4
54421,657,441,8
54436,344,552,8
54452,482,268,5
54467,86,211,7
54483,686,597,8
54499,643,599,6
54515,476,599,8
54531,668,424,8
54546,664,395,4
54562,369,508,6
54578,369,612,8
54594,459,500,7
54609,637,445,8
54625,600,465,5
54641,651,545,6
54657,399,461,5
54672,492,593,7
54688,622,293,5
54704,429,590,6
54719,604,488,5
54735,528,364,8
54750,56,185,3
54767,425,200,3
54782,473,692,8
54798,599,298,4
54814,742,180,7
54829,441,475,5
54845,587,655,8
54859,8,158,3
54877,537,674,9
54892,586,225,6
54908,633,557,6
54923,34,245,7
54939,434,608,6
54955,473,364,8
54971,450,413,8
54987,480,603,6
55002,596,400,5
55018,358,587,7
55034,639,492,6
55050,351,261,3
55063,8,565,5
55081,483,627,7
55097,451,626,9
55112,504,466,6
55128,546,547,7
55144,603,478,5
55160,485,295,4
55175,619,350,4
55191,633,315,4
55207,557,634,8
55223,515,625,8
55238,544,390,5
55254,584,372,4
55270,664,282,3
55285,580,456,5
55301,470,383,5
55317,641,329,4
55333,378,592,7
55348,565,169,3
55364,545,582,8
55380,589,188,6
55396,321,312,7
55411,680,269,4
55427,503,523,8
55443,369,658,8
55458,558,623,8
55474,375,591,8
55490,495,656,9
55506,530,146,3
55519,7,248,3
55537,208,560,6
55553,243,651,7
55568,641,619,8
55584,449,516,8
55600,665,597,8
55616,623,180,4
55631,561,194,5
55647,549,205,6
55663,268,601,6
55679,533,608,8
55694,529,566,7
55710,560,598,8
55726,316,505,6
55741,562,406,8
55758,397,587,7
55773,425,275,7
55789,337,599,9
55804,596,596,9
55820,422,250,4
55834,8,275,4
55852,529,373,5
55867,637,372,6
55883,530,591,8
55898,76,344,5
55914,364,195,6
55930,666,250,4
55946,583,356,4
55962,436,498,6
55977,664,629,7
55993,819,529,6
56009,771,617,8
56024,276,267,4
56040,677,326,4
56056,608,194,4
56072,504,203,3
56087,621,226,3
56103,539,505,6
56117,8,204,4
56135,659,576,6
56150,523,218,4
56164,8,489,6
56181,59,279,8
56197,356,405,4
56213,507,351,4
56229,543,343,4
56244,517,398,5
56260,383,632,7
56276,514,601,8
56291,31,571,6
56307,114,228,3
56323,479,605,7
56339,607,599,8
56355,405,540,6
56370,510,336,4
56386,627,150,6
56402,552,450,5
56417,528,595,8
56433,379,180,3
56449,648,580,6
56465,487,579,8
56480,398,571,7
56494,8,626,9
56512,631,183,6
56527,481,393,8
56541,8,305,4
56559,558,422,5
56575,599,609,7
56590,639,573,8
56606,636,498,6
56622,520,200,3
56637,411,657,8
56653,433,230,4
56669,649,420,5
56685,377,401,8
56700,573,474,8
56716,659,227,5
56732,387,191,3
56748,658,386,4
56763,334,223,3
56779,445,157,3
56794,80,174,3
56810,678,427,5
56826,488,273,4
56842,533,674,9
56858,462,208,3
56872,55,654,8
56889,677,379,6
56905,480,410,8
56921,601,614,8
56936,558,606,8
56951,69,634,6
56967,91,374,4
56983,772,598,7
56997,8,600,8
57015,683,555,5
57030,639,286,4
57046,657,610,6
57062,333,461,7
57078,502,610,8
57092,99,385,5
57109,415,174,4
57125,416,180,4
57141,474,382,6
57156,645,606,8
57172,538,625,8
57188,599,449,5
57203,330,591,8
57219,567,430,5
57235,415,318,4
57248,8,613,7
57266,559,369,4
57282,532,635,7
57298,493,492,5
57313,640,517,8
57329,466,611,8
57345,389,320,7
57361,596,568,6
57376,600,497,5
57392,595,129,2
57408,599,135,2
57422,43,666,7
57439,503,528,6
57455,588,614,8
57471,650,630,6
57486,391,200,4
57502,541,523,5
57518,459,629,8
57534,471,614,7
57549,207,608,8
57565,401,492,5
57581,347,540,6
57597,430,434,5
57612,392,606,8
57628,454,348,4
57644,536,414,4
57657,8,429,4
57675,488,220,6
57690,52,369,8
57707,137,248,5
57722,519,572,6
57738,455,610,6
57754,636,420,4
57769,232,619,7
57785,516,338,4
57801,596,313,4
57817,377,630,8
57832,385,322,5
57848,631,284,7
57864,464,402,5
57880,499,495,5
57895,691,162,7
57911,305,373,6
57927,543,629,8
57942,476,224,4
57958,444,263,7
57974,556,643,8
57990,412,394,5
58005,424,151,3
58021,610,616,8
58037,411,560,9
58053,561,360,4
58068,653,179,3
58084,674,275,4
58100,394,363,5
58116,385,273,4
58131,578,194,3
58147,433,623,8
58163,399,223,4
58178,308,503,6
58194,608,582,8
58210,439,587,8
58226,700,561,8
58241,417,214,3
58257,431,490,7
58273,351,573,6
58286,8,603,7
58304,473,205,3
58320,637,399,3
58336,646,586,8
58351,539,561,6
58367,352,449,5
58383,388,145,5
58399,558,477,8
58414,453,597,7
58430,678,608,8
58446,395,572,6
58461,165,337,4
58477,605,575,7
58493,592,583,6
58509,369,424,8
58524,453,598,7
58540,232,363,6
58556,609,576,7
58572,358,373,6
58587,605,157,5
58603,443,576,8
58617,8,601,7
58634,689,351,4
58648,8,102,4
58666,292,412,5
58681,367,374,4
58697,486,682,9
58713,609,646,8
58727,8,145,3
58744,657,570,6
58760,705,362,4
58776,639,629,8
58789,7,394,5
58807,660,202,3
58823,410,635,8
58839,548,172,3
58854,421,399,9
58870,565,440,5
58886,415,154,3
58902,580,660,8
58917,656,376,7
58933,472,632,8
58949,639,634,6
58964,424,285,4
58980,600,491,5
58996,382,384,6
59012,491,528,8
59027,494,585,6
59043,412,472,6
59059,300,324,4
59075,383,339,8
59090,630,342,6
59106,368,510,7
59122,352,522,7
59137,379,589,7
59153,510,610,8
59169,459,586,6
59185,452,491,6
59200,338,452,5
59216,614,463,6
59232,377,503,6
59248,479,389,4
59263,467,575,7
59279,375,560,6
59295,485,576,6
59310,515,573,7
59325,75,503,7
59342,116,613,7
59358,498,437,5
59373,553,420,5
59389,334,360,7
59405,583,217,4
59421,462,647,8
59436,583,429,8
59452,466,427,5
59468,429,230,3
59483,663,423,5
59499,620,387,5
59515,572,139,3
59531,553,611,6
59546,398,399,4
59562,535,416,4
59578,332,345,8
59594,311,308,7
59609,546,283,4
59625,430,235,3
59641,173,651,7
59657,717,455,5
59672,496,573,7
59688,639,252,4
59704,381,591,8
59719,520,365,4
59735,342,587,7
59751,569,330,4
59767,751,594,7
59782,407,414,5
59798,460,457,8
59814,421,483,5
59830,485,612,8
59845,560,538,8
59861,597,563,7
59877,672,551,6
59892,625,393,5
59907,71,349,5
59924,692,343,8
59940,443,464,5
59955,618,606,7
59971,498,500,8
59987,664,508,5
60003,352,469,7
60018,659,460,5
60034,652,553,7
60050,439,351,4
60065,468,611,8
60081,299,239,4
60097,540,373,5
60113,664,671,9
60128,669,638,8
60144,636,588,6
60160,433,640,6
60176,416,274,4
60191,767,607,6
60207,333,294,4
60223,328,139,6
60238,587,634,7
60254,500,632,8
60270,366,315,4
60286,336,496,8
60301,504,263,3
60317,551,362,5
60333,529,572,6
60349,604,160,5
60364,347,608,7
60380,413,354,4
60396,508,330,4
60411,429,295,7
60427,349,580,8
60443,363,604,8
60459,670,483,7
60474,508,598,7
60490,540,470,5
60506,592,509,9
60522,519,460,8
60537,631,315,6
60552,12,478,7
60569,474,441,5
60582,8,175,2
60599,38,313,7
60616,638,617,7
60632,580,590,7
60647,367,382,5
60663,470,609,8
60679,443,300,4
60694,558,613,7
60709,71,369,8
60726,485,229,4
60742,524,556,8
60757,556,517,5
60773,656,236,3
60789,557,641,8
60804,485,608,8
60820,126,174,3
60836,666,189,3
60852,474,195,2
60867,468,431,5
60883,109,440,5
60899,481,179,7
60915,675,610,6
60930,378,270,4
60946,341,642,8
60962,280,337,5
60975,8,195,3
60993,330,619,7
61009,588,602,7
61025,421,217,4
61040,607,336,4
61056,616,490,5
61072,422,613,8
61088,659,523,6
61103,481,479,8
61119,569,433,4
61135,314,426,4
61150,612,610,6
61166,587,572,5
61182,372,489,5
61198,650,271,4
61213,388,409,5
61229,384,414,6
61245,450,313,4
61261,320,561,6
61276,429,576,6
61292,546,306,4
61308,291,564,6
61323,557,395,4
61339,607,618,7
61355,400,288,3
61371,660,611,8
61386,558,577,6
61402,384,594,8
61418,383,454,5
61434,437,566,8
61449,446,626,8
61465,625,598,7
61481,754,455,5
61496,372,634,8
61512,345,590,6
61528,301,252,3
61544,616,473,5
61559,412,188,3
61575,685,653,8
61591,440,272,3
61607,659,428,8
61622,531,629,7
61638,557,337,4
61654,484,455,7
61667,8,609,6
61685,331,275,6
61700,33,305,4
61717,479,604,7
61731,60,159,3
61748,456,596,8
61763,23,629,7
61779,376,198,5
61795,472,180,3
61811,642,592,7
61827,451,603,7
61842,503,601,8
61857,88,160,7
61874,380,593,7
61889,461,306,4
61905,648,418,4
61921,461,616,7
61936,40,422,6
61952,567,385,4
61968,413,232,4
61984,676,582,7
62000,621,581,7
62014,89,578,8
62031,362,351,4
62047,317,672,8
62062,473,589,6
62078,344,632,7
62094,669,271,6
62110,561,668,7
62125,425,648,8
62141,665,395,4
63452,94,8
66190,60,588,7
66200,0,5
66210,460,439,6
66221,131,593,7
66282,
66293,630,7
66304,413,604,12
66314,669,626,7
66325,680,314,4
66335,371,642,8
66345,465,310,4
66355,574,642,8
66366,474,447,5
66376,600,228,7
66386,423,645,9
66396,339,661,8
66406,275,310,4
66416,594,571,6
66426,436,167,6
66437,652,387,5
66447,640,300,4
66457,556,323,4
66468,378,324,4
66478,440,642,7
66488,335,341,4
66498,699,287,4
66508,488,370,5
66519,38,241,7
66529,523,192,3
66539,324,496,5
66549,389,560,5
66559,463,157,2
66569,94,276,3
66579,545,486,7
66589,376,622,8
66599,11,622,7
66609,340,600,8
66619,342,628,8
66629,756,599,7
66639,682,593,7
66649,636,457,5
66659,392,340,4
66669,652,608,7
66679,412,367,4
66689,436,596,8
66699,90,258,4
66709,672,354,5
66719,396,290,4
66729,492,622,7
66739,530,584,7
66749,89,263,6
66759,488,217,2
66769,493,595,5
66779,526,438,8
66789,391,633,9
66799,380,505,5
66809,114,199,3
66819,377,250,6
66829,543,298,4
66839,28,611,8
66849,474,340,4
66859,524,195,2
66869,490,194,4
66879,445,633,7
66889,426,213,6
66899,376,630,6
66909,476,272,4
66919,620,299,6
66929,558,526,8
66939,455,134,5
66954,444,294,4
66969,480,180,2
66985,396,573,8
66999,7,557,8
67015,36,302,4
67032,658,318,4
67048,343,335,4
67063,650,645,8
67078,71,296,4
67094,70,143,7
67111,568,161,3
67125,70,238,3
67142,654,587,8
67158,336,530,5
67173,614,605,8
67189,595,373,4
67205,553,289,4
67221,490,299,8
67236,672,343,4
67252,605,359,8
67268,503,583,7
67284,505,397,5
67299,385,203,2
67313,8,172,5
67331,474,241,4
67346,606,309,7
67362,372,591,7
67378,482,124,3
67394,118,410,4
67409,650,275,3
67425,464,530,7
67441,533,642,8
67457,632,320,4
67472,529,638,8
67488,515,176,3
67504,649,468,5
67519,348,247,5
67535,540,256,4
67551,676,494,6
67567,330,356,5
67580,8,182,3
67598,443,332,4
67614,493,480,8
67629,514,723,9
67645,348,214,7
67661,603,177,3
67677,445,549,6
67692,524,233,3
67708,503,232,3
67724,481,664,8
67740,536,401,4
67755,371,321,4
67771,563,649,8
67787,678,301,4
67802,413,494,6
67818,593,662,7
67834,334,635,7
67850,496,596,7
67865,585,583,7
67881,426,292,4
67897,456,380,4
67910,8,637,7
67928,438,675,8
67944,667,674,8
67960,668,264,3
67975,400,570,8
67991,455,262,4
68007,621,657,9
68023,670,603,7
68038,568,580,6
68054,406,604,7
68070,472,409,4
68085,357,257,6
68101,336,309,3
68117,354,584,5
68133,528,375,4
68148,291,163,5
68164,457,170,3
68180,138,648,8
68196,342,623,7
68211,616,377,5
68226,86,273,4
68243,503,705,9
68258,430,552,6
68274,405,524,7
68290,529,626,8
68306,534,613,8
68321,472,602,7
68337,386,516,5
68353,548,403,5
68369,400,229,7
68382,8,447,5
68400,420,156,3
68413,8,262,4
68431,441,553,6
68447,453,655,8
68463,198,269,4
68476,8,149,2
68494,470,356,4
68510,604,264,3
68526,357,471,5
68541,564,307,4
68557,396,238,3
68573,649,524,6
68588,611,316,4
68604,424,630,8
68620,395,630,8
68636,448,650,8
68651,662,453,5
68667,373,166,3
68683,598,528,6
68699,626,160,5
68714,321,631,7
68730,524,242,3
68746,670,520,5
68762,640,594,8
68777,444,477,5
68793,359,186,2
68809,487,236,3
68824,666,305,4
68840,342,406,4
68856,383,239,5
68872,648,659,7
68887,545,675,8
68903,329,246,3
68919,510,550,5
68935,641,618,9
68949,95,231,4
68966,162,276,4
68982,661,210,3
68997,634,594,6
69013,541,220,3
69028,76,165,2
69045,458,288,4
69060,368,223,5
69076,448,537,9
69092,625,357,5
69106,61,205,3
69123,616,474,5
69139,653,585,7
69155,302,483,7
69170,413,635,7
69186,531,311,5
69202,344,599,9
69218,541,626,9
69233,308,609,7
69249,654,637,8
69265,310,405,8
69280,379,376,4
69296,436,582,6
69312,545,581,6
69328,578,337,4
69343,495,304,7
69359,308,520,8
69375,495,214,5
69389,35,168,3
69406,715,238,3
69422,443,277,7
69438,332,195,3
69453,592,616,6
69469,438,552,8
69485,507,148,4
69501,459,489,5
69516,664,316,4
69532,110,239,3
69548,536,185,3
69564,369,493,5
69579,498,173,2
69595,104,249,4
69611,642,208,3
69626,615,252,3
69642,670,642,8
69658,660,387,4
69674,693,375,4
69689,441,671,7
69705,354,197,3
69721,432,674,7
69737,407,232,4
69752,498,635,8
69768,454,285,5
69784,366,412,6
69799,425,650,8
69815,653,627,7
69831,613,600,7
69847,418,146,3
69862,429,599,6
69878,370,215,4
69894,631,258,3
69910,600,616,8
69925,382,373,6
69941,550,545,8
69956,16,283,5
69972,502,409,5
69988,600,628,6
70003,91,663,7
70020,605,308,4
70035,575,554,8
70051,509,589,7
70067,412,380,8
70083,408,186,3
70098,498,229,4
70114,385,244,3
70130,645,626,8
70145,705,321,4
70161,638,447,5
70176,11,540,5
70193,562,331,4
70208,487,516,5
70224,520,298,3
70240,350,553,8
70256,700,604,7
70271,266,151,4
70287,519,637,8
70303,481,657,8
70318,364,615,7
70334,512,636,7
70351,377,635,13
70366,368,219,2
70381,650,624,8
70397,505,317,6
70413,474,173,3
70429,647,353,4
70444,510,539,8
70460,603,126,5
70476,468,481,7
70491,654,580,6
70507,613,577,5
70522,41,578,7
70539,640,603,7
70554,554,288,7
70570,663,410,3
70586,100,240,3
70602,583,333,9
70617,302,287,5
70633,357,363,5
70649,440,347,6
70664,649,166,3
70680,503,133,4
70696,370,583,6
70712,462,274,3
70727,615,635,8
70743,607,635,7
70759,540,520,5
70775,662,655,8
70790,546,329,4
70806,405,639,8
70822,624,629,8
70836,76,161,6
70853,473,715,8
70869,584,220,3
70885,497,339,4
70900,429,184,2
70916,456,211,6
70932,410,616,7
70948,117,228,3
70963,125,244,3
70979,585,244,3
70995,646,294,4
71009,43,325,4
71026,528,183,3
71042,308,672,9
71057,14,242,4
71073,501,567,6
71089,309,591,6
71105,651,295,4
71120,710,377,4
71136,433,402,4
71152,420,614,7
71168,516,441,5
71183,411,280,3
71199,429,252,2
71215,634,578,6
71231,597,304,3
71246,521,291,4
71262,448,284,6
71278,621,389,6
71294,319,400,6
71309,284,439,8
71325,306,349,4
71341,656,591,6
71356,624,408,4
71372,603,229,3
71388,635,349,4
71404,485,590,6
71419,397,454,4
71435,331,524,5
71449,8,248,4
71466,338,579,5
71480,8,703,8
71498,416,349,5
71514,528,233,3
71529,481,614,7
71545,569,545,6
71561,703,485,5
71576,351,642,8
71592,558,645,8
71608,475,277,6
71624,366,682,9
71639,641,245,4
71655,581,657,8
71671,424,442,8
71687,386,351,4
71702,576,400,4
71718,412,637,8
71734,590,520,8
71748,17,612,7
71764,41,580,8
71781,366,476,8
71797,368,311,4
71812,519,635,7
71828,446,603,6
71844,113,598,7
71858,97,590,7
71875,430,492,6
71891,651,589,7
71907,455,483,5
71922,553,359,5
71938,480,263,4
71954,616,241,5
71970,349,614,9
71985,529,286,4
72001,489,258,5
72015,8,463,5
72032,588,669,9
72048,644,460,7
72064,533,374,5
72080,671,603,8
72095,493,651,7
72111,432,373,8
72126,27,228,3
72143,681,645,8
72158,444,643,8
72174,397,298,7
72190,560,397,5
72204,26,378,4
72221,621,182,3
72237,425,245,4
72253,117,140,2
72268,514,155,2
72284,427,341,4
72300,658,319,4
72313,7,154,3
72331,488,262,4
72347,160,175,3
72363,630,660,8
72378,338,355,8
72394,654,240,5
72410,430,310,4
72425,649,332,4
72441,397,605,7
72457,431,228,5
72473,457,618,7
72488,329,356,4
72504,442,586,7
72520,418,620,8
72536,334,278,7
72552,308,274,5
72567,545,558,5
72583,518,597,5
72598,519,313,5
72614,553,361,5
72630,668,596,9
72646,650,414,5
72661,452,645,8
72676,47,275,5
72693,706,624,7
72709,381,622,7
72724,448,458,8
72740,612,638,8
72756,433,288,6
72770,99,264,3
72787,693,433,5
72803,390,609,6
72819,488,646,7
72834,459,324,4
72850,496,629,8
72865,24,540,6
72880,14,276,3
72897,635,715,8
72913,521,447,5
72929,551,622,8
72944,534,289,4
72960,153,230,3
72976,596,687,9
72992,664,386,5
73007,510,656,8
73023,349,418,4
73039,101,404,8
73054,585,371,5
73070,453,588,6
73086,505,321,7
73102,481,613,7
73117,355,255,4
73133,217,623,8
73149,368,589,8
73165,370,369,4
73180,456,261,5
73196,626,333,3
73212,577,576,6
73227,426,583,6
73243,438,318,5
73259,388,414,7
73274,32,579,7
73290,659,380,5
73306,441,578,8
73322,401,550,8
73338,383,445,8
73353,565,587,7
73369,457,616,7
73385,435,518,7
73400,308,611,7
73416,686,352,5
73432,490,307,4
73448,609,526,5
73463,644,632,6
73479,391,536,7
73495,382,648,8
73511,647,241,3
73526,451,604,6
73540,7,401,4
73558,446,653,8
73573,640,507,5
73589,459,576,7
73605,612,608,8
73621,571,631,8
73636,245,317,3
73652,327,233,4
73668,316,271,6
73683,415,625,7
73699,664,423,4
73715,672,298,6
73731,668,573,8
73746,321,321,4
73762,391,221,3
73778,427,432,5
73794,385,546,5
73809,674,272,3
73825,301,294,3
73839,8,251,5
73856,221,262,5
73872,461,297,4
73886,7,351,3
73904,628,404,4
73919,326,459,5
73934,37,290,5
73951,496,465,5
73966,680,603,8
73982,367,566,9
73998,369,382,4
74014,364,483,8
74029,437,289,4
74043,8,234,6
74061,504,630,8
74076,596,560,8
74090,8,267,5
74108,413,591,6
74123,473,618,7
74139,602,620,7
74155,380,578,7
74171,361,390,8
74186,450,178,6
74202,591,405,4
74218,338,677,8
74234,698,420,4
74249,317,390,4
74265,340,263,2
74281,448,663,8
74297,581,278,4
74312,404,193,6
74328,598,446,5
74344,293,669,7
74359,788,510,5
74375,557,584,7
74391,363,599,6
74407,573,323,4
74421,85,142,3
74438,472,174,3
74454,661,345,4
74469,339,567,5
74485,605,389,4
74501,546,379,4
74517,550,594,6
74531,22,386,7
74548,540,266,6
74564,451,352,3
74580,577,576,5
74595,450,591,7
74611,295,358,7
74627,485,479,6
74642,506,587,8
74658,480,279,5
74674,569,358,4
74690,664,603,7
74705,661,427,7
74720,25,448,4
74737,668,348,5
74750,8,591,8
74768,246,643,7
74784,461,158,6
74800,658,345,3
74814,86,619,7
74831,573,525,6
74847,672,439,5
74863,638,422,5
74878,269,318,4
74894,562,233,2
74910,428,187,2
74925,418,382,4
74941,235,190,2
74957,672,428,7
74973,370,614,8
74986,8,219,4
75004,593,729,8
75020,674,662,8
75035,401,181,2
75051,651,528,5
75067,411,453,5
75083,529,594,7
75098,540,470,4
75114,632,276,3
75130,630,488,5
75146,618,592,7
75161,631,613,7
75177,126,608,6
75193,437,219,4
75208,349,549,5
75223,36,384,7
75240,488,593,6
75253,8,516,5
75271,371,575,7
75287,603,461,5
75303,422,366,7
75318,485,304,8
75334,510,242,6
75350,651,144,3
75366,372,408,7
75381,590,501,5
75397,445,276,6
75413,726,602,7
75429,429,570,6
75444,657,580,6
75460,432,605,7
75476,299,239,3
75491,680,319,4
75507,427,667,7
75523,613,518,5
75539,315,277,4
75554,550,300,3
75570,447,371,3
75586,348,618,7
75602,455,657,8
75617,515,482,5
75633,598,348,4
75649,299,506,6
75665,274,551,8
75680,603,354,4
75696,392,511,8
75712,263,290,7
75726,97,587,6
75743,325,629,7
75759,615,617,7
75775,479,393,4
75790,471,382,5
75806,624,618,7
75822,581,384,4
75837,467,613,6
75853,504,597,7
75869,409,613,7
75883,8,594,6
75900,306,528,6
75915,19,320,6
75932,683,606,8
75947,479,368,8
75963,126,420,5
75979,291,589,8
75995,314,380,8
76010,630,625,8
76026,382,343,4
76042,382,267,3
76058,645,582,7
76073,411,256,6
76089,485,253,3
76105,681,298,5
76120,129,601,8
76136,417,515,8
76152,398,238,3
76168,334,436,5
76183,110,512,5
76199,696,283,3
76215,618,573,6
76231,686,675,8
76246,515,216,4
76262,349,164,5
76278,454,576,7
76294,558,148,2
76309,306,663,8
76325,482,599,7
76339,8,305,8
76356,673,661,8
76372,662,261,3
77416,,453,4
77426,6
77436,425,580,7
77446,2,594,6
77456,603,464,5
77466,409,574,8
77476,533,494,7
77486,482,496,6
77496,490,438,4
77506,118,217,3
77517,657,290,6
77527,8,389,7
77537,568,459,5
77547,493,216,3
77557,34,609,7
77568,535,503,5
77578,513,325,4
77588,435,651,8
77598,8,376,4
77608,577,572,5
77618,592,626,8
77628,605,348,7
77638,563,607,6
77648,651,575,5
77658,132,216,3
77668,609,305,4
77678,683,404,4
77688,418,258,3
77698,655,413,5
77708,456,357,4
77718,531,306,4
77728,667,596,7
77738,529,290,6
77748,459,344,4
77758,392,410,6
77768,655,601,6
77778,293,584,7
77788,723,549,6
77798,640,581,6
77808,467,207,4
77818,606,580,7
77828,463,389,5
77838,620,480,5
77848,314,384,8
77858,518,565,5
77868,332,599,6
77878,533,586,4
77888,568,591,7
77898,544,341,4
77908,598,235,3
77918,438,584,7
77928,655,461,4
77938,409,373,4
77948,69,146,2
77958,699,619,6
77968,495,348,4
77978,512,431,8
77988,375,352,4
77998,8,151,3
78008,418,246,3
78018,582,239,3
78028,602,683,8
78038,438,160,3
78048,576,615,7
78058,621,562,5
78068,598,637,8
78078,291,340,6
78089,554,642,8
