14959,17
14969,334,653,18
14979,332,232,17
14989,328,320,18
14999,340,236,16
15009,322,240,17
15019,348,235,17
15029,363,603,18
15039,348,224,18
15049,330,293,18
15059,328,200,18
15069,348,183,16
15079,357,259,17
15089,333,254,17
15099,331,216,17
15109,322,232,17
15119,341,224,18
15129,342,444,18
15139,353,740,19
15149,354,304,17
15159,348,260,17
15169,338,332,17
15179,349,461,18
15189,331,624,19
15199,483,228,17
15209,445,652,19
15219,412,444,18
15229,342,378,17
15239,344,650,19
15250,338,227,18
15260,351,350,18
15270,346,705,19
15280,342,285,17
15290,349,170,17
15300,326,309,18
15310,336,249,17
15320,331,254,18
15330,329,199,17
15340,328,450,18
15350,325,245,17
15360,330,232,18
15370,342,233,17
15380,328,248,17
15390,345,245,17
15401,321,447,19
15411,339,243,17
15422,345,497,20
15432,359,323,19
15443,338,243,18
15453,328,314,18
15463,334,168,17
15473,329,231,18
15483,347,354,18
15493,308,197,17
15503,329,240,17
15513,363,288,17
15524,318,241,17
15534,339,632,20
15544,354,452,18
15556,345,648,19
15571,714,288,19
15587,351,275,16
15603,334,208,17
15619,344,363,18
15634,335,281,17
15650,321,261,17
15666,318,547,17
15682,332,646,18
15698,341,234,17
15713,334,245,16
15729,329,248,17
15745,334,394,19
15761,327,258,16
15776,316,276,17
15792,325,467,18
15808,437,341,18
15824,324,207,17
15839,334,233,17
15855,340,313,17
15871,313,504,19
15887,310,355,17
15903,337,224,17
15918,336,250,17
15934,325,258,16
15950,336,215,16
15966,335,687,19
15981,327,229,17
15997,316,236,16
16013,321,684,19
16029,333,232,16
16044,329,614,18
16060,332,364,17
16076,315,224,17
16092,341,199,17
16108,334,530,18
16123,323,548,18
16139,333,286,17
16155,331,205,16
16171,323,324,17
16186,329,198,16
16202,316,240,17
16218,327,222,17
16234,333,314,17
16250,331,409,18
16265,358,244,17
16281,345,246,17
16297,338,208,17
16313,333,270,17
16328,365,481,18
16344,351,547,18
16360,340,280,16
16376,336,246,17
16391,346,683,18
16407,347,619,19
16423,336,243,17
16439,341,225,17
16455,356,256,17
16470,296,200,16
16486,333,251,17
16502,351,262,17
16518,389,252,17
16533,334,238,16
16549,347,552,18
16565,346,407,17
16581,337,221,17
16596,341,243,17
16612,331,191,17
16628,335,250,17
16644,353,220,17
16660,350,242,17
16675,360,631,18
16691,363,239,17
16707,388,284,17
16723,363,594,18
16738,348,713,19
16754,350,226,16
16770,336,209,16
16786,348,237,17
16802,352,655,18
16817,336,630,19
16833,345,237,17
16849,358,275,16
16865,355,240,17
16880,352,257,17
16896,342,234,17
16912,357,206,17
16928,334,187,17
16943,344,248,17
16959,358,264,17
16975,356,232,17
16991,332,227,17
17007,346,349,17
17022,339,638,17
17038,380,268,17
17054,392,494,18
17070,350,704,19
17085,344,405,17
17101,359,267,16
17117,336,399,17
17133,344,246,17
17149,338,273,17
17164,368,239,17
17180,354,251,17
17196,346,333,16
17212,333,235,16
17227,335,658,18
17243,353,239,17
17259,331,264,16
17275,336,699,18
17290,353,657,19
17306,371,229,17
17322,336,254,16
17338,347,656,18
17354,343,248,17
17369,336,240,16
17385,320,218,15
17401,334,240,14
17417,403,396,15
17432,318,204,14
17448,339,243,13
17464,349,201,12
17480,371,249,13
17496,352,261,12
17511,372,399,12
17527,322,263,13
17543,348,258,12
17559,355,211,12
17574,333,242,11
17590,348,227,12
17606,343,353,14
17622,332,636,13
17637,338,664,15
17653,322,479,12
17669,343,204,11
17685,346,310,12
17701,328,635,13
17716,361,447,13
17732,363,256,12
17748,349,323,14
17764,362,405,13
17779,356,331,12
17795,358,237,11
17811,349,198,13
17827,354,233,11
17843,332,299,12
17858,363,253,12
17874,361,248,11
17890,346,274,12
17906,369,224,11
17921,346,262,11
17937,334,239,10
17953,356,690,14
17969,365,235,11
17984,352,342,12
18000,343,286,12
18016,378,470,12
18032,380,324,12
18048,357,395,14
18063,359,210,13
18079,370,275,11
18095,353,270,11
18111,336,245,13
18126,352,501,13
18142,340,248,12
18158,366,281,11
18174,364,222,11
18189,360,732,15
18205,335,244,11
18221,334,277,12
18237,360,293,12
18253,357,531,13
18268,372,175,11
18284,338,252,11
18300,354,273,11
18316,352,252,11
18331,356,276,11
18347,628,230,11
18363,355,706,15
18379,327,267,11
18394,322,330,11
18410,348,218,11
18426,346,225,11
18442,342,252,12
18458,347,246,12
18473,332,210,10
18489,346,322,12
18505,364,231,11
18521,348,218,11
18536,418,266,11
18552,341,226,11
18568,337,356,11
18584,337,267,11
18600,326,195,10
18615,355,688,14
18631,350,202,11
18647,360,216,11
18663,349,345,12
18678,338,698,14
18694,344,265,11
18710,357,752,15
18726,341,232,11
18741,358,581,13
18757,578,178,12
18773,348,670,15
18789,342,244,13
18805,367,222,11
18820,337,244,11
18836,334,507,15
18852,328,688,15
18868,383,234,12
18883,353,513,12
18899,333,257,11
18915,341,260,12
18931,348,258,11
18946,352,166,11
18962,355,193,10
18978,353,672,13
18994,339,227,11
19010,356,312,12
19025,348,262,11
19041,361,401,14
19057,341,244,11
19073,335,260,12
19088,344,241,11
19104,336,287,12
19120,351,244,12
19136,336,332,11
19152,353,248,11
19167,343,225,10
19183,343,734,15
19199,343,700,14
19215,343,246,11
19230,337,276,11
19246,351,263,11
19262,340,741,15
19278,318,259,12
19293,337,235,11
19309,350,185,11
19325,333,235,11
19341,358,227,12
19357,347,646,15
19372,334,212,11
19388,363,232,12
19404,338,257,11
19420,347,352,12
19435,343,213,11
19451,363,251,11
19467,335,685,14
19483,351,239,12
19499,344,255,13
19514,332,197,12
19530,345,435,17
19546,336,212,14
19562,343,234,15
19577,344,680,18
19593,371,231,15
19609,356,199,15
19625,345,217,16
19640,335,257,16
19656,394,257,16
19672,347,208,16
19688,348,261,16
19704,346,240,16
19719,325,627,17
19735,341,213,17
19751,336,225,16
19767,338,250,18
19782,328,304,17
19798,362,420,19
19814,353,200,17
19830,351,250,16
19845,359,457,17
19861,362,292,16
19877,336,203,17
19893,334,239,17
19909,362,259,17
19924,343,238,16
19940,356,246,17
19956,351,266,16
19972,350,579,18
19987,367,258,17
20003,343,270,17
20019,342,262,17
20035,340,243,17
20051,355,188,16
20066,364,264,17
20082,361,263,17
20098,361,272,18
20114,322,269,18
20129,338,225,17
20145,347,214,17
20161,334,235,18
20177,336,256,17
20192,326,619,19
20208,339,200,17
20224,357,216,17
20240,333,280,16
20256,345,260,18
20271,339,238,17
20287,349,656,19
20303,355,668,19
20319,347,688,18
20334,336,338,18
20350,336,251,17
20366,333,246,16
20382,350,246,17
20397,351,218,17
20413,368,415,17
20429,324,186,16
20445,339,242,16
20461,315,748,18
20476,323,234,14
20492,339,409,14
20508,325,237,13
20524,321,232,13
20539,326,175,12
20555,317,145,12
20571,308,224,12
20587,320,185,12
20602,341,305,12
20618,357,250,12
20634,347,393,12
20650,335,308,12
20666,513,290,12
20681,332,297,12
20697,334,328,12
20713,358,612,13
20729,347,263,12
20744,321,248,12
20760,343,270,12
20776,362,289,12
20792,353,282,12
20808,348,191,12
20823,332,188,11
20839,337,220,11
20855,311,202,11
20871,344,205,12
20886,336,645,14
20902,327,168,12
20918,346,385,12
20934,356,251,12
20949,363,270,11
20965,365,521,13
20981,361,443,13
20997,346,253,12
21013,344,317,12
21028,353,699,14
21044,359,231,12
21060,368,248,12
21076,356,297,12
21091,381,253,12
21107,360,240,12
21123,346,228,11
21139,360,704,13
21154,360,244,12
21170,366,254,12
21186,381,224,12
21202,359,228,12
21218,357,492,12
21233,344,238,12
21249,349,272,12
21265,343,624,14
21281,353,254,12
21296,351,285,12
21312,364,267,12
21328,363,235,11
21344,340,219,12
21360,344,200,11
21375,358,250,11
21391,362,743,14
21407,352,590,13
21423,357,383,12
21438,342,236,11
21454,363,203,11
21470,355,288,12
21486,365,232,12
21501,357,254,12
21517,350,238,12
21533,349,624,14
21549,357,439,13
21565,343,241,12
21580,340,205,11
21596,336,250,12
21612,352,194,12
21628,345,261,12
21643,336,278,12
21659,342,225,12
21675,329,229,11
21691,335,301,12
21707,346,298,12
21722,344,264,12
21738,346,668,15
21754,340,553,15
21770,355,211,11
21785,354,217,11
21801,350,327,12
21817,330,210,12
21833,352,658,14
21848,339,253,11
21864,355,248,11
21880,368,278,12
21896,365,469,12
21912,358,241,12
21927,359,251,11
21943,359,276,12
21959,362,195,13
21975,353,309,12
21990,345,245,11
22006,355,444,13
22022,358,206,11
22038,363,258,11
22054,357,249,11
22069,357,716,14
22085,353,657,14
22101,359,233,12
22117,366,207,11
22132,368,267,11
22148,377,258,12
22164,356,406,13
22180,340,314,12
22195,350,377,12
22211,359,244,12
22227,355,405,12
22243,345,268,12
22259,348,256,12
22274,341,397,12
22290,361,276,12
22306,346,393,12
22322,366,260,12
22337,366,267,12
22353,357,234,12
22369,369,226,11
22385,368,237,12
22400,373,487,12
22416,419,244,12
22432,355,259,11
22448,368,751,14
22464,358,225,12
22479,358,195,12
22495,355,241,12
22511,374,272,11
22527,349,319,12
22542,354,461,13
22558,348,231,11
22574,362,241,12
22590,372,252,12
22606,353,311,11
22621,373,629,14
22637,393,518,12
22653,365,268,11
22669,361,276,12
22684,352,246,11
22700,378,329,12
22716,344,548,12
22732,370,273,12
22747,357,261,12
22763,350,237,12
22779,375,499,13
22795,351,354,14
22811,448,468,13
22826,349,222,11
22842,377,242,11
22858,371,365,12
22874,359,204,12
22889,362,614,14
22905,342,767,14
22921,354,244,12
22937,343,286,13
22952,336,346,12
22968,358,244,14
22984,357,247,12
23000,357,464,13
23016,350,213,11
23031,373,336,12
23047,361,606,13
23063,378,625,14
23079,358,351,13
23094,351,247,12
23110,342,261,11
23126,358,247,12
23142,373,300,14
23158,383,244,12
23173,365,747,15
23189,360,249,12
23205,373,284,12
23221,398,761,15
23236,359,267,12
23252,363,250,12
23268,354,226,13
23284,367,506,15
23299,372,256,11
23315,354,261,13
23331,362,242,13
23347,367,230,12
23363,360,449,13
23378,360,229,12
23394,366,250,12
23410,353,256,12
23426,331,234,11
23441,351,233,12
23520,367,255,12
23568,359,259,12
23583,339,273,12
23599,371,234,12
23615,370,260,11
23631,366,249,12
23646,387,289,12
23678,332,292,12
23694,344,233,12
23710,358,263,12
23725,360,473,13
23757,349,274,12
23804,347,231,12
23836,345,631,14
23883,346,172,12
23899,336,644,14
23930,360,338,12
23946,347,264,11
23978,376,266,13
23993,356,631,16
24009,352,243,13
24025,348,268,13
24041,360,254,13
24056,349,221,14
24072,354,283,14
24088,367,377,14
24104,352,246,15
24120,349,257,15
24135,343,220,14
24151,350,354,16
24167,358,299,16
24183,366,299,16
24198,346,366,16
24230,400,317,16
24246,358,245,16
24262,339,229,16
24277,348,272,16
24293,352,263,16
24309,358,365,16
24325,359,274,15
24340,365,733,18
24356,375,274,17
24372,375,396,16
24388,356,445,16
24403,336,249,16
24419,352,191,15
24451,367,617,18
24467,353,668,18
24482,350,243,16
24498,354,228,16
24514,374,268,16
24530,375,661,17
24593,352,256,16
24608,375,240,16
24672,335,371,17
24719,334,456,17
24735,351,605,16
24750,359,229,14
24766,363,176,14
24782,348,237,14
24798,369,315,14
24845,352,627,14
24861,340,460,13
24908,366,229,13
24924,325,224,13
24940,370,730,15
24955,357,256,12
24971,361,492,13
24987,356,208,12
25003,357,299,13
25019,362,260,12
25034,351,279,12
25050,345,313,12
25066,329,256,13
25082,345,235,12
25097,346,279,12
25113,358,257,12
25129,364,295,12
25145,357,248,12
25160,335,251,12
25176,351,259,12
25192,345,280,12
25208,374,267,12
25224,350,300,12
25239,368,227,12
25255,350,422,13
25271,351,295,12
25287,358,251,12
25302,353,253,12
25318,345,231,12
25334,367,222,12
25350,348,245,11
25365,363,263,12
25381,418,236,11
25397,318,392,12
25444,357,724,15
25602,368,212,12
25618,362,289,14
25634,344,674,14
25649,360,243,12
25728,331,347,12
28922,43,542,12
28932,355,333,12
28942,357,267,12
28952,371,603,14
28962,331,230,11
28972,357,198,11
28982,343,277,12
28992,374,269,12
29002,352,310,12
29012,349,245,12
29022,359,225,12
29093,344,239,14
29103,347,553,14
29113,358,247,12
29123,375,232,12
29133,349,318,14
29143,354,187,11
29153,347,426,14
29163,359,254,12
29173,362,655,14
29183,345,349,12
29193,362,264,11
29203,341,349,11
29213,355,267,12
29223,360,256,12
29233,362,256,12
29243,353,348,13
29253,359,277,12
29263,360,196,11
29273,346,249,12
29283,356,580,13
29293,364,221,12
29303,368,233,11
29313,371,359,12
29323,350,314,12
29333,346,237,12
29343,341,291,12
29353,363,501,12
29363,351,288,12
29373,348,286,12
29384,329,289,14
29394,373,271,11
29405,352,207,11
29415,343,246,11
29425,339,265,12
29436,358,263,12
29446,359,260,12
29456,349,310,12
29466,360,231,12
29476,364,295,12
29486,356,299,12
29496,371,335,11
29506,356,330,12
29517,367,411,12
29527,361,653,14
29537,368,302,12
29547,377,204,12
29557,380,539,14
29567,355,723,14
29578,344,287,12
29588,374,767,15
29598,358,730,14
29608,338,218,11
29618,335,256,13
29628,351,633,13
29638,387,235,12
29649,356,300,12
29659,356,273,12
29671,333,290,12
29687,340,252,12
29703,361,242,12
29718,356,262,13
29734,354,259,12
29750,355,269,12
29766,353,286,12
29781,513,261,12
29797,342,433,13
29813,355,235,12
29829,353,598,13
29845,538,243,12
29860,374,264,11
29876,377,394,12
29892,358,264,12
29908,376,310,12
29923,376,249,12
29939,370,463,13
29955,356,237,12
29971,334,650,13
29986,346,276,12
30002,349,256,11
30018,348,222,12
30034,347,324,12
30050,362,237,12
30065,370,625,15
30081,358,236,11
30097,357,265,12
30113,363,292,12
30128,355,246,11
30144,368,191,11
30160,371,210,12
30176,348,231,12
30192,379,261,11
30207,381,397,12
30223,379,609,13
30239,359,256,11
30255,389,231,12
30270,377,325,12
30286,367,242,12
30302,360,676,15
30318,356,250,12
30333,382,458,13
30349,386,661,15
30365,341,253,12
30381,351,287,12
30397,373,298,12
30412,352,421,12
30428,363,238,12
30444,375,327,12
30460,357,194,12
30475,354,213,12
30491,334,280,12
30507,354,322,14
30523,326,700,15
30538,366,507,13
30554,381,471,13
30570,378,215,11
30586,373,212,12
30602,347,278,12
30617,356,602,14
30633,345,577,14
30649,340,226,12
30665,374,272,14
30680,362,487,15
30696,356,238,11
30712,349,234,13
30728,380,248,12
30743,360,293,13
30759,353,256,12
30775,375,261,12
30791,361,273,13
30807,363,496,12
30822,380,258,12
30838,378,439,14
30854,340,247,12
30870,369,719,15
30885,363,247,12
30901,363,286,12
30917,358,271,12
30933,369,280,12
30949,378,291,12
30964,346,279,11
30980,350,693,15
30996,368,233,12
31012,354,336,14
31027,355,519,14
31043,383,268,12
31059,360,245,12
31075,360,206,11
31090,359,231,12
31106,370,621,13
31122,378,358,12
31138,375,707,14
31154,370,245,12
31169,352,264,12
31185,356,216,12
31201,342,546,13
31217,362,347,14
31232,358,217,11
31295,357,221,11
31305,373,257,12
31315,366,714,14
31325,352,230,12
31336,359,672,15
31347,382,268,12
31380,370,231,12
31390,360,364,12
31402,346,188,11
31413,343,241,12
31469,379,299,12
31479,377,226,12
31489,364,255,12
31500,350,270,11
31514,368,276,12
31525,349,563,13
31536,356,250,12
31546,346,181,12
31557,339,255,13
31567,382,313,11
31578,361,381,12
31588,361,401,12
31598,344,308,12
31611,346,276,12
31627,358,214,11
31642,368,407,12
31658,356,277,12
31674,349,704,14
31690,354,280,12
31706,343,339,12
31721,347,259,11
31737,369,236,11
31753,379,228,11
31769,360,257,11
31784,350,233,11
31800,386,257,12
31816,341,373,12
31832,348,419,13
31848,367,287,12
31863,362,290,12
31879,352,285,12
31895,331,582,12
31911,356,235,12
31926,375,766,15
31942,378,253,11
31958,363,602,14
31974,364,181,12
31989,384,247,12
32005,348,263,12
32021,373,270,12
32037,395,270,12
32053,341,216,12
32068,380,248,12
32084,364,275,12
32100,377,258,12
32116,353,274,12
32131,355,261,12
32147,355,435,14
32163,370,217,11
32179,358,256,12
32194,369,251,12
32210,348,350,13
32226,378,305,12
32242,362,290,12
32258,375,746,15
32273,385,252,12
32289,383,523,15
32305,365,251,12
32321,364,426,12
32336,357,628,14
32352,378,581,13
32368,369,638,14
32384,347,633,14
32400,392,211,12
32415,364,679,14
32431,364,231,12
32447,376,618,14
32463,355,447,13
32478,366,233,12
32494,369,227,12
32510,359,226,12
32526,364,661,14
32542,360,340,12
32557,375,564,13
32573,358,480,13
32589,352,279,12
32605,369,722,14
32620,351,681,15
32636,342,401,13
32652,370,532,13
32668,379,601,14
32683,505,257,12
32699,359,654,13
32715,350,256,12
32731,359,275,12
32747,357,239,12
32762,356,305,12
32778,377,223,11
32794,369,674,14
32810,353,506,13
32825,354,648,14
32841,371,317,12
32857,357,360,12
32873,362,291,12
32888,331,291,12
32904,349,253,12
32920,364,204,11
32936,377,728,15
32952,372,305,12
32967,366,246,12
32983,364,204,12
32999,348,400,12
33015,332,202,11
33030,321,280,12
33046,362,268,12
33062,352,217,11
33078,345,440,12
33093,383,279,12
33109,366,426,15
33125,345,249,12
33141,334,745,14
33157,357,264,11
33172,351,227,11
33188,356,365,12
33204,431,363,12
33220,356,701,15
33235,377,208,11
33251,355,250,12
33267,358,244,12
33283,362,390,12
33299,375,219,10
33314,347,234,11
33330,365,256,11
33346,347,443,12
33362,359,496,15
33377,363,271,12
33393,353,349,12
33409,356,244,11
33425,369,236,12
33440,386,664,15
33456,358,642,14
33472,377,624,13
33488,350,314,12
33504,373,614,14
33519,380,194,13
33535,370,632,14
33551,372,416,12
33567,704,396,12
33582,363,635,13
33598,348,582,13
33614,357,670,14
33630,366,289,14
33646,360,394,12
33661,348,373,12
33677,350,230,11
33693,372,276,12
33728,366,694,14
33739,381,283,13
33750,361,416,12
33761,384,613,13
33772,352,280,13
33799,357,480,14
33810,475,535,13
33820,345,375,12
33835,353,222,10
33851,366,377,12
33866,374,504,13
33882,359,455,12
33898,358,400,12
33935,352,572,13
33945,361,382,12
33955,388,293,12
33965,379,243,11
33977,367,579,14
33993,360,618,14
34008,349,196,13
34024,389,709,13
34040,401,243,11
34056,360,604,14
34071,362,435,12
34087,368,217,12
34103,350,235,11
34119,339,722,14
34134,318,206,14
34150,374,217,10
34166,358,492,13
34182,374,229,11
34198,353,409,12
34213,368,240,13
34229,351,625,14
34245,352,350,11
34261,360,224,11
34276,361,206,11
34292,370,251,10
34308,374,242,10
34324,356,274,11
34339,367,490,13
34355,354,267,11
34371,357,237,11
34387,367,704,13
34403,352,718,15
34418,389,706,15
34434,387,281,11
34450,374,204,12
34466,359,464,12
34481,360,668,15
34497,363,327,14
34513,365,332,12
34529,393,266,10
34545,392,296,12
34560,383,612,13
34576,363,204,12
34592,360,386,11
34608,342,601,13
34623,353,433,14
34639,373,650,14
34655,400,647,14
34671,388,273,13
34686,333,226,11
34702,351,595,14
34718,339,629,13
34734,359,361,11
34750,354,670,13
34765,357,431,12
34781,348,582,13
34797,348,490,12
34813,384,532,12
34828,373,643,14
34844,380,630,14
34860,385,675,14
34876,363,677,14
34892,349,388,12
34907,351,646,13
34923,357,417,12
34939,379,630,13
34955,389,403,13
34970,385,204,11
34986,357,409,11
35002,365,495,12
35018,364,320,12
35033,369,655,14
35049,369,220,11
35065,392,291,11
35081,388,222,11
35097,376,404,11
35112,379,248,11
35128,354,223,11
35144,371,528,13
35160,368,678,13
35175,359,659,15
35191,384,437,12
35207,386,532,13
35223,365,655,13
35239,392,419,12
35254,367,263,11
35270,395,251,11
35286,376,252,11
35302,363,255,12
35317,359,219,13
35333,368,709,14
35349,360,717,14
35365,357,540,12
35380,374,675,14
35396,353,485,14
35412,402,321,11
35428,380,263,11
35444,369,707,13
35459,371,262,11
35475,373,483,14
35491,376,195,10
35507,361,301,13
35522,367,412,12
35538,361,256,11
35554,335,547,14
35570,365,384,14
35585,379,655,13
35601,380,280,11
35617,369,272,11
35633,350,474,12
35649,360,299,11
35664,345,648,12
35680,363,381,11
35696,368,502,12
35712,370,541,13
35727,366,410,11
35743,364,657,13
35759,369,674,14
35775,365,667,14
35790,377,287,13
35806,359,631,13
35822,343,527,12
35838,356,229,12
35854,365,230,12
35869,369,647,14
35885,375,209,11
35901,378,520,12
35917,370,226,10
35932,357,218,11
35948,385,373,12
35964,367,312,11
35980,373,393,11
35996,371,312,10
36011,372,349,12
36027,377,646,13
36043,374,190,11
36059,361,209,10
36085,356,247,10
36095,365,506,11
36106,361,687,14
36122,375,259,11
36137,347,214,10
36153,357,337,11
36169,348,372,11
36185,354,191,11
36201,368,381,11
36216,390,264,11
37237,2
37248,352,402,12
37258,60,799,15
37268,348,382,12
37278,354,315,12
37288,371,252,11
37298,367,349,12
37308,360,395,12
37318,345,671,13
37328,354,394,12
37338,340,344,12
37348,361,601,12
37358,366,242,11
37369,359,557,13
37379,367,398,12
37390,364,627,13
37400,352,192,11
37411,367,208,11
37421,345,473,12
37431,348,351,11
37441,378,240,10
37452,377,474,12
37462,373,547,11
37472,371,689,14
37482,366,223,11
37492,368,191,11
37502,376,243,11
37512,381,287,11
37522,401,330,11
37533,385,215,10
37543,364,291,11
37553,369,658,14
37563,351,666,14
37574,373,345,13
37584,397,651,15
37596,394,181,12
37606,373,305,13
37616,368,690,16
37626,372,697,14
37636,364,290,13
37646,390,533,14
37656,370,383,15
37667,385,506,17
37678,379,712,16
37688,364,358,15
37698,361,589,16
37708,363,333,15
37718,352,648,17
37728,356,415,17
37739,382,310,16
37749,352,377,16
37759,377,520,16
37769,367,612,16
37780,345,193,16
37790,376,505,15
37800,506,618,16
37811,346,216,14
37821,352,699,17
37831,356,315,15
37841,387,275,15
37851,359,491,16
37862,358,244,14
37872,369,269,14
37888,361,241,14
37904,348,372,14
37920,344,314,14
37935,360,699,16
37951,352,680,16
37967,347,334,16
37983,360,572,15
37999,361,690,17
38014,341,416,15
38030,350,196,14
38046,364,396,15
38062,364,689,17
38077,358,470,14
38093,357,202,14
38109,372,235,14
38125,353,462,15
38140,353,230,14
38156,341,363,15
38172,338,616,15
38188,346,308,14
38204,344,253,13
38219,362,185,14
38235,344,225,14
38251,330,198,14
38267,345,456,15
38282,331,306,14
38298,322,651,15
38314,327,535,16
38330,341,150,13
38345,361,652,15
38361,341,308,14
38377,362,233,13
38393,346,194,14
38409,356,174,13
38424,337,642,21
38440,356,180,14
38456,362,554,14
38472,349,606,16
38487,345,199,13
38503,359,295,14
38519,372,335,16
38535,353,645,16
38550,342,486,14
38566,638,549,15
38582,349,343,14
38598,364,199,13
38614,355,664,16
38629,433,656,15
38645,341,666,16
38661,336,630,15
38677,304,633,15
38692,326,607,16
38708,460,442,14
38724,340,324,15
38740,338,178,12
38756,318,544,15
38771,344,696,17
38787,338,492,14
38803,349,365,14
38819,309,558,15
38834,324,205,12
38850,357,453,14
38866,348,207,13
38882,351,684,16
38897,378,586,15
38913,368,407,14
38929,355,532,14
38945,364,308,14
38961,369,448,14
38976,348,256,14
38992,344,210,13
39008,365,381,13
39024,350,204,13
39039,365,239,13
39055,366,199,13
39071,343,249,13
39087,364,712,16
39103,352,689,15
39118,347,301,13
39134,355,221,12
39150,373,370,13
39166,363,232,12
39181,355,642,15
39197,333,249,13
39213,352,377,16
39229,351,693,16
39244,360,217,12
39260,355,638,15
39276,357,426,14
39292,369,168,13
39308,357,323,14
39323,343,257,13
39339,350,270,15
39355,335,208,14
47119,79,738,17
47129,89,16
47139,366,228,14
47149,359,214,15
47159,366,290,14
47169,371,344,14
47179,366,273,14
47189,375,264,14
47199,349,223,13
47209,355,235,14
47219,359,354,14
47229,351,228,14
47239,349,443,16
47249,360,344,14
47259,365,727,16
47269,372,692,16
47279,364,226,13
47289,354,350,14
47299,367,248,13
47309,348,775,16
47319,370,268,14
47329,362,291,14
47339,354,186,13
47349,350,296,14
47359,379,637,16
47369,357,353,14
47379,361,419,13
47389,374,795,16
47399,381,540,15
47410,380,311,13
47420,351,202,13
47430,375,342,14
47441,349,354,14
47451,352,543,16
47461,382,206,13
47471,369,476,17
47481,341,472,14
47491,370,361,13
47501,376,291,14
47512,378,345,14
47523,372,438,14
47533,390,368,16
47543,363,275,14
47553,374,541,14
47563,371,242,13
47573,378,232,13
47584,375,330,14
47594,377,404,15
47604,359,536,15
47615,376,370,15
47625,398,423,14
47635,397,395,14
47645,389,295,13
47656,406,388,14
47666,375,303,14
47676,359,379,14
47686,356,355,14
47696,354,375,14
47706,352,442,15
47717,377,432,15
47730,370,501,15
47745,731,445,15
47761,467,347,14
47777,367,392,14
47793,370,396,14
47808,396,244,14
47824,379,218,14
47840,352,219,13
47856,369,215,14
47871,360,201,14
47887,362,317,16
47903,352,281,14
47919,361,413,14
47935,365,324,14
47950,391,227,14
47966,365,423,14
47982,365,370,14
47998,361,222,13
48013,375,261,14
48029,361,236,13
48045,373,228,14
48061,370,499,15
48076,359,512,17
48092,344,315,14
48108,352,408,13
48124,371,530,14
48140,365,586,15
48155,359,235,13
48171,355,309,12
48187,356,282,12
48203,353,290,13
48218,352,615,15
48234,380,266,11
48250,362,379,12
48266,366,248,12
48282,362,325,12
48297,358,255,11
48313,349,301,11
48329,355,321,11
48345,365,272,10
48360,354,238,11
48376,356,640,13
48392,368,673,13
48408,347,294,10
48423,346,619,14
48439,348,269,11
48455,352,663,13
48471,356,218,10
48487,354,504,12
48502,381,678,13
48518,354,425,11
48534,338,693,13
48550,337,694,13
48565,351,242,10
48581,372,357,11
48597,358,465,14
48613,322,427,11
48628,348,425,11
48644,337,233,10
48660,353,271,11
48676,323,723,12
48692,333,300,11
48707,360,266,12
48723,364,243,11
48739,393,472,12
48755,375,298,11
48770,353,416,13
48786,366,222,11
48802,355,554,11
48818,347,303,10
48834,375,302,11
48849,349,517,11
48865,384,568,12
48881,367,347,11
48897,377,311,11
48912,356,703,13
48928,345,444,11
48944,371,598,12
48960,355,245,10
48975,364,239,10
48991,354,230,12
49007,365,391,11
49023,373,214,10
49039,370,235,10
49054,368,234,10
49070,373,648,14
49086,363,449,12
49102,370,254,10
49117,347,255,10
49133,352,239,10
49149,364,248,12
49181,367,226,10
49191,367,350,11
49201,347,274,10
49212,367,315,10
49228,362,237,12
49244,365,228,10
49259,357,277,10
49275,343,512,13
49291,345,256,11
49307,348,304,10
49322,364,354,12
49338,371,683,12
49354,354,410,11
49370,376,534,14
49386,355,215,10
49401,361,204,10
49417,365,697,13
49433,366,323,10
49449,354,256,10
49463,382,203,9
49480,380,733,14
49496,367,324,10
49512,362,184,10
49527,413,671,13
49543,352,395,13
49559,339,177,11
49575,334,404,12
49591,340,319,11
49606,359,222,12
49622,354,495,13
49638,351,688,14
49654,403,249,10
49669,374,261,10
49685,413,580,12
49701,338,638,12
49717,351,243,11
49732,365,528,12
49748,352,339,11
49764,347,643,13
49780,358,696,14
49796,347,598,12
49811,352,503,14
49827,347,201,10
49843,363,684,13
49859,362,305,10
49874,364,701,13
49890,356,531,14
49906,368,591,12
49922,335,687,13
49937,367,268,10
49953,370,371,11
49969,361,234,10
49985,380,291,10
50001,377,754,13
50016,378,219,10
50032,362,315,11
50048,367,369,11
50064,351,528,12
50079,354,260,10
50095,363,308,11
50111,362,415,10
50127,343,273,10
50143,366,362,11
50158,390,317,10
50174,373,565,11
50190,369,670,14
50206,368,445,14
50221,350,492,11
50237,364,267,11
50253,363,242,10
50269,374,244,10
50284,353,445,12
50300,352,398,11
50316,351,358,11
50332,351,266,10
50348,365,582,12
50363,341,410,11
50379,353,492,12
50395,342,208,10
50411,348,370,11
50426,363,435,11
50442,353,405,13
50458,342,663,13
50474,335,699,13
50489,358,221,10
50505,366,652,12
50521,343,499,14
50537,343,196,11
50553,400,266,10
50568,359,330,10
50584,374,583,12
50600,353,281,10
50616,343,730,13
50631,360,313,11
50647,354,230,11
50663,353,530,12
50679,363,309,10
50694,379,225,10
50710,368,676,14
50726,345,682,13
50742,363,440,13
50758,349,534,13
50773,470,548,11
50789,732,640,14
50805,358,224,11
50821,339,215,10
50836,343,283,10
50852,366,442,12
50868,355,540,11
50884,350,201,10
50900,366,333,11
50915,375,506,11
50931,350,226,10
50947,349,371,10
50963,343,551,12
50978,336,280,11
50994,363,242,10
51010,358,696,14
51026,360,261,10
51041,368,249,10
51056,352,225,9
51073,386,571,11
51089,362,252,11
51104,355,448,10
51120,350,425,11
51136,362,299,10
51152,364,264,10
51168,377,376,11
51183,353,266,12
51199,341,703,13
51215,356,244,10
51231,362,562,12
51246,359,248,13
51262,362,228,10
51278,387,551,14
51294,371,383,11
51310,361,461,13
51325,354,238,10
51341,370,496,11
51561,347,454,12
51571,356,514,11
51582,362,218,10
51592,347,467,11
51603,372,224,10
51613,361,248,11
51623,335,384,13
51634,361,614,12
51644,360,255,10
51655,366,253,10
51665,568,667,13
51676,341,216,10
51687,358,501,11
51697,351,430,11
51708,708,609,11
51718,371,394,13
51729,341,247,10
51739,357,294,11
52986,10
52996,384,633,11
53006,338,658,11
53016,387,280,10
53026,372,678,13
53036,352,672,12
53046,372,261,9
53056,396,236,10
53066,355,618,13
53076,356,322,11
53086,373,688,13
53096,618,638,11
53106,397,577,11
53116,512,235,9
53126,361,278,10
53136,353,517,11
53146,368,223,9
53156,389,218,11
53166,360,350,10
53176,379,661,13
53186,361,723,13
53196,374,281,10
53206,370,326,11
53216,347,521,11
53226,359,333,10
53236,350,286,10
53246,370,691,13
53256,386,668,13
53266,373,550,11
53276,362,423,10
53286,365,384,10
53296,376,293,10
53306,374,236,9
53316,394,316,10
53326,352,228,10
53336,387,567,14
53346,378,289,10
53356,368,520,11
53366,382,363,11
53376,373,645,12
53386,366,336,10
53396,355,245,10
53407,356,672,13
53417,394,255,10
53427,368,197,9
53438,387,337,13
53448,362,400,11
53458,362,402,10
53468,400,277,10
53478,347,260,10
53488,373,420,13
53498,328,361,12
53508,347,248,10
53519,497,548,12
53529,380,512,11
53539,349,689,12
53549,334,342,12
53559,363,421,13
53569,578,471,13
53580,347,499,11
53596,342,637,13
53612,364,276,12
53628,364,218,10
53644,361,237,10
53659,461,267,12
53675,370,645,13
53691,354,677,13
53707,351,677,12
53722,363,676,13
53738,354,606,12
53754,379,289,10
53770,375,255,10
53785,354,350,10
53801,379,684,12
53817,371,212,10
53833,347,363,11
53849,363,290,10
53864,366,232,10
53880,357,460,13
53896,365,235,11
53912,339,694,13
53927,366,299,10
53943,366,425,10
53958,376,267,9
53975,387,203,10
53990,364,458,11
54006,349,240,12
54022,357,421,10
54038,367,299,10
54054,350,398,10
54069,347,286,12
54085,338,577,11
54101,363,224,10
54116,350,202,9
54132,371,287,13
54148,348,441,11
54164,314,189,11
54179,374,279,9
54195,348,721,12
54210,401,245,9
54226,364,223,9
54243,343,426,10
54258,380,229,11
54274,356,168,10
54290,253,528,11
54306,346,446,10
54322,292,650,13
54337,453,382,12
54353,301,693,12
54369,359,389,12
54385,263,280,10
54400,468,304,11
54416,372,264,12
54432,542,289,13
54448,389,244,12
54463,362,273,12
54479,379,261,14
54495,380,433,13
54511,441,273,11
54527,339,318,12
54542,435,522,14
54558,323,650,13
54574,313,668,14
54590,386,220,13
54605,329,690,15
54621,379,197,12
54637,356,213,11
54653,358,254,11
54668,343,244,11
54684,338,181,10
54700,360,578,11
54716,337,329,11
54732,342,238,10
54747,319,543,13
54762,352,247,9
54779,362,243,10
54795,348,256,10
54809,325,175,9
54826,365,372,11
54842,315,276,10
54858,370,401,10
54873,567,657,12
54889,304,569,11
54905,342,632,14
54921,318,620,14
54936,349,320,12
54952,365,641,15
54968,381,523,16
54984,382,203,12
55000,386,205,13
55015,388,294,14
55031,381,746,17
55047,389,588,16
55063,365,219,14
55078,362,225,14
55094,380,297,15
55110,374,313,15
55126,362,674,17
55142,367,256,15
55157,345,659,16
55173,342,252,14
55189,373,694,16
55205,363,582,14
55220,349,656,15
55236,342,225,11
55252,354,187,12
55268,350,220,11
55283,340,208,11
55299,355,255,10
55315,360,451,11
55331,337,248,10
55347,343,354,11
55362,350,419,11
55377,378,264,9
55394,354,305,10
55410,327,584,11
55425,418,417,10
59160,,13
59170,
59180,395,629,14
59190,,383,13
59200,386,575,16
59210,393,356,14
59220,379,509,17
59230,372,260,14
59240,388,371,14
59250,384,307,16
59260,341,313,16
59270,366,510,16
59280,409,460,16
59290,377,619,17
59300,397,342,15
59310,365,196,14
59320,381,582,16
59330,346,688,16
59340,380,426,14
59350,364,351,13
59360,350,404,12
59370,366,233,12
59380,355,234,12
59391,365,217,11
59402,366,268,11
59412,357,551,15
59422,353,239,11
59432,370,560,12
59442,359,526,11
59453,390,398,13
59464,388,374,11
59474,388,565,13
59484,372,352,11
59494,360,374,12
59504,356,446,12
59514,365,390,13
59525,394,673,16
59535,363,211,13
59545,500,525,15
59555,363,307,14
59565,385,369,15
59575,355,564,16
59586,398,341,17
59597,332,330,15
59607,369,238,16
59617,333,654,16
59627,352,533,17
59637,357,250,15
59647,360,584,16
59658,372,598,16
59668,379,344,14
59678,369,409,14
59688,369,435,13
59699,361,362,15
59709,333,201,13
59719,347,216,13
59730,370,366,11
59740,384,360,11
59750,384,269,10
59760,361,244,10
59770,320,505,11
59780,386,652,12
59793,367,283,10
59808,269,611,13
59824,349,574,12
59840,380,518,11
59856,374,506,12
59872,383,448,14
59887,392,279,12
59903,383,292,13
59919,382,307,13
59935,400,264,14
59950,394,328,14
59966,435,258,14
59982,381,683,16
59998,369,596,17
60014,344,290,15
60029,358,619,16
60045,342,627,17
60061,372,167,14
60077,370,634,18
60092,358,291,13
60108,356,313,13
60124,370,217,12
60140,369,188,12
60156,366,322,12
60171,364,402,14
60187,383,214,11
60203,386,470,11
60219,374,250,10
60234,356,304,11
60250,366,413,11
60266,369,709,13
60282,369,318,10
60297,377,453,12
60313,367,465,11
60329,370,713,13
60345,375,355,12
60361,360,261,12
60376,367,405,13
60392,362,294,14
60408,367,249,14
60424,366,315,14
60439,365,358,15
60455,375,690,17
60471,376,229,15
60487,346,251,15
60502,356,266,15
60519,382,372,16
60534,386,390,16
60550,597,727,17
60566,364,366,16
60581,348,482,16
60597,344,193,14
60613,351,452,14
60629,362,682,15
60644,349,286,14
60660,375,412,12
60676,354,260,11
60692,390,221,11
60708,501,508,12
60723,358,329,10
60739,389,727,14
60755,358,456,11
60771,379,248,10
60786,388,574,11
60802,388,429,10
60817,347,257,9
60834,367,576,11
60849,369,614,11
60865,363,308,10
60881,386,646,13
60897,376,641,14
60913,376,356,12
60928,372,336,12
60944,376,639,14
60960,366,318,13
60976,354,253,14
60991,349,792,16
61007,399,263,14
61023,381,270,13
61039,385,331,13
61054,384,196,13
61070,361,657,15
61086,368,233,12
61102,358,609,14
61118,380,212,11
61133,373,660,14
61149,375,311,12
61165,376,484,12
61181,380,686,14
61196,371,277,11
61212,395,316,11
61228,380,406,11
61244,356,364,11
61259,375,744,13
61275,335,260,10
61291,329,267,11
61307,442,475,11
61323,288,477,11
61338,454,680,12
61354,387,678,12
61370,431,644,12
61386,395,384,11
61401,374,626,12
61417,363,230,10
61433,374,618,13
61449,390,665,12
61647,451,211,9
61658,381,427,11
61669,319,203,9
61679,399,470,11
61689,385,239,11
61699,353,234,11
61709,353,294,10
61719,363,259,9
61730,349,472,12
61741,317,256,10
61751,371,640,14
61761,369,490,10
61771,358,669,12
61781,347,390,12
61791,542,592,12
61802,392,592,12
61812,606,461,11
61822,330,579,12
61832,618,488,11
61844,390,477,13
61855,324,589,13
61865,487,578,10
61875,515,594,13
61885,418,585,11
61895,356,554,11
61905,541,829,14
61915,477,310,9
61925,361,669,13
61935,386,679,12
61945,348,363,10
61955,375,675,13
61965,369,362,10
61975,366,566,11
61985,350,617,12
62001,360,457,13
62016,361,523,13
62032,387,382,11
62047,370,199,9
62064,384,368,10
62079,387,629,12
62095,371,319,10
62111,429,213,10
62126,372,385,9
62142,241,424,11
62158,430,545,11
62174,370,243,11
62190,369,636,13
62204,393,377,9
62221,357,390,10
62237,351,648,11
62253,357,208,12
62269,390,368,12
62284,405,626,12
62300,379,247,10
62316,398,469,13
62331,388,276,9
62347,369,653,13
62363,343,651,13
62379,382,358,12
62395,395,664,13
62410,609,432,10
62426,362,220,11
62442,341,419,13
62458,288,245,10
62474,322,233,10
62489,363,644,12
62505,363,640,13
62521,376,627,12
62537,323,603,11
62552,343,352,10
62568,350,468,11
62584,364,606,12
62600,343,432,12
62616,351,635,12
62631,363,609,12
62647,388,518,10
62663,361,290,12
62679,360,525,11
62694,288,497,11
62710,389,648,10
62726,375,473,10
62742,355,609,11
62757,377,525,12
62773,359,603,12
62789,418,602,12
62805,491,471,11
62821,582,611,11
62836,345,663,13
62852,358,555,13
62867,353,244,9
62884,369,684,12
62899,375,321,10
62914,406,285,9
62931,372,630,12
62946,364,289,9
62962,408,309,11
62978,379,243,10
62994,373,340,10
63010,369,632,11
63025,365,655,12
63041,344,253,10
63057,351,669,12
63073,327,288,10
63088,348,558,11
63104,361,338,12
63120,381,683,13
63136,355,660,12
63152,367,465,10
63167,362,648,12
63183,388,672,13
63199,352,356,10
63215,347,339,10
63230,396,253,10
63245,349,277,9
63262,369,483,12
63278,374,611,11
63293,375,620,12
63309,389,667,12
63324,387,211,9
63341,416,548,13
63357,402,468,10
63372,380,503,10
63388,411,747,13
63404,391,485,10
63420,402,308,10
63435,390,607,12
63451,329,698,12
63467,355,222,10
63482,331,217,8
63498,346,357,11
63514,366,459,11
63530,347,654,12
63546,571,325,12
63560,421,284,9
63577,360,643,12
63593,402,477,10
63609,391,650,11
63624,362,231,9
63640,396,524,12
63656,385,629,12
63672,376,410,10
63687,373,220,9
63703,409,295,10
64001,392,628,12
64011,349,618,12
64021,372,423,12
64031,383,265,9
64041,372,661,12
64051,388,295,9
64061,398,362,9
64071,422,678,12
64081,403,647,12
64091,376,389,9
64101,420,688,12
64111,470,418,10
64122,386,266,9
64132,405,216,9
64142,398,431,10
64177,392,633,12
64187,373,673,11
64198,339,228,10
64208,354,316,10
64218,480,369,10
64301,390,373,10
64312,370,388,11
64322,388,355,10
64332,352,508,10
64343,364,682,12
64356,353,366,10
64366,349,594,11
64378,376,678,12
64388,358,728,12
64399,362,688,12
64410,352,424,11
64420,374,473,11
64430,381,284,9
64440,415,715,13
64450,381,612,11
64461,378,420,12
64471,360,671,12
64481,361,659,13
64491,375,277,10
64501,347,459,11
64512,356,658,12
64522,361,659,12
64532,364,338,9
64543,398,387,10
64554,381,430,10
64564,375,329,10
64574,388,268,10
64584,363,328,10
64595,366,561,10
64605,417,290,10
64615,412,468,11
64625,380,328,10
64635,430,765,14
64645,409,527,13
64655,373,712,13
64665,377,206,9
64676,376,687,12
64686,354,407,13
64696,376,438,11
64706,360,685,13
64716,381,697,13
64726,341,722,14
64736,421,276,11
64747,389,231,9
64757,393,367,10
64767,375,310,13
64777,375,620,11
64787,393,325,9
64798,403,395,10
64808,388,247,8
64823,391,586,12
64838,371,629,13
64854,379,747,13
64870,368,697,12
64886,417,677,13
64900,311,287,9
64917,393,521,11
64933,333,592,12
64948,337,299,9
64965,397,243,10
64980,386,246,10
64995,396,258,9
65011,422,281,9
65026,374,335,9
65043,391,318,10
65058,392,292,9
65075,409,344,10
65089,379,362,9
65105,398,249,9
65121,388,280,9
65138,406,404,10
65153,400,278,10
65169,375,248,11
65185,377,244,10
65201,372,286,10
65217,361,251,10
65231,361,301,9
65248,370,227,10
65264,345,239,10
65279,365,226,9
65294,364,286,9
65310,389,244,9
65327,378,296,10
65343,371,268,10
65358,367,267,10
65374,360,719,12
65390,376,259,10
65405,350,224,9
65421,369,445,10
65437,334,176,10
65453,392,179,10
65469,337,289,10
65484,359,578,13
65500,322,571,13
65516,373,567,12
65532,325,570,13
65548,348,518,12
65563,346,281,10
65579,451,613,12
65595,329,401,12
65611,567,253,10
65626,336,524,12
65641,332,190,9
65657,344,270,9
65674,369,592,13
65689,329,629,12
65705,368,362,13
65721,367,240,10
65737,376,685,13
65751,343,251,9
65768,424,692,13
65783,405,300,9
65800,435,649,12
65815,307,516,13
65831,548,620,11
65847,400,287,12
65863,336,284,10
65879,447,610,13
65894,377,414,10
65909,377,223,9
65926,399,314,10
65942,387,636,13
65957,370,223,11
65973,375,264,11
65989,376,641,14
66005,383,259,12
66021,403,274,12
66036,387,673,15
66052,351,329,12
66068,409,237,13
66084,393,601,14
66099,350,237,12
66115,343,254,11
66131,370,657,14
66147,363,210,11
66162,371,245,11
66178,359,215,11
66194,372,240,10
66210,369,238,11
66226,373,732,15
66241,378,262,11
66257,348,467,11
66273,393,232,10
66289,361,491,13
66304,357,485,14
66320,383,708,14
66336,423,249,12
66352,347,672,13
66367,407,587,12
66383,376,274,12
66399,373,513,13
66415,392,686,15
66431,383,253,13
66446,375,713,17
66462,389,300,14
66478,397,251,15
66508,383,267,14
66519,409,645,16
66529,434,738,18
66541,391,321,16
66557,424,489,16
66573,383,648,17
66588,332,675,17
66604,363,277,15
66620,313,634,17
66652,375,309,14
66663,374,279,14
66673,662,554,15
66683,361,215,13
66699,376,510,15
66714,377,259,11
66730,381,184,11
66746,374,667,13
66792,387,231,11
66803,395,563,12
66814,365,562,12
66824,351,486,14
66835,404,206,11
66846,341,265,10
66856,392,485,12
66872,371,684,14
66888,371,616,13
66904,363,274,12
66919,360,260,13
66935,397,666,16
66951,389,354,14
66967,399,466,15
66983,412,270,14
66998,436,706,17
67014,375,723,18
67030,383,385,17
67046,347,226,16
67061,376,244,15
67077,359,229,15
67093,392,221,14
67109,364,243,14
67124,394,674,17
67140,369,655,17
67156,379,321,14
67172,381,197,14
67188,355,634,15
67203,349,210,13
67219,371,243,12
67235,379,244,12
67251,374,556,14
67266,379,245,11
67282,364,208,11
67298,377,267,11
67314,341,591,12
67330,356,193,11
67345,445,487,12
67361,373,587,12
67377,383,664,14
67393,382,660,14
67408,361,643,14
67424,376,276,12
67440,383,356,13
67456,386,643,15
67471,392,245,14
67487,403,397,14
67503,386,338,15
67519,392,183,15
67535,379,693,17
67550,340,211,14
67566,544,373,16
67582,329,244,16
67598,519,689,17
67613,381,391,16
67629,407,692,17
67645,366,683,18
67661,395,228,15
67676,381,435,15
67692,367,685,15
67708,347,216,13
67724,376,389,12
67740,381,282,12
67755,381,197,12
67771,358,525,13
67787,378,248,11
67803,369,289,11
67818,378,277,10
67834,394,659,13
67850,359,545,12
67866,378,442,11
67882,372,477,12
67897,354,206,11
67913,377,323,12
67929,398,561,13
67945,376,280,13
67960,383,425,13
67976,405,282,13
67992,392,736,16
68008,395,632,16
68023,389,193,14
68039,384,228,15
68055,360,391,17
68071,419,709,18
68087,433,248,17
68102,384,713,17
68118,416,218,16
68134,372,660,18
68150,400,220,15
68165,387,389,16
68181,381,220,16
68197,394,465,16
68213,376,166,14
68228,366,574,16
68244,354,391,13
68260,369,225,13
68276,373,322,13
68292,373,223,13
68307,389,283,11
68323,382,326,13
68339,371,206,11
68355,361,315,12
68370,362,593,12
68386,418,320,11
68402,430,548,11
68418,424,691,13
68434,415,491,15
68449,395,594,13
68465,378,542,14
68481,389,404,15
68497,412,272,13
68512,398,760,16
68528,403,288,14
68544,395,428,17
68560,402,256,15
68575,434,236,15
68591,498,331,16
68607,385,308,16
68623,329,497,16
68639,397,772,19
68654,324,438,17
68670,379,649,18
68686,377,501,18
68702,375,356,16
68717,370,273,14
68733,361,528,15
68749,369,187,14
68765,375,415,13
68780,364,379,13
68796,362,401,12
68812,380,471,14
68828,393,285,11
68844,390,708,15
68859,375,236,10
68875,418,247,11
68891,439,445,12
68907,416,246,11
68922,406,389,12
68938,294,184,12
68954,359,312,12
68970,369,679,14
68986,371,282,12
69001,514,661,14
69017,398,460,15
69033,419,593,15
69059,395,716,17
69069,409,424,16
69080,385,350,16
69096,317,622,17
69112,429,278,16
69127,444,337,16
69143,428,229,16
69159,423,457,16
69184,380,290,16
69194,410,384,16
69206,394,699,18
69222,366,221,15
69238,352,226,14
69254,366,193,13
69269,366,291,14
69285,368,522,14
