23958,33,704,17
23968,40,16
23978,346,264,15
23988,340,355,15
23998,394,300,16
24008,361,556,15
24018,321,211,14
24028,339,686,17
24038,360,572,15
24048,324,282,14
24058,344,290,14
24068,357,235,14
24078,350,472,15
24088,331,264,14
24098,342,268,14
24108,323,618,14
24118,341,207,13
24128,318,697,15
24138,301,271,13
24148,345,521,14
24159,322,422,14
24170,321,636,14
24181,305,252,13
24191,407,652,16
24202,262,444,13
24212,438,377,13
24223,285,616,15
24234,322,452,13
24244,329,615,14
24254,321,714,14
24264,308,253,12
24276,316,702,14
24287,368,242,11
24298,321,211,13
24308,309,628,15
24319,373,264,13
24329,336,465,12
24339,346,351,11
24349,391,418,12
24360,356,222,13
24371,313,540,13
24381,354,534,12
24392,333,670,14
24402,389,265,13
24412,345,370,12
24423,362,353,12
24434,349,266,12
24444,360,241,12
24454,353,207,12
24465,392,644,14
24476,345,423,12
24487,334,314,13
24497,353,638,14
24508,372,585,14
24518,349,512,16
24529,317,378,16
24539,330,226,13
24550,329,661,15
24561,332,605,15
24572,344,539,17
24582,353,267,14
24592,357,586,16
24602,348,499,15
24613,328,622,16
24626,333,358,15
24641,314,650,17
24657,331,375,16
24673,317,345,15
24689,349,670,16
24705,371,649,17
24720,346,650,16
24736,334,470,17
24752,342,345,15
24768,320,404,15
24783,364,413,15
24799,340,473,17
24815,355,251,15
24831,327,638,17
24847,345,601,16
24862,339,633,17
24878,346,650,16
24894,354,276,14
24910,341,640,16
24925,344,402,14
24941,351,494,16
24957,337,514,16
24973,360,435,14
24988,333,651,15
25004,343,603,14
25020,341,349,13
25036,341,636,14
25052,333,294,12
25067,369,451,14
25083,363,602,13
25099,345,439,13
25115,365,270,12
25130,373,438,14
25146,364,592,13
25162,456,282,12
25178,371,624,14
25193,284,625,14
25209,345,506,12
25225,328,647,14
25241,362,263,11
25257,338,371,12
25272,358,292,11
25288,366,655,13
25304,328,424,11
25320,382,577,12
25335,375,260,12
25351,334,377,11
25367,337,332,11
25383,352,668,14
25399,351,420,12
25414,345,680,15
25430,343,483,13
25446,360,294,12
25462,336,379,12
25477,373,230,12
25493,740,198,12
25509,324,357,12
25525,333,627,14
25540,324,592,14
25556,328,261,10
25572,335,371,12
25588,337,213,10
25604,368,641,13
25619,356,667,14
25635,353,349,12
25651,365,493,12
25667,337,324,13
25682,347,663,13
25698,349,562,13
25714,340,467,13
25730,359,369,14
25745,356,541,13
25761,350,458,14
25777,342,458,14
25793,334,669,14
25809,352,231,12
25824,320,513,14
25840,341,385,11
25856,322,682,15
25872,346,499,12
25887,362,453,12
25903,359,319,11
25919,345,246,13
25935,354,358,11
25950,354,660,14
25966,331,455,12
25982,358,560,12
25998,333,632,13
26014,326,368,11
26029,351,364,12
26045,320,390,12
26061,366,676,14
26077,352,495,13
26092,321,432,14
26108,352,656,14
26124,338,557,12
26140,347,642,13
26156,333,454,14
26171,339,231,13
26187,348,509,14
26203,352,416,14
26219,374,390,11
26234,314,622,14
26250,327,425,14
26266,338,628,14
26282,327,504,12
26297,332,522,13
26313,330,217,11
26329,342,568,13
26345,354,643,14
26361,342,473,12
26376,370,447,12
26392,342,646,14
26408,324,524,12
26424,341,626,13
26439,313,235,11
26455,344,221,10
26471,371,456,12
26487,346,568,12
26502,377,632,14
26518,334,334,11
26534,343,390,11
26550,322,421,11
26566,331,643,14
26581,330,411,12
26597,357,589,12
26613,358,666,12
26629,349,618,13
26644,377,494,14
26660,351,328,12
26676,332,619,13
26692,340,626,13
26708,337,367,12
26723,339,682,14
26739,364,414,13
26755,350,632,13
26771,327,434,13
26786,341,288,12
26802,345,575,12
26818,349,549,12
26834,337,182,12
26849,363,548,12
26865,595,487,11
26881,364,502,12
26897,336,276,13
26928,358,656,13
26939,333,641,13
26949,367,620,13
26960,352,344,13
26976,367,652,13
26991,365,524,14
27007,328,428,13
27023,353,643,14
27039,360,272,11
27054,380,643,14
27070,371,658,13
27086,357,565,14
27102,362,367,12
27118,334,650,13
27133,377,634,14
27149,347,528,14
27165,382,493,13
27181,372,611,12
27196,337,491,12
27234,320,590,12
27245,338,400,11
27257,360,313,13
27268,461,613,13
27318,305,642,14
27329,376,215,12
27339,358,498,12
27349,362,516,14
27360,363,591,13
27372,361,396,12
27383,356,561,12
27394,382,359,12
27404,330,655,14
27417,418,664,13
27433,366,274,10
27449,318,685,14
27465,349,540,14
27480,339,235,13
27496,343,392,12
27512,342,287,11
27528,318,492,12
27543,324,554,13
27559,356,227,12
27575,347,516,12
27591,333,653,14
27607,330,359,12
27622,330,631,14
27638,345,379,12
27654,336,488,14
27670,356,500,14
27685,361,255,11
27701,326,329,14
27717,346,446,12
27733,335,664,13
27748,367,652,13
27764,329,643,14
27780,354,212,12
27796,347,362,11
27812,365,677,15
27827,305,588,13
27843,302,669,13
27859,365,432,12
27875,338,552,14
27890,332,475,14
27906,325,386,11
27922,345,407,14
27938,349,393,12
27953,356,221,11
27969,334,670,14
27985,369,379,12
28001,336,502,12
28017,337,647,13
28032,343,400,12
28048,348,674,13
28064,372,665,13
28080,349,264,14
28095,334,244,11
28111,364,677,14
28127,337,665,14
28143,315,634,14
28159,354,648,14
28174,327,400,12
28190,346,651,13
28206,344,249,13
28222,332,430,12
28237,452,406,13
28253,352,235,11
28269,385,710,15
28285,328,544,14
28300,353,497,12
28316,338,513,12
28332,338,663,14
28348,373,537,13
28364,324,371,11
28379,359,195,11
28395,362,233,11
28411,362,357,11
28427,400,280,10
28442,365,524,12
28458,338,580,12
28474,356,648,13
28490,352,642,14
28505,351,244,11
28521,369,418,12
28537,363,266,12
28553,352,307,12
28569,358,652,12
28584,372,262,11
28600,349,663,14
28616,339,628,13
28632,340,652,14
28647,353,608,13
28663,332,467,13
28679,358,288,10
28695,375,337,12
28711,340,685,14
28726,379,282,10
28742,345,659,13
28758,344,483,12
28774,365,252,11
28789,334,328,11
28805,355,685,15
28821,327,571,14
28837,341,342,14
28852,335,315,13
28868,350,623,13
28884,375,666,13
28900,358,634,14
28916,360,323,13
28931,320,641,14
28947,337,471,12
28963,375,511,14
28979,327,387,13
28994,340,458,11
29010,341,404,12
29026,356,280,12
29042,333,215,11
29057,437,197,12
29073,335,326,11
29089,344,498,12
29105,312,363,12
29121,335,550,13
29136,327,491,12
29152,355,322,11
29168,350,359,12
29184,330,700,14
29199,342,367,12
29215,312,688,14
29231,367,384,14
29247,477,546,13
29263,322,565,14
29278,302,362,13
29294,339,302,12
29310,311,593,14
29326,520,645,12
29341,312,510,14
29357,339,539,14
29373,332,291,11
29389,310,264,11
29404,292,424,11
29420,324,267,13
29436,352,671,14
29452,308,450,12
29468,320,667,13
29503,333,542,13
29514,294,632,13
29525,325,312,11
29536,353,553,14
29601,332,672,14
29611,354,165,10
29622,354,248,12
29632,343,233,10
29642,354,666,14
29704,368,681,13
29714,390,437,12
29724,352,227,12
29734,340,192,12
29746,362,657,14
29756,336,617,13
29766,322,384,13
29776,334,659,13
29786,347,555,12
29796,350,379,13
29806,342,256,11
29816,341,319,13
29826,320,201,13
29836,320,330,15
29846,315,664,16
29862,317,321,14
29878,345,224,14
29893,335,619,16
29909,364,356,16
29925,360,365,16
29941,332,674,18
29956,329,428,18
29972,352,656,18
29988,343,633,18
30004,452,375,16
30020,350,417,18
30035,318,452,16
30051,335,457,16
30067,320,558,18
30083,309,461,16
30098,357,257,17
30114,352,267,16
30130,343,623,18
30146,334,672,17
30162,306,682,17
30177,364,329,16
30193,354,517,18
30209,349,555,17
30225,308,592,17
30240,325,412,16
30256,341,652,18
30272,327,667,18
30288,331,621,16
30303,374,246,16
30319,335,306,16
30335,331,258,16
30351,327,256,16
30367,303,298,17
30382,307,476,17
30398,352,469,17
30414,328,650,17
30430,351,631,16
30445,317,520,17
30461,329,668,18
30477,326,543,17
30493,416,364,17
30509,325,616,16
30524,329,276,16
30540,327,221,15
30556,335,631,17
30572,330,432,16
30587,346,585,16
30603,352,180,16
30619,289,669,18
30635,341,169,16
30650,308,607,17
30666,323,281,16
30682,332,200,16
30698,332,250,18
30714,294,426,16
30729,323,522,18
30745,312,672,17
30761,306,502,18
30777,333,191,16
30792,328,694,18
30808,327,684,18
30824,346,195,15
30840,315,658,17
30855,334,460,17
30871,328,310,17
30887,327,667,18
30903,303,293,16
30919,285,329,18
30934,309,300,16
30950,322,507,17
30966,317,441,17
30982,330,425,16
30997,318,564,16
31013,317,680,17
31029,328,615,16
31045,330,627,16
31061,321,485,15
31077,341,650,15
31092,348,250,13
31108,349,433,14
31124,326,602,16
31139,337,534,13
31155,345,538,14
31171,424,269,12
31187,354,374,12
31202,341,431,14
31218,312,393,14
31234,330,671,13
31250,359,482,14
31266,764,371,11
31281,349,566,13
31297,349,452,12
31313,355,405,11
31329,374,530,12
31344,355,620,13
31360,347,313,12
31376,345,622,13
31392,345,364,11
31408,418,509,14
31423,359,224,11
31439,334,671,14
31455,327,573,13
31471,313,551,13
31486,328,336,11
31502,329,396,13
31518,331,216,10
31534,460,416,13
31549,348,364,11
31565,361,647,13
31581,329,641,14
31597,315,197,11
31613,315,363,11
31628,337,665,13
31644,323,597,14
31660,340,322,10
31676,343,268,12
31691,332,372,11
31707,340,229,10
31723,346,271,10
31739,332,676,14
31754,327,311,11
31770,346,686,13
31786,340,571,13
31802,320,696,14
31822,343,606,12
31833,354,497,12
31849,345,253,11
31865,321,652,12
31881,345,291,10
31908,343,352,11
31918,350,348,11
31928,328,346,13
31944,313,302,11
31977,359,483,12
31987,330,553,12
31997,370,188,10
32007,363,361,10
32023,347,699,14
32038,345,274,13
32054,330,288,10
32070,349,208,11
32086,351,521,13
32101,353,202,10
32117,356,254,11
32133,345,180,11
32149,340,303,11
32165,324,681,14
32180,339,533,12
32196,351,629,14
32212,335,695,13
32228,348,271,11
32243,327,415,11
32259,322,648,12
32275,359,562,13
32291,336,673,14
32306,335,284,10
32322,355,351,11
32338,326,668,13
32354,322,281,13
32370,346,194,12
32385,342,413,12
32401,339,646,13
32417,345,661,13
32433,326,661,14
32448,333,350,11
32464,334,334,11
32480,360,726,15
32496,336,407,12
32511,342,343,13
32527,326,597,14
32543,334,690,13
32559,349,702,13
32575,333,556,12
32590,328,690,13
32606,327,274,11
32622,335,281,11
32638,304,339,11
32653,323,222,13
32669,335,564,14
32685,345,408,12
32701,360,353,14
32716,328,240,10
32732,329,249,11
32748,334,667,14
32764,340,169,12
32780,343,534,12
32795,323,660,13
32811,347,187,11
32827,333,389,11
32843,332,435,11
32858,343,190,11
32874,380,432,12
32890,353,684,12
32906,358,241,10
32922,351,299,11
32937,349,668,14
32953,362,634,13
32969,372,276,11
32985,339,523,12
33000,355,584,12
33016,382,672,13
33032,376,549,13
33048,342,389,11
33063,325,200,11
33079,334,539,12
33095,329,343,11
33111,352,488,12
33127,334,213,10
33142,359,486,12
33158,386,589,12
33174,352,637,16
33190,482,448,13
33205,313,328,11
33221,308,300,11
33237,349,324,10
33253,352,529,12
33268,328,373,13
33284,324,413,13
33300,350,579,13
33316,375,651,14
33332,364,230,13
33347,336,645,15
33363,323,306,12
33379,329,624,15
33395,328,264,12
33410,345,544,12
33426,317,618,14
33442,328,389,14
33458,337,340,12
33474,312,613,15
33489,339,421,13
33505,337,695,15
33521,498,664,15
33537,359,681,14
33552,346,651,15
33568,346,411,13
33584,348,187,12
33600,336,627,13
33615,341,616,13
33631,326,653,14
33647,320,370,14
33663,342,284,12
33679,368,168,12
33694,326,397,12
33710,333,289,11
33726,323,541,13
33742,331,564,13
33757,367,300,13
33773,315,445,12
33789,318,586,14
33805,325,390,11
33820,324,669,14
33836,326,468,13
33852,342,373,11
33868,368,200,12
33884,334,233,11
33899,329,307,11
33915,308,457,12
33931,351,592,12
33947,322,405,14
33962,311,527,14
33978,327,680,13
33994,322,294,11
34010,328,325,11
34026,352,255,11
34041,312,242,10
34057,325,408,11
34073,369,592,12
34089,321,446,11
34104,328,299,12
34120,334,587,12
34136,337,550,12
34152,343,570,11
34167,338,650,12
34186,377,408,13
34199,331,322,10
34215,312,246,10
34231,339,584,12
34250,337,321,11
34262,313,631,12
34278,338,302,10
34294,354,173,10
34338,345,514,14
34348,337,638,14
34359,332,290,11
34370,350,401,13
34381,352,446,11
34392,445,413,11
34404,340,509,14
34420,335,636,12
34436,328,372,14
34451,360,422,13
34467,334,443,12
34483,328,419,11
34499,332,706,13
34514,325,269,10
34530,325,683,14
34546,335,714,14
34562,345,207,11
34578,408,578,12
34593,338,537,11
34609,352,470,13
34625,696,489,14
34641,338,638,13
34656,346,239,10
34672,340,654,13
34688,351,205,10
34704,349,494,12
34719,353,442,13
34735,342,208,11
34751,343,230,10
34767,328,658,12
34783,333,243,10
34798,354,216,12
34814,349,397,13
34830,362,193,10
34846,347,403,14
34861,352,706,14
34877,351,646,12
34893,323,181,10
34909,367,339,11
34924,350,205,11
34940,329,520,12
34956,336,633,13
34972,323,393,11
34988,345,169,10
35003,343,639,12
35019,353,529,14
35035,327,192,10
35051,334,262,13
35066,340,722,13
35082,367,334,10
35098,354,379,11
35114,343,375,13
35130,321,351,11
35145,333,611,14
35161,326,466,11
35177,358,461,12
35193,336,228,10
35208,352,157,12
35224,345,580,12
35240,326,425,14
35256,372,400,11
35271,367,186,10
35287,330,203,12
35303,397,275,11
35319,334,664,13
35335,383,426,11
35350,355,668,12
35366,346,330,11
35382,360,346,11
35398,328,587,12
35413,328,220,10
35429,334,664,13
35445,361,301,11
35461,383,521,12
35477,345,329,12
35492,319,393,11
35508,347,673,14
35524,353,662,13
35540,371,633,14
35555,371,294,10
35571,353,668,13
35587,311,465,11
35603,312,650,13
35618,334,261,10
35634,330,659,14
35650,326,497,11
35666,366,378,13
35682,361,590,14
35697,325,661,14
35713,340,315,11
35729,334,369,12
35745,337,668,13
35760,360,618,14
35776,338,478,11
35792,332,297,10
35808,354,285,11
35823,333,223,11
35839,351,555,12
35855,329,244,11
35871,338,267,12
35887,340,689,14
35902,375,661,13
35918,323,410,13
35934,343,666,13
35950,330,574,12
35965,337,371,12
35981,320,641,12
35997,324,377,11
36013,342,653,14
36029,337,289,10
36044,335,631,13
36060,345,582,13
36076,366,300,10
36092,340,261,12
36107,342,250,11
36123,333,364,10
36139,371,371,11
36155,327,321,13
36170,347,616,13
36186,318,455,12
36202,396,476,12
36218,303,292,11
36234,309,661,13
36249,307,302,13
36265,313,338,10
36281,317,393,11
36297,320,650,14
36312,317,330,11
36328,329,265,11
36344,319,379,13
36360,352,544,12
36376,330,633,14
36391,334,513,14
36407,335,433,11
36423,324,403,12
36439,343,611,13
36454,349,343,11
36470,349,257,10
36486,300,289,11
36502,358,290,11
36517,334,261,11
36541,342,272,10
36551,324,675,13
36565,361,576,13
36581,361,370,11
36596,355,256,13
36612,321,622,13
36628,326,234,11
36644,335,246,11
36665,332,221,11
36675,345,452,12
36691,371,493,12
36707,387,340,11
36722,316,336,11
36738,307,220,11
36754,327,523,12
36770,307,685,14
36786,329,672,13
36801,320,572,12
36817,339,490,14
36833,341,205,11
36849,340,216,13
36864,324,437,14
36924,357,508,12
36935,331,672,13
36945,344,479,11
36955,329,428,11
36965,322,678,13
36975,370,688,14
36985,356,687,14
36995,358,429,11
37006,353,216,11
37022,353,324,12
37038,337,286,11
37054,334,731,14
37069,334,467,14
37085,338,514,12
37101,357,211,11
37117,320,269,11
37133,337,667,14
37148,336,302,11
37164,381,333,12
37180,356,327,13
37196,332,175,10
37211,341,208,12
37227,336,256,12
37243,339,591,13
37259,367,428,12
37274,332,331,11
37290,352,473,12
37306,323,559,12
37322,337,664,14
37338,358,514,12
37353,361,653,13
37369,325,285,10
37385,351,290,12
37401,345,293,12
37416,342,279,12
37432,326,604,13
37448,314,358,13
37464,353,206,11
37479,339,666,14
37495,331,329,13
37511,334,440,13
37527,333,262,12
37543,342,365,12
37558,325,312,14
37574,338,625,15
37590,327,562,14
37606,342,447,13
37621,364,426,14
37637,338,198,14
37653,315,217,14
37669,338,645,16
37685,300,449,15
37700,332,664,16
37716,329,477,15
37732,334,649,16
37748,313,333,14
37763,323,686,16
37779,354,387,15
37795,339,658,17
37811,346,590,15
37826,327,451,15
37842,364,426,15
37858,318,648,16
37874,367,334,16
37890,348,308,15
37905,344,205,15
37921,340,239,14
37937,354,641,16
37953,345,650,16
37968,370,433,15
37984,355,629,15
38000,324,638,16
38016,310,427,14
38031,353,455,14
38047,326,254,13
38063,330,263,13
38079,357,334,13
38095,335,334,13
38110,323,670,15
38126,336,656,15
38142,341,656,14
38158,338,541,13
38173,313,549,15
38189,328,336,14
38205,355,632,15
38221,324,223,11
38237,346,388,11
38252,469,635,13
38268,343,624,13
38284,308,474,12
38300,373,534,13
38315,321,670,13
38331,306,671,13
38347,307,542,13
38363,344,208,10
38378,317,702,14
38394,331,654,13
38410,335,164,11
38426,343,512,14
38442,354,440,12
38457,343,694,15
38473,325,680,14
38489,329,257,12
38505,332,522,12
38520,345,608,13
38536,336,506,14
38552,336,534,13
38568,310,696,14
38583,314,469,14
38599,350,206,11
38615,343,334,12
38631,349,666,14
38647,359,182,11
38662,369,532,12
38678,352,334,12
38694,367,180,10
38710,370,372,12
38725,376,254,11
38741,345,566,13
38757,338,296,11
38773,337,464,13
38789,329,209,11
38804,359,671,15
38820,338,649,14
38836,372,210,11
38852,343,619,12
38867,350,664,13
38883,333,528,14
38899,334,677,14
38915,349,274,13
38930,342,301,11
38946,329,366,12
38962,315,484,12
38978,350,654,14
38994,344,527,13
39009,331,715,14
39025,318,576,12
39041,341,401,12
39057,354,320,11
39072,364,693,15
39088,338,669,14
39104,347,258,11
39120,374,244,11
39135,346,360,12
39151,343,694,15
39167,361,489,15
39183,346,368,12
39218,355,406,14
39228,339,313,12
39239,364,688,14
39249,374,257,13
39262,359,564,16
39277,344,658,16
39315,358,658,16
39325,347,344,15
39335,327,694,18
39345,358,637,18
39356,328,691,18
39372,337,406,16
39388,331,635,18
39404,343,592,17
39419,446,268,18
39435,335,343,18
39503,412,289,17
39513,342,461,18
39523,357,183,17
39534,359,699,18
39545,332,427,16
39556,317,669,18
39567,570,390,16
39578,346,504,16
39589,306,690,18
39599,323,454,17
39609,330,378,17
39624,318,638,18
39640,341,402,17
39656,350,230,15
39672,340,680,18
39687,361,659,17
39703,347,443,15
39719,328,336,14
39735,335,483,14
39751,339,397,14
39766,324,470,14
39782,345,697,14
39798,345,654,14
39814,349,301,13
39829,348,460,13
39845,350,536,13
39861,342,644,15
39877,318,262,14
39893,334,258,12
39908,349,408,12
39924,338,235,13
39940,362,653,14
39956,357,655,14
39971,323,276,12
39987,339,645,14
40003,379,552,15
40019,376,657,14
40034,362,663,15
40050,335,281,13
40066,349,656,16
40082,349,511,14
40098,361,324,15
40113,365,685,17
40129,346,265,14
40145,372,650,17
40161,332,667,16
40176,356,404,17
40192,358,610,16
40208,367,664,17
40224,319,580,16
40239,337,262,17
40255,389,664,16
40271,362,221,15
40287,346,254,15
40303,331,658,17
40318,347,410,16
40334,345,654,17
40350,344,657,16
40366,362,487,18
40381,341,617,16
40397,399,691,17
40413,413,578,16
40429,327,628,16
40445,336,291,13
40460,470,320,14
40476,378,244,15
40492,362,494,14
40508,369,390,13
40523,346,296,12
40539,352,683,16
40555,374,274,13
40571,388,374,14
40586,341,416,14
40602,363,557,16
40618,347,224,14
40634,338,631,16
40650,326,203,14
40665,369,666,16
40681,351,253,15
40697,327,601,16
40713,328,370,15
40728,307,552,16
40744,340,264,15
40760,333,651,16
40776,344,477,15
40791,336,384,15
40807,358,659,15
40823,332,261,13
40839,328,358,14
40855,343,283,14
40870,322,507,16
40886,357,513,15
40902,389,688,17
40918,372,366,14
40933,345,569,16
40949,360,210,14
40965,373,696,16
40981,363,240,13
40996,341,266,13
41012,337,366,14
41028,346,354,14
41044,345,409,14
41060,326,705,15
41075,357,461,16
41091,343,688,16
41107,357,226,13
41123,344,682,16
41138,349,317,13
41154,333,315,13
41170,343,514,15
41186,342,169,14
41201,342,670,16
41217,356,249,13
41233,338,653,14
41249,355,343,13
41265,355,212,13
41280,340,500,16
41296,390,233,14
41312,366,261,13
41328,355,650,16
41343,337,288,12
41359,344,359,14
41375,327,396,16
41391,346,497,15
41407,336,574,15
41422,332,351,13
41438,360,248,13
41454,431,672,15
41470,316,458,14
41485,319,480,14
41501,350,611,15
41517,578,688,15
41533,362,204,15
41548,339,529,16
41564,335,321,13
41580,367,593,16
41596,335,332,13
41612,325,460,14
41627,347,179,12
41643,355,415,14
41681,340,686,16
41691,349,659,16
41702,341,257,13
41712,338,641,15
41752,364,546,14
41762,340,672,16
41772,376,572,14
41782,357,561,14
41832,348,420,14
41842,338,272,14
41852,340,391,15
41863,336,344,14
41873,312,394,15
41883,332,660,14
41893,328,655,15
41903,363,396,13
41913,346,372,13
41927,369,297,13
41943,361,235,13
41958,325,526,16
41974,342,373,13
41990,391,394,13
42006,347,427,15
42022,379,615,14
42037,342,423,15
42053,354,677,16
42069,346,254,13
42085,358,366,13
42100,345,183,12
42116,353,653,16
42132,359,352,13
42148,386,511,14
42164,359,245,13
42179,319,354,13
42195,366,480,14
42211,355,264,14
42227,337,354,13
42242,392,645,15
42258,351,417,13
42274,342,281,12
42290,369,536,15
42305,369,683,15
42321,367,363,12
42337,330,658,15
42353,332,159,13
42369,377,719,16
42384,341,253,14
42400,332,331,13
42416,351,331,12
42432,333,267,12
42447,395,698,15
42463,410,304,14
42479,346,193,13
42495,343,251,13
42511,352,297,13
42526,356,543,13
42542,376,577,15
42558,352,165,12
42574,342,210,12
42589,372,280,12
42605,376,383,13
42621,397,410,13
42637,375,332,13
42652,375,402,12
42668,358,681,15
42684,382,233,12
42700,354,280,15
42716,337,227,12
42731,371,296,13
42747,353,627,14
42763,372,238,13
42779,385,249,12
42794,349,609,15
42810,353,294,12
42826,381,629,14
42842,369,484,13
42857,372,664,15
42873,421,655,15
42889,379,563,14
42905,329,208,12
42921,321,461,13
42936,314,295,13
42952,357,643,15
42968,359,570,14
42984,323,449,15
42999,391,360,14
43015,422,305,13
43031,337,360,13
43047,346,578,16
43063,362,682,14
43078,293,289,13
43094,387,670,15
43110,260,672,14
43126,438,240,14
43141,178,699,16
43157,547,363,14
43173,259,469,14
43189,447,389,14
43204,274,625,16
43220,291,512,13
43236,341,246,12
43252,333,269,13
43268,553,682,14
43283,299,659,15
43299,321,462,13
43315,315,502,14
43331,305,256,14
43346,288,494,14
43362,291,322,12
43378,325,487,13
43394,317,158,11
43410,343,209,13
43425,290,165,12
43441,309,398,13
43457,359,660,15
43473,337,353,13
43488,354,313,12
43504,311,494,14
43520,337,203,13
43536,264,278,12
43551,350,680,15
43567,325,664,14
43583,367,271,13
43599,451,244,13
43615,358,371,13
43630,328,661,15
43646,356,570,16
43662,331,380,13
43678,340,185,14
43693,365,401,14
43709,347,522,16
43725,324,626,16
43741,358,519,16
43756,340,615,16
43772,324,434,15
43788,361,413,14
43804,354,556,15
43820,356,653,17
43835,378,349,16
43851,357,533,16
43867,342,660,17
43883,343,421,14
43898,355,560,17
43914,363,272,17
43930,383,642,17
43946,347,452,17
43962,347,621,18
43977,356,191,18
43993,351,304,18
44009,388,262,18
44036,368,674,20
44046,356,651,19
44056,344,706,20
44072,354,363,20
44088,368,226,19
44103,370,463,19
44119,384,364,19
44153,387,489,18
44163,353,414,19
44173,349,424,19
44183,349,413,18
44198,337,437,18
44214,383,380,18
44230,370,572,19
44245,381,638,19
44310,365,417,19
44321,345,665,19
44331,340,206,19
44342,368,650,20
44353,363,626,20
44363,350,443,19
44373,381,641,20
44384,369,670,19
44395,344,484,19
44405,375,669,20
44419,356,654,21
44435,354,504,21
44450,358,644,20
44466,349,498,19
44482,355,414,19
44498,345,513,19
44514,338,416,19
44529,336,680,19
44545,332,536,19
44561,364,379,19
44577,319,560,20
44592,371,403,19
44608,352,370,18
44624,352,334,18
44640,334,362,19
44655,367,237,19
44671,331,603,19
44687,360,621,20
44703,347,313,20
44719,340,245,18
44734,320,590,20
44750,356,240,18
44766,356,262,19
44782,357,624,20
44797,348,655,20
44813,341,522,20
44829,349,325,20
44845,335,603,20
44860,358,607,21
44876,343,351,18
44892,338,372,20
44908,349,630,21
44924,361,626,21
44939,357,359,20
44955,370,437,20
44971,340,214,19
44987,348,640,20
45002,344,452,19
45018,333,429,19
45034,332,631,21
45050,355,208,19
45065,372,318,19
45081,383,649,20
45097,378,494,19
45113,354,546,19
45129,356,528,19
45144,378,602,21
45160,369,365,21
45176,362,431,19
45192,381,252,18
45207,353,397,19
45223,334,406,20
45239,339,479,19
45255,363,329,19
45271,351,393,18
45286,400,650,20
45302,339,650,20
45318,364,196,18
45334,379,617,19
45349,352,457,19
45365,346,664,20
45381,356,205,18
45397,367,633,20
45413,382,563,19
45428,352,448,19
45444,330,247,18
45460,477,626,20
45476,342,278,18
45491,359,647,20
45507,578,517,19
45523,329,308,19
45539,347,659,21
45554,342,639,20
45570,381,501,20
45586,369,612,20
45602,351,589,20
45617,373,642,20
45633,346,628,20
45649,362,505,19
45665,367,210,19
45681,352,299,19
45696,361,381,20
45712,346,172,17
45728,361,266,18
45744,385,644,19
45759,357,628,20
45775,361,644,20
45791,350,379,19
45807,365,459,20
45823,337,238,19
45838,365,631,21
45854,359,642,21
45870,337,498,20
45886,371,249,18
45901,346,197,20
45917,321,624,20
45933,367,306,19
45949,355,403,19
45964,347,539,20
45980,349,465,20
45996,349,301,19
46012,366,617,20
46028,356,504,21
46043,371,409,20
46059,358,621,20
46075,354,613,20
46091,329,636,20
46106,353,576,21
46122,339,249,19
46138,374,199,20
46154,295,457,19
46169,347,453,20
46185,321,646,20
46201,341,544,21
46217,331,623,21
46233,319,637,21
46248,405,646,21
46264,303,218,19
46280,347,622,21
46296,349,664,21
46311,337,389,19
46327,343,602,21
46343,351,468,20
46359,346,286,19
46375,316,217,19
46390,547,635,21
46406,325,406,21
46422,333,438,21
46438,325,586,21
46453,351,657,21
46469,335,384,20
46485,346,375,21
46501,355,656,21
46516,318,463,19
46532,335,625,21
46548,328,559,20
46564,351,675,21
46580,324,297,19
46595,341,307,18
46611,373,686,21
46627,404,408,21
46643,394,518,21
46658,346,624,21
46674,352,620,20
46714,364,532,19
46724,373,213,18
46734,393,420,20
46744,381,476,18
46754,374,476,20
46769,356,274,19
46785,338,272,18
46820,341,263,19
46830,669,265,20
46840,351,371,19
46851,347,632,20
46863,341,630,20
46879,357,430,20
46919,357,656,21
46929,348,241,19
46939,377,230,20
46949,362,462,20
46959,316,642,20
46974,338,669,21
46990,341,646,21
47005,351,431,22
47021,331,641,21
47037,341,295,19
47053,346,348,19
47068,339,386,20
47084,330,394,20
47100,349,385,19
47116,337,236,20
47132,359,462,20
47147,312,418,20
47163,338,389,19
47179,326,617,20
47195,330,407,21
47210,326,325,20
47226,266,596,21
47242,284,488,21
47258,294,585,21
47273,250,422,20
47289,337,550,21
47305,327,320,20
47321,340,453,20
47337,335,621,21
47352,304,429,20
47368,507,471,20
47384,344,403,20
47400,334,320,20
47415,321,429,21
47431,343,665,21
47447,562,458,22
47463,327,394,20
47479,355,309,18
47494,319,445,20
47510,354,451,18
47526,315,551,18
47542,329,640,18
47557,328,195,17
47573,457,421,16
47589,322,663,18
47605,311,294,16
47620,368,563,17
47636,354,481,18
47652,337,604,17
47668,367,294,17
47684,352,231,15
47699,365,619,17
47715,383,565,17
47731,374,617,17
47747,362,668,17
47762,349,347,16
47778,377,634,17
47794,384,545,16
47810,351,452,17
47825,359,337,16
47841,354,213,17
47857,348,634,18
47873,387,631,17
47889,389,448,16
47904,402,592,18
47920,379,494,17
47936,340,335,17
47952,370,602,18
47967,421,508,17
47983,464,431,18
47999,350,239,17
48015,371,478,18
48031,388,611,19
48046,348,219,17
48062,373,594,20
48078,354,648,19
48094,344,433,18
48109,346,615,18
48125,357,608,18
48141,352,633,18
48157,286,432,16
48172,341,561,17
48188,320,597,18
48204,581,440,17
48220,314,316,16
48236,306,632,18
48251,311,603,18
48267,325,263,16
48283,294,418,17
48299,331,627,18
48314,344,576,17
48330,689,375,17
48346,351,594,18
48362,366,364,16
48378,338,293,17
48393,307,595,17
48409,295,345,17
48425,314,605,18
48441,327,355,16
48456,293,458,18
48472,361,609,18
48488,347,615,18
48504,305,269,16
48519,342,203,17
48535,305,491,16
48551,317,641,18
48567,748,260,16
48583,334,636,17
48598,327,605,17
48614,348,407,16
48630,403,530,17
48646,600,622,18
48661,293,602,17
48677,367,585,18
48693,296,578,16
48709,283,455,18
48725,457,416,16
48740,300,603,17
48756,327,449,16
48772,318,380,16
48788,309,473,17
48803,302,428,17
48819,342,617,17
48835,325,606,17
48851,303,235,16
48866,304,628,18
48882,319,641,18
48898,307,358,17
48914,328,467,16
48930,319,308,17
48945,339,404,16
48961,335,593,17
48977,730,563,18
48993,402,621,18
49008,294,156,16
49024,329,579,16
49040,592,602,16
49056,277,614,17
49072,604,454,17
49087,308,395,16
49103,350,599,17
49119,394,519,17
49149,354,389,17
49159,612,318,16
49170,333,399,18
49182,334,299,17
49198,295,258,16
49213,361,496,18
49229,471,282,17
49245,325,591,18
49261,565,609,18
49285,335,621,18
49295,302,551,17
49308,449,312,16
49324,292,506,18
49340,335,365,18
49399,297,374,17
49410,320,447,16
49421,328,637,18
49431,371,290,17
49442,315,238,16
49453,375,617,18
49464,353,609,17
49475,334,234,16
49485,369,340,17
49497,386,399,18
49513,368,619,17
49529,382,668,18
49545,340,332,16
49560,348,586,17
49576,378,224,16
49592,308,424,17
49608,320,604,18
49624,310,633,18
49639,325,623,18
49655,319,380,17
49671,342,667,18
49687,318,213,17
49702,309,253,16
49718,308,175,17
49734,347,476,17
49750,361,340,18
49766,357,419,17
49781,317,673,18
49797,322,505,17
49813,311,367,16
49829,316,208,17
49844,360,614,17
49860,339,666,18
49876,424,436,16
49892,335,637,18
49907,346,256,16
49923,367,498,18
49939,353,480,18
49955,367,507,19
49971,336,580,20
49986,326,316,20
50002,352,697,21
50018,337,648,20
50034,331,528,20
50049,325,632,20
50065,361,621,21
50081,359,582,21
50097,344,236,19
50112,328,383,20
50128,378,370,19
50144,325,686,21
50160,366,659,21
50176,312,434,20
50191,346,167,19
50207,346,567,21
50223,339,382,18
50239,361,618,19
50254,794,628,21
50270,375,690,20
50286,347,325,18
50302,363,414,19
50318,361,315,19
50333,336,693,20
50349,410,668,20
50365,375,578,19
50381,335,695,20
50396,345,272,18
50412,368,335,19
50428,360,219,18
50444,347,560,19
50459,336,622,20
50475,335,371,18
50491,394,208,18
50507,379,297,19
50523,382,696,20
50538,372,509,20
50554,365,265,18
50570,356,619,19
50586,383,454,18
50601,348,248,17
50617,326,684,21
50633,334,559,18
50649,334,397,18
50664,337,552,19
50680,335,274,19
50696,328,293,18
50712,346,672,20
50728,342,261,18
50743,342,245,18
50759,330,467,18
50775,328,368,18
50791,311,244,17
50806,328,290,19
50822,310,431,19
50838,314,543,19
50854,338,426,18
50870,353,680,19
50885,342,629,19
50901,366,238,18
50917,379,431,17
50933,392,592,20
50948,372,652,19
50964,336,307,18
50980,335,257,17
50996,362,407,19
51011,352,260,16
51027,367,241,16
51043,372,285,17
51059,388,274,18
51075,387,274,16
51090,383,699,18
51106,375,228,16
51122,340,599,17
51138,364,299,16
51153,353,287,18
51169,363,233,16
51185,355,391,16
51201,373,653,19
51216,363,690,19
51232,325,336,16
51248,333,684,18
51264,354,469,17
51280,323,457,16
51295,333,741,19
51311,367,215,17
51327,384,645,19
51343,357,334,16
51358,340,355,18
51374,343,409,18
51390,350,266,16
51406,349,261,16
51422,324,483,16
51437,322,479,17
51453,367,222,16
51469,342,706,17
51485,391,493,17
51500,321,213,16
51516,314,490,17
51532,349,502,16
51548,366,475,17
51563,334,223,16
51579,346,659,18
51595,364,598,19
51611,347,433,19
51627,330,448,16
51642,373,407,17
51658,309,663,18
51674,360,569,18
51690,367,533,17
51705,392,460,18
51721,373,476,18
51737,351,520,18
51753,323,276,18
51768,339,688,20
51784,380,332,18
51816,353,454,19
51826,345,261,20
51837,341,462,20
51847,331,693,20
51873,333,328,18
51883,338,332,18
51895,333,278,18
51910,352,535,18
51926,356,696,20
51953,350,559,20
51964,356,249,18
51974,340,285,18
51989,344,382,21
52005,307,280,18
52021,311,351,18
52037,317,580,19
52052,318,425,18
52068,322,320,18
52084,304,693,19
52100,331,478,18
52115,363,605,19
52131,331,256,19
52147,317,512,18
52163,354,682,19
52179,340,268,17
52194,351,186,17
52210,321,381,19
52226,316,415,18
52242,380,265,17
52257,462,291,18
52273,299,265,18
52289,325,621,18
52305,576,526,18
52321,327,665,18
52336,758,338,17
52352,326,649,19
52368,373,322,17
52384,358,661,19
52399,260,642,18
52415,342,447,17
52431,253,249,16
52447,322,640,18
52462,272,362,16
52478,310,479,17
52494,322,668,18
52510,793,648,18
52526,375,422,17
52541,375,622,18
52557,330,615,18
52573,318,374,18
52589,320,676,20
52604,285,272,18
52620,500,538,19
52636,295,616,20
52652,354,575,19
52667,336,203,17
52683,331,433,18
52699,330,494,19
52715,398,678,20
52731,276,201,19
52746,342,678,20
52762,234,250,19
52778,333,347,21
52794,284,242,18
52809,256,653,20
52825,300,219,18
52841,324,429,18
52857,298,390,19
52873,292,677,19
52888,310,338,17
52904,324,588,18
52920,335,251,17
52936,372,600,18
52951,301,348,16
52967,278,222,18
52983,338,173,18
52999,260,203,18
53014,289,322,17
53030,276,483,17
53046,289,556,17
53062,269,318,18
53078,330,365,16
53093,289,338,17
53109,494,321,18
53125,335,587,18
53141,230,429,17
53156,320,263,16
53172,264,300,17
53188,306,271,17
53204,336,433,17
53219,344,210,17
53235,344,225,18
53251,346,442,18
53267,349,242,18
53283,372,322,19
53298,319,664,19
53314,370,436,19
53330,767,523,18
53346,364,260,16
53361,330,662,19
53377,337,672,19
53393,367,529,17
53409,313,279,18
53425,360,508,18
53440,362,625,19
53456,322,298,18
53472,329,275,18
53488,343,692,20
53503,351,339,20
53519,329,624,21
53535,360,430,20
53551,325,698,22
53566,335,653,22
53582,354,433,21
53598,354,394,22
53614,386,314,22
53630,359,650,23
53645,335,449,23
53661,366,409,27
53677,364,223,24
53693,320,453,23
53708,363,587,23
53724,360,462,23
53740,323,634,23
53756,317,670,24
53772,349,458,23
53787,368,711,23
53803,328,351,19
53819,332,673,22
53835,320,152,20
53850,332,396,22
53866,315,362,23
53882,317,404,22
53898,325,225,22
53913,315,253,21
53929,347,641,23
53945,320,418,23
53961,341,520,22
53977,350,407,22
53992,326,581,24
54008,340,237,23
54024,324,233,22
54040,308,462,22
54055,325,313,21
54071,334,184,21
54087,325,424,22
54103,327,278,22
54119,352,311,21
54134,354,586,22
54157,328,339,21
54167,322,565,22
54182,326,666,21
54197,323,708,21
54213,364,655,21
54229,423,652,21
54254,339,448,18
54265,335,261,18
54276,433,710,19
54292,349,678,19
54308,381,524,20
54324,377,267,18
54374,342,677,19
54384,302,662,19
54395,317,400,19
54405,308,488,20
54416,318,509,19
54427,381,399,18
54438,356,691,20
54450,345,503,19
54465,366,186,18
54481,391,559,20
54497,359,630,19
54513,321,652,18
54529,363,264,17
54544,331,320,18
54560,377,236,17
54576,313,555,17
54592,284,648,19
54607,484,418,19
54623,313,271,17
54639,375,566,18
54655,345,182,18
54671,347,225,18
54686,379,316,17
54702,344,578,19
54718,401,437,19
54734,346,541,18
54749,327,275,18
54765,342,323,17
54781,332,407,17
54797,347,734,19
54812,380,327,17
54828,368,321,17
54844,321,400,19
54860,335,700,18
54876,356,239,17
54891,353,329,17
54907,338,213,17
54923,314,234,16
54939,346,264,17
54954,364,573,18
54970,336,706,20
54986,355,705,18
55002,327,617,18
55017,330,453,17
55033,340,699,19
55049,364,243,17
55065,340,317,18
55081,346,692,19
55096,342,682,19
55112,374,658,18
55128,334,559,18
55144,518,493,18
55159,311,477,17
55175,317,682,18
55191,362,612,18
55207,348,640,17
55222,318,227,17
55238,320,395,17
55254,303,323,17
55270,348,246,17
55286,312,600,18
55301,327,604,18
55317,363,648,19
55333,354,551,17
55349,351,463,18
55364,339,311,17
55380,335,328,17
55396,348,363,17
55412,354,324,17
55428,364,231,17
55443,290,683,19
55459,354,236,17
55475,308,295,17
55491,371,418,17
55506,349,279,18
55522,355,184,18
55538,353,640,19
55554,352,434,18
55569,340,446,18
55585,361,427,18
55601,338,254,17
55617,323,534,18
55633,321,248,18
55648,334,471,18
55664,383,324,18
55680,327,437,18
55696,332,251,16
55711,321,557,17
55727,360,221,17
55743,353,400,18
55759,383,361,17
55774,351,202,17
55790,345,517,17
55806,371,409,17
55822,379,284,16
55838,376,242,16
55853,369,649,19
55869,341,398,17
55885,349,243,18
55901,363,705,18
55916,339,537,18
55932,334,704,18
55948,384,685,19
55964,390,360,17
55980,346,224,17
55995,349,610,19
56011,332,229,19
56027,298,486,18
56043,326,351,18
56058,373,290,17
56074,355,440,18
56090,382,357,17
56106,356,414,18
56121,355,294,17
56137,333,285,17
56153,326,276,17
56169,339,515,18
56185,347,308,17
56200,329,629,18
56216,369,481,17
56232,315,233,16
56248,327,294,18
56263,303,332,18
56279,364,548,18
56295,381,422,17
56311,350,474,18
56326,320,283,17
56342,364,680,19
56358,327,362,18
56374,368,387,17
56390,339,680,19
56405,330,675,19
56421,313,536,18
56437,314,294,18
56453,306,671,20
56468,349,505,18
56484,341,450,19
56500,353,284,18
56516,318,339,19
56531,278,585,21
56547,295,246,20
56563,312,659,21
56579,272,237,20
56595,316,423,19
56634,307,289,19
56644,330,683,20
56654,336,422,19
56664,329,705,21
56674,321,548,20
56689,350,544,19
56705,327,389,18
56893,362,664,21
56903,336,227,20
56913,322,386,22
56923,347,706,23
56933,363,227,21
56943,347,336,20
56953,399,398,21
56963,368,323,21
56973,352,316,22
56983,405,490,20
56993,394,279,21
57003,362,227,20
57013,365,721,21
57068,357,405,21
57078,378,252,20
57088,362,502,20
57098,377,709,20
57108,393,230,19
57118,364,351,19
57129,383,616,19
57140,385,416,20
57151,402,548,19
57161,353,385,18
57172,369,376,18
57182,345,315,18
57193,356,682,20
57204,359,532,18
57214,343,455,19
57225,358,230,18
57236,368,340,20
57246,364,593,19
57256,317,436,19
57266,346,281,18
57276,359,330,18
57286,334,683,20
57297,348,427,18
57308,380,294,18
57319,386,369,18
57329,380,580,18
57339,333,729,20
57352,330,246,17
57367,346,337,18
57383,340,232,17
57399,371,275,17
57415,327,709,18
57430,326,234,17
57446,363,219,17
57462,359,270,17
57478,353,250,17
57494,388,228,17
57509,411,739,19
57525,350,218,17
57541,342,241,17
57557,382,465,18
57572,366,607,18
57588,404,291,18
57604,378,321,17
57620,358,251,17
57635,341,695,19
57651,380,337,17
57667,365,736,20
57683,367,356,18
57699,427,766,20
57714,347,265,18
57730,354,532,18
57746,360,229,17
57762,381,322,17
57777,361,509,18
57793,405,259,18
57809,382,249,18
57825,354,514,18
57840,299,235,18
57856,350,700,20
57872,331,710,19
57888,335,447,19
57904,349,250,18
57919,387,199,17
57935,336,329,18
57951,367,561,20
57967,394,720,20
57982,335,306,19
57998,373,364,19
58014,325,339,20
58030,328,466,21
58045,317,336,18
58061,319,344,18
58077,320,451,18
58093,430,304,18
58109,319,360,18
58124,309,363,18
58140,329,258,18
58156,292,344,18
58172,316,598,20
58187,306,248,18
58203,290,332,19
58219,299,512,19
58235,295,379,19
58251,294,474,19
58266,347,377,19
58282,327,636,20
58298,342,715,20
58314,330,207,19
58329,323,682,20
58345,310,510,21
58361,320,411,18
58377,271,460,18
58392,344,194,19
58408,349,221,18
58424,342,241,17
58440,347,232,18
58456,341,344,18
58471,348,408,18
58487,351,450,19
58503,374,640,20
58519,387,481,18
58534,375,560,19
58550,348,384,20
58566,338,651,19
58582,714,355,18
58598,608,586,19
58613,347,350,19
58629,294,406,19
58645,391,482,21
58661,459,497,19
58676,298,653,21
58692,299,304,19
58708,318,506,20
58724,316,437,20
58739,272,253,20
58755,312,638,21
58771,186,420,21
58787,288,447,21
58803,301,453,20
58818,341,658,20
58834,289,417,21
58850,288,456,19
58866,334,324,18
58881,352,334,20
58897,310,199,18
58913,335,453,19
58929,345,426,19
58944,291,373,18
58960,296,475,20
58976,262,623,20
58992,259,494,20
59008,228,605,19
59023,257,312,18
59039,281,247,18
59055,308,252,18
59071,319,659,19
59086,323,225,19
59102,334,391,18
59118,317,594,18
59134,324,492,19
59150,339,641,19
59165,356,202,18
59181,342,520,19
59197,296,577,20
59213,537,586,20
59228,307,701,21
59244,335,299,20
59260,341,648,23
59276,327,281,23
59291,333,400,22
59307,306,509,22
59323,272,618,23
59379,271,484,23
59389,319,322,23
59400,344,402,24
59410,322,369,22
59420,315,602,24
59431,307,365,25
59442,345,459,24
59452,352,457,24
59465,313,397,25
59498,346,462,25
59509,359,307,24
59519,358,439,25
59530,363,370,23
59544,330,364,23
59560,373,416,24
59597,366,551,25
59607,346,396,24
59617,349,533,24
59628,359,474,24
59638,354,565,24
59654,338,288,24
59670,347,477,25
59686,365,639,25
59702,356,411,24
59717,328,350,24
59733,293,691,25
59749,336,250,24
59765,319,711,26
59780,328,408,24
59796,364,557,25
59812,312,231,23
59828,392,541,24
59844,382,660,25
59859,370,515,25
59875,357,181,23
59891,332,374,24
59907,332,274,23
59922,313,381,24
59938,327,443,24
59965,342,650,25
59975,378,573,25
59985,328,480,24
60001,373,621,24
60017,340,234,23
60033,332,642,24
60049,348,641,24
60064,341,552,25
60080,332,340,24
60096,345,253,24
60112,337,617,24
60127,353,392,24
60143,376,556,24
60159,626,399,24
60175,376,510,24
60191,358,488,24
60206,368,244,23
60222,367,660,24
60238,333,374,23
60254,353,679,24
60269,323,377,24
60285,337,617,24
60301,309,606,25
60317,303,333,23
60332,340,444,25
60348,292,273,23
60364,318,637,24
60380,345,627,25
60396,376,633,24
60411,348,336,25
60427,348,651,25
60443,328,307,23
60459,288,456,24
60474,337,538,25
60490,312,256,23
60506,427,662,24
60522,328,665,25
60537,295,346,23
60553,326,585,24
60569,291,295,23
60585,314,616,24
60601,325,624,24
60616,322,426,24
60632,328,267,23
60648,325,441,22
60664,306,636,21
60679,303,180,20
60695,345,406,20
60711,374,344,20
60727,371,383,20
60743,320,373,20
60758,344,478,22
60774,332,333,20
60790,492,679,21
60806,377,653,20
60821,360,511,20
60837,367,345,19
60853,342,231,19
60869,333,500,20
60884,339,264,19
60900,362,466,20
60916,359,488,19
60932,374,261,18
60948,363,257,18
60963,344,257,19
60979,370,629,21
60995,340,245,19
61011,385,235,19
61026,344,328,19
61042,348,311,19
61058,369,588,20
61074,353,460,20
61089,361,562,21
61105,307,345,21
61121,353,434,21
61137,339,500,21
61153,351,667,20
61168,366,299,19
61184,366,614,20
61200,368,646,20
61216,306,198,19
61231,340,269,19
61247,334,483,19
61263,307,255,19
61279,347,371,19
61294,331,233,19
61310,332,203,19
61326,318,562,20
61342,330,276,19
61358,329,370,19
61373,375,289,18
61389,357,261,18
61405,343,408,19
61421,347,348,21
61436,350,647,20
61452,368,581,19
61468,357,639,20
61484,366,195,18
61500,352,262,19
61515,338,445,19
61531,359,572,20
61547,337,629,20
61563,330,533,19
61578,321,602,20
61594,320,636,20
61610,320,681,20
61626,331,634,20
61641,362,618,20
61657,344,638,20
61673,362,644,21
61689,338,614,20
61705,328,653,20
61720,328,610,20
61736,324,630,20
61752,350,275,20
61768,341,619,21
61783,360,647,21
61799,337,646,21
61815,322,263,19
61831,338,226,19
61846,358,397,19
61862,332,636,21
61878,335,609,20
61894,327,631,20
61910,348,278,19
61925,342,563,20
61941,358,629,21
61957,391,263,19
61973,359,681,21
61988,370,638,20
62004,360,625,21
62020,380,246,20
62036,352,677,20
62052,353,286,19
62067,368,489,20
62083,404,683,20
62099,388,770,21
62115,393,213,19
62149,375,657,21
62159,341,293,18
62171,366,366,19
62181,366,282,19
62193,362,508,19
62227,436,594,20
62238,342,387,20
62248,344,630,20
62258,349,290,19
62272,348,216,19
62288,352,529,21
62304,328,263,19
62367,376,228,19
62378,364,601,20
62389,354,298,19
62399,339,714,21
62410,502,696,21
62425,343,691,21
62435,325,538,21
62446,326,224,20
62456,319,386,20
62466,324,305,20
62477,326,279,20
62493,360,501,21
62509,351,473,20
62525,343,664,21
62540,383,503,21
62556,339,251,19
62572,343,357,20
62588,353,682,21
62604,359,435,19
62619,353,259,19
62635,319,245,20
62651,371,334,20
62667,379,347,20
62682,372,425,19
62698,364,300,19
62714,374,659,21
62730,368,477,20
62745,341,290,20
62761,335,502,20
62777,361,655,21
62793,331,258,20
62809,348,623,21
62824,345,290,20
62840,354,422,20
62856,344,428,20
62872,312,660,21
62887,328,678,21
62903,325,254,20
62919,328,458,20
62935,350,642,21
62951,324,571,20
62966,326,635,21
62982,344,654,20
62998,347,609,20
63014,334,515,20
63029,345,634,21
63045,342,640,21
63061,348,291,20
63077,340,252,20
63092,359,644,21
63108,373,631,20
63124,318,456,20
63140,342,348,20
63156,334,667,22
63171,344,628,22
63187,344,674,21
63203,323,277,20
63219,384,601,21
63234,321,225,20
63250,334,300,20
63266,324,243,20
63282,346,666,21
63298,344,664,22
63313,362,256,20
63329,351,260,19
63345,366,680,21
63361,330,634,21
63376,357,519,21
63392,336,311,19
63408,376,471,21
63424,357,651,21
63439,349,182,19
63455,376,250,19
63471,344,379,20
63487,370,347,20
63503,371,336,20
63518,340,584,21
63534,362,295,20
63550,356,292,20
63566,353,470,21
63581,352,406,20
63597,346,244,20
63613,331,519,21
63629,322,326,20
63644,328,586,20
63660,318,271,21
63676,350,254,20
63692,359,644,21
63708,331,677,22
63723,344,644,21
63739,319,263,20
63755,344,650,21
63771,333,427,20
63786,326,314,20
63802,373,533,22
63818,321,363,21
63834,340,231,22
63850,378,638,23
63865,347,402,22
63881,345,254,22
63897,348,535,24
63913,336,449,25
63928,329,668,26
63944,346,254,24
63960,328,696,25
63976,330,284,24
63991,379,271,25
64007,356,217,25
64023,368,369,24
64039,307,345,24
64055,352,644,25
64070,307,309,24
64086,361,353,23
64102,348,586,24
64118,318,291,23
64133,331,230,23
64149,350,253,24
64165,315,355,25
64181,338,676,26
64197,344,506,25
64212,344,469,26
64228,312,625,26
64244,332,233,24
64260,337,360,23
64275,345,641,25
64291,348,584,23
64307,366,658,25
64323,321,349,28
64338,323,463,24
64354,311,220,23
64370,334,528,24
64386,344,626,25
64402,330,654,25
64417,348,396,23
64433,342,584,25
64449,324,649,25
64465,318,299,24
64480,338,393,25
64496,328,291,24
64512,342,260,25
64528,331,335,24
64543,317,626,24
64559,293,397,22
64575,338,496,22
64610,315,218,22
64620,326,678,22
64631,343,260,20
64642,327,384,21
64654,341,509,21
64678,342,224,21
64688,357,626,21
64701,330,297,20
64717,342,727,23
64733,315,257,21
