10881,
10891,304,308,337
10901,94,602,334
10911,445,581,345
10921,438,571,340
10931,285,580,336
10941,694,584,335
10951,380,585,336
10961,471,568,330
10971,243,573,337
10981,282,569,330
10991,318,357,316
11001,481,491,338
11011,238,462,350
11021,522,612,330
11031,240,613,335
11041,649,601,346
11051,308,270,337
11061,270,597,332
11071,439,463,347
11081,371,147,331
11091,229,582,344
11101,491,566,326
11111,386,297,297
11121,287,503,324
11131,695,332,285
11141,464,576,256
11151,239,572,272
11161,510,555,291
11171,246,564,282
11181,605,574,306
11191,517,602,355
11201,244,551,324
11211,716,592,346
11221,690,546,325
11231,393,416,328
11241,441,569,349
11251,586,561,316
11261,298,240,344
11271,703,429,322
11281,266,293,326
11291,269,580,363
11301,484,562,335
11311,258,566,349
11321,618,376,353
11331,533,315,351
11341,498,452,317
11351,660,566,326
11361,355,549,324
11371,664,580,327
11381,438,568,315
11391,357,566,315
11401,682,578,324
11411,225,589,349
11424,238,584,325
11439,485,560,339
11455,277,547,351
11471,218,109,344
11487,355,542,340
11503,437,500,340
11518,262,586,367
11534,490,545,322
11550,345,576,333
11566,233,419,325
11582,554,559,327
11598,414,433,328
11613,274,570,363
11629,256,580,362
11645,451,587,363
11661,362,594,346
11677,338,570,378
11692,334,365,347
11708,473,595,348
11724,379,552,353
11740,468,420,346
11756,393,531,356
11772,465,571,355
11787,440,586,352
11803,256,577,336
11819,366,528,355
11835,281,596,383
11851,328,580,361
11866,269,362,350
11882,298,485,355
11898,314,460,343
11914,253,461,341
11930,272,575,355
11946,535,570,349
11961,656,585,372
11977,282,279,359
11993,553,544,359
12009,310,365,343
12025,711,576,326
12040,245,571,349
12056,591,483,335
12072,696,597,326
12088,720,461,343
12104,698,597,328
12120,393,562,330
12135,240,596,353
12151,514,591,340
12167,326,310,330
12183,392,571,331
12199,549,559,335
12214,358,555,315
12230,533,606,322
12246,551,575,314
12262,697,570,326
12278,281,586,326
12294,268,470,316
12309,707,450,344
12325,225,143,313
12341,610,564,326
12357,475,276,339
12373,463,562,346
12388,472,561,363
12404,441,555,355
12420,365,556,321
12436,237,577,333
12452,662,571,339
12467,715,31,346
12483,297,571,358
12499,355,493,349
12515,288,557,328
12531,279,576,334
12547,298,579,371
12562,337,539,365
12578,611,315,350
12594,309,582,356
12610,669,336,362
12626,245,556,357
12642,226,634,359
12657,473,584,347
12673,291,586,340
12689,555,486,345
12705,238,602,343
12721,526,468,346
12736,407,572,328
12752,661,541,334
12768,671,548,344
12784,467,550,334
12800,609,390,342
12816,692,579,342
12831,673,617,333
12847,346,592,338
12863,247,592,332
12879,602,567,328
12895,478,576,328
12910,370,219,341
12926,394,474,345
12942,194,580,334
12958,299,558,348
12974,760,293,343
12990,442,513,347
13005,507,583,340
13021,281,191,356
13037,232,565,335
13053,502,440,350
13069,632,553,342
13084,631,540,337
13100,237,578,350
13116,438,604,350
13132,453,594,348
13148,700,292,350
13164,569,460,341
13179,387,592,341
13195,480,586,341
13211,271,555,353
13227,299,284,355
13243,275,577,346
13258,572,403,336
13274,352,541,356
13290,219,612,339
13306,275,470,355
13322,347,548,332
13338,399,266,316
13353,401,551,319
13369,431,563,324
13385,359,560,345
13401,460,564,309
13417,507,560,330
13432,513,541,344
13448,514,557,340
13464,511,591,362
13480,511,594,336
13496,512,315,338
13512,454,570,346
13527,476,586,372
13543,495,600,344
13559,716,595,351
13575,310,372,348
13591,387,582,355
13606,450,606,349
13622,755,593,345
13638,243,598,346
13654,346,560,340
13670,268,651,354
13686,265,207,337
13701,542,398,357
13717,247,584,334
13733,251,596,342
13749,254,375,336
13765,358,319,369
13780,487,555,350
13796,248,599,341
13812,395,581,357
13828,276,582,358
13844,658,241,347
13859,260,11,328
13875,253,445,370
13891,294,553,336
13907,245,578,353
13923,340,566,347
13939,218,318,338
13954,455,400,345
13970,487,528,352
13986,694,582,332
14002,617,582,328
14018,579,600,355
14033,417,624,342
14049,494,521,339
14065,344,615,342
14081,363,580,338
14097,473,529,337
14113,270,227,322
14128,241,572,316
14144,524,542,301
14160,532,570,324
14176,698,386,311
14192,216,133,315
14207,306,445,306
14223,599,329,323
14239,526,200,300
14255,629,350,322
14271,396,614,422
14287,406,176,470
14302,238,412,341
14318,445,608,345
14334,336,524,346
14350,226,569,343
14366,357,540,332
14381,256,581,354
14397,254,557,351
14413,233,346,334
14429,581,388,334
14445,531,559,322
14461,417,558,339
14476,508,140,485
14492,693,543,505
14508,495,546,491
14524,462,544,507
14540,428,561,510
14555,570,552,503
14571,711,515,503
14587,288,570,469
14603,599,561,345
14619,322,555,436
14635,413,484,493
14650,512,531,498
14666,498,375,377
14682,360,401,344
14698,405,565,359
14714,296,588,334
14729,238,581,349
14745,236,568,346
14761,236,585,348
14777,262,542,349
14793,308,564,345
14809,457,506,348
14824,427,467,337
14840,411,215,342
14856,379,250,368
14872,497,576,360
14888,510,258,346
14903,512,417,378
14919,448,581,357
14935,499,602,345
14951,510,550,353
14967,748,434,364
14983,451,487,368
14998,502,531,369
15014,572,549,378
15030,347,570,363
15046,258,564,373
15062,332,236,360
15077,278,543,376
15093,263,523,357
15109,226,393,362
15125,361,335,361
15141,478,566,357
15157,343,526,343
15172,372,292,344
15188,290,490,342
15204,272,345,345
15220,242,549,332
15236,292,552,302
15251,362,505,338
15267,267,359,333
15283,387,608,327
15299,243,463,336
15315,261,579,345
15331,285,232,336
15346,275,236,333
15362,507,567,308
15378,715,579,322
15394,201,553,317
15410,695,275,311
15425,350,297,299
15440,653,91,327
15457,198,587,323
15473,720,468,314
15489,263,536,311
15505,676,571,325
15520,264,578,326
15536,475,565,333
15552,508,585,344
15568,269,584,351
15584,683,414,313
15599,261,508,306
15615,400,336,332
15631,681,542,349
15647,452,545,342
15663,681,567,331
15678,278,381,340
15694,315,415,356
15710,703,578,341
15726,675,610,337
15742,445,596,329
15758,538,588,343
15773,485,565,350
15789,423,559,344
15805,362,567,336
15821,270,481,325
15837,254,576,337
15852,472,574,345
15868,313,545,317
15884,232,571,309
15900,305,568,346
15916,481,316,318
15932,366,590,344
15947,735,575,328
15963,244,583,358
15979,455,285,345
15995,372,267,341
16011,308,411,352
16026,517,580,343
16042,640,549,340
16058,491,456,342
16074,232,117,341
16090,279,591,340
16106,410,589,336
16121,517,582,339
16137,304,587,338
16153,239,616,327
16167,227,6,325
16185,257,624,370
16200,241,618,321
16216,230,159,333
16232,241,584,312
16248,517,117,327
16264,275,599,318
16279,249,276,343
16295,668,573,337
16311,228,275,342
16327,718,477,353
16343,247,564,335
16359,315,277,316
16374,516,304,312
16390,742,554,320
16406,269,552,320
16422,359,590,343
16438,492,573,350
16453,511,565,362
16469,512,528,377
16485,517,397,381
16501,511,613,371
16517,498,592,370
16533,498,581,371
16548,465,540,364
16564,506,551,366
16580,514,557,354
16596,330,610,352
16612,560,588,358
16627,468,577,336
16643,222,550,346
16659,259,438,362
16675,273,585,354
16691,362,576,343
16707,385,580,334
16722,513,573,354
16738,270,486,347
16754,357,430,343
16770,602,592,348
16786,258,553,340
16802,289,565,355
16817,250,564,346
16833,322,566,323
16849,450,566,324
16865,623,457,331
16881,563,524,329
16896,403,560,315
16912,353,364,347
16928,333,413,349
16944,431,163,328
16960,444,397,324
16975,244,394,332
16991,374,572,334
17007,262,295,330
17023,225,625,334
17039,690,449,333
17055,256,660,353
17070,643,620,349
17086,346,605,330
17102,472,559,344
17118,216,587,345
17134,369,195,341
17149,241,353,336
17165,449,554,355
17181,425,395,317
17197,597,440,339
17213,272,254,332
17229,254,606,338
17244,284,564,332
17260,612,272,340
17276,195,460,349
17292,352,568,344
17308,299,604,353
17323,359,202,346
17339,232,573,342
17355,226,553,356
17371,591,545,355
17387,414,283,331
17403,306,466,350
17418,529,337,353
17434,272,584,338
17450,459,161,337
17466,459,576,343
17482,255,593,341
17497,317,382,334
17513,248,389,346
17529,294,614,329
17545,467,572,344
17561,246,601,340
17577,438,432,329
17592,271,584,339
17608,228,573,357
17624,280,402,348
17640,226,380,350
17656,319,570,353
17671,305,588,337
17687,238,226,351
17703,260,558,335
17719,270,543,344
17735,293,411,348
17751,298,596,367
17766,335,602,327
17782,357,546,353
17798,492,568,359
17814,507,572,361
17830,513,345,379
17845,514,568,361
17861,479,585,358
17877,511,556,343
17893,509,549,344
17909,508,564,344
17925,510,456,343
17940,401,544,338
17956,286,510,339
17972,272,559,334
17988,271,549,334
18004,254,568,358
18019,241,604,338
18035,307,405,323
18051,236,544,336
18067,267,574,344
18083,260,560,344
18099,286,533,339
18114,261,407,342
18130,248,584,334
18146,238,244,323
18162,279,561,334
18178,250,607,345
18193,224,580,331
18209,450,571,334
18225,262,316,353
18241,269,605,327
18257,235,273,330
18273,249,450,343
18288,282,566,338
18304,353,413,358
18320,256,582,349
18336,235,521,346
18352,209,561,332
18367,248,577,339
18383,211,576,326
18399,278,348,343
18415,420,581,346
18431,717,465,349
18446,215,65,338
18462,265,612,355
18477,269,77,335
18494,297,262,367
18510,264,590,332
18526,261,594,351
18541,259,576,336
18557,254,206,342
18573,247,570,344
18589,219,563,346
18605,413,557,326
18620,342,564,320
18636,300,576,348
18652,287,299,368
18668,450,549,349
18684,281,579,340
18700,265,570,325
18715,445,571,305
18731,240,407,307
18747,262,602,376
18763,257,361,353
18779,237,602,324
18794,262,447,323
18810,589,553,325
18826,259,552,324
18842,301,449,317
18858,272,584,332
18874,380,568,319
18889,311,574,336
18905,741,579,356
18921,362,560,348
18937,277,571,338
18953,270,573,336
18968,409,578,353
18984,285,602,327
19000,494,508,331
19016,240,477,319
19032,237,598,340
19048,271,578,348
19063,268,582,327
19079,454,569,321
19095,566,537,325
19111,288,262,338
19127,353,580,350
19142,307,595,336
19158,242,318,321
19174,238,457,332
19190,269,567,347
19206,265,473,341
19222,226,562,336
19237,357,586,335
19253,237,493,325
19269,222,299,332
19285,729,576,341
19301,235,289,334
19316,260,382,348
19332,290,402,329
19348,288,597,332
19364,282,567,336
19380,306,387,321
19396,289,601,343
19411,246,559,336
19427,711,554,340
19443,250,337,334
19459,373,566,350
19475,265,571,335
19490,359,613,342
19506,235,618,322
19522,334,567,328
19538,242,569,338
19554,265,476,338
19570,397,587,328
19585,247,602,349
19601,267,304,338
19617,296,514,330
19633,286,608,342
19649,266,340,350
19664,258,586,330
19696,286,566,341
19712,245,608,338
19728,260,589,340
19759,264,584,334
19775,226,280,338
19791,363,568,363
19807,522,358,330
19823,247,565,353
19838,293,276,338
19854,435,311,335
19886,247,576,331
19902,256,563,345
19933,258,581,332
19949,240,563,322
19965,274,308,344
19981,376,560,338
19997,256,624,353
20012,451,584,320
20028,269,166,341
20044,262,548,339
20060,285,465,349
20076,308,559,348
20092,271,596,350
20107,270,592,359
20122,235,77,337
20139,273,435,355
20155,269,189,350
20171,311,554,357
20186,268,539,343
20202,295,574,344
20218,387,533,344
20234,270,426,378
20250,291,562,395
20265,262,125,414
20281,393,550,375
20313,412,176,419
20329,350,553,417
20376,286,597,410
20424,739,604,410
20455,338,579,386
20487,523,570,417
20519,384,566,459
20550,428,613,421
20598,356,353,460
20693,364,571,438
20756,276,562,379
20819,471,573,381
20835,362,568,350
20867,228,563,406
20899,243,570,370
20914,336,531,366
20977,386,571,337
27256,6,488,368
27266,349,374,360
27276,275,619,352
27286,296,579,355
27296,268,236,356
27307,284,597,338
27317,331,434,335
27327,336,577,332
27337,259,500,358
27347,264,591,369
27357,762,605,385
27367,312,630,377
27377,282,594,351
27387,280,617,342
27397,274,568,348
27407,292,579,357
27417,403,609,346
27427,292,52,345
27437,335,577,370
27447,334,573,376
27457,400,478,349
27468,299,594,347
27478,297,143,351
27488,390,558,347
27498,312,180,345
27508,289,391,347
27518,264,65,358
27528,318,574,378
27538,263,371,375
27548,267,532,361
27558,307,580,367
27568,328,601,336
27578,426,313,339
27588,276,614,355
27598,787,571,352
27608,293,268,333
27618,279,587,340
27628,753,584,345
27638,289,614,348
27648,281,285,337
27658,279,547,347
27668,318,600,345
27678,277,578,344
27688,302,602,365
27698,244,478,361
27708,268,416,339
27718,425,446,358
27728,487,591,349
27738,357,290,326
27748,299,586,350
27758,254,563,347
27768,278,578,349
27778,297,574,378
27794,496,105,375
27810,307,594,356
27826,269,535,342
27842,274,190,345
27858,617,608,369
27873,296,165,333
27889,264,267,342
27905,278,557,353
27921,294,622,362
27937,288,587,360
27952,293,612,349
27968,266,285,349
27984,395,564,359
28000,291,577,357
28016,308,600,336
28032,267,612,397
28047,306,612,338
28063,655,348,368
28079,312,615,374
28095,310,577,374
28111,358,580,349
28127,267,594,363
28142,285,353,373
28158,268,613,377
28174,324,221,364
28190,341,583,349
28206,356,600,364
28221,294,609,371
28237,281,131,364
28253,346,625,374
28269,289,593,373
28285,296,588,378
28301,289,572,367
28316,274,602,353
28332,295,582,360
28348,328,580,358
28364,341,584,363
28380,317,560,354
28395,281,148,365
28411,285,583,369
28426,330,92,363
28443,334,276,392
28459,712,600,360
28474,286,569,369
28490,314,286,351
28506,244,304,353
28522,696,451,368
28538,608,573,332
28554,489,582,366
28569,291,580,365
28585,258,569,362
28601,404,172,351
28617,312,565,370
28633,253,290,360
28648,342,584,345
28664,276,393,367
28680,413,593,367
28696,254,143,349
28712,260,583,350
28728,312,262,346
28743,294,339,366
28759,279,574,348
28775,307,590,353
28791,303,583,339
28807,351,562,354
28822,284,569,351
28838,325,284,366
28854,368,448,371
28870,390,567,368
28886,584,557,369
28902,451,406,350
28917,615,585,341
28933,441,578,340
28949,279,425,369
28965,458,554,361
28981,539,578,360
28997,672,558,337
29012,312,589,354
29028,318,557,368
29044,303,434,352
29060,368,612,351
29076,280,241,344
29091,452,585,371
29107,729,557,353
29123,281,597,349
29139,293,221,378
29155,366,302,372
29171,303,585,347
29186,582,360,387
29202,319,576,381
29218,298,425,386
29234,304,401,387
29250,370,172,367
29265,323,425,357
29281,351,273,389
29297,309,193,380
29313,490,330,409
29329,413,329,373
29345,367,368,372
29360,338,625,420
29376,399,596,401
29392,309,162,430
29408,365,606,445
29424,608,602,401
29439,333,562,441
29455,396,563,414
29471,416,592,377
29487,347,606,415
29503,329,585,427
29519,586,590,418
29534,364,457,436
29550,431,592,439
29566,584,605,443
29582,484,576,433
29598,362,573,450
29613,387,451,452
29629,389,574,473
29645,386,571,438
29661,438,587,439
29677,726,475,441
29693,367,320,423
29708,381,549,440
29724,398,573,477
29740,458,539,460
29756,419,555,447
29772,383,210,476
29787,405,557,488
29803,377,336,472
29819,324,520,414
29835,367,637,464
29851,336,390,418
29866,340,573,419
29882,497,583,442
29898,368,566,429
29914,330,439,424
29930,628,576,468
29946,592,610,437
29961,353,588,423
29977,323,574,454
29993,372,600,401
30009,351,478,413
30025,452,455,432
30041,564,278,467
30056,846,642,413
30072,362,263,392
30088,359,617,392
30104,345,558,361
30120,363,312,362
30135,345,572,406
30151,356,584,370
30167,335,610,357
30183,298,556,339
30199,310,200,338
30215,317,353,373
30230,303,396,346
30246,317,560,358
30262,292,559,400
30278,343,542,375
30294,291,564,379
30309,329,563,385
30324,305,55,350
30341,280,566,399
30357,371,410,385
30373,307,579,351
30388,513,571,375
30404,316,570,389
30420,319,573,390
30436,722,559,394
30452,442,573,398
30468,340,274,428
30483,556,600,407
30499,483,396,432
30515,349,322,459
30531,469,289,432
30547,317,497,397
30562,772,570,377
30578,291,586,411
30594,647,358,432
30610,297,455,431
30626,355,557,434
30642,526,386,404
30657,360,609,416
30673,775,575,444
30689,351,158,388
30705,323,116,375
30721,347,621,380
30736,694,582,427
30752,762,225,420
30768,489,251,403
30784,516,578,427
30800,321,441,423
30816,325,581,434
30831,423,572,409
30847,350,609,446
30863,361,564,410
30879,408,420,398
30895,340,612,444
30910,441,599,415
30926,347,547,392
30942,348,601,459
30958,341,581,480
30974,377,576,434
30990,325,274,463
31005,391,359,484
31021,440,313,453
31037,366,584,465
31053,630,386,452
31069,420,596,453
31084,432,563,479
31100,438,469,470
31116,440,388,432
31132,463,323,430
31148,385,581,447
31164,410,405,460
31179,755,565,494
31195,405,594,487
31211,333,581,461
31227,376,598,461
31243,327,572,483
31258,397,563,446
31274,471,382,469
31290,408,619,484
31306,352,570,481
31322,393,473,487
31338,366,569,457
31353,382,607,390
31369,646,591,468
31385,359,428,490
31401,584,570,499
31417,386,565,485
31432,351,587,481
31448,456,504,492
31464,427,487,468
31480,347,590,486
31496,371,334,452
31512,360,626,484
31527,433,590,498
31543,386,581,468
31559,357,578,474
31575,409,528,467
31591,390,425,482
31606,410,594,462
31622,438,572,470
31638,490,434,471
31654,845,592,502
31670,748,553,482
31686,563,592,485
31701,369,570,451
31717,375,556,475
31733,402,386,490
31749,369,530,466
31765,395,243,487
31780,388,599,493
31796,427,525,456
31812,382,582,464
31828,409,571,462
31844,460,384,466
31860,389,407,485
31875,771,597,487
31891,397,617,486
31907,418,442,480
31923,433,603,482
31939,445,245,478
31954,450,307,483
31970,363,604,471
31986,369,633,470
32002,389,596,465
32018,429,260,463
32034,390,556,454
32049,421,474,476
32065,571,584,486
32081,430,630,444
32097,428,593,426
32113,374,408,458
32128,401,425,462
32144,348,600,395
32160,460,455,433
32176,402,348,446
32192,607,601,464
32208,430,486,429
32223,371,555,438
32239,360,576,404
32255,443,572,450
32271,331,108,487
32287,325,577,439
32302,392,573,428
32318,294,289,425
32334,372,340,425
32350,440,590,460
32366,345,611,440
32382,388,556,444
32397,386,564,485
32413,386,274,456
32429,374,576,431
32445,407,600,437
32461,358,221,469
32476,356,579,425
32492,563,597,422
32508,331,335,403
32524,315,562,411
32540,523,576,411
32556,499,593,447
32571,323,556,386
32587,559,586,375
32603,330,183,379
32619,364,591,360
32635,312,596,363
32650,308,561,366
32666,315,567,363
32682,320,341,417
32698,580,568,378
32714,273,587,348
32730,318,594,390
32745,274,606,369
32761,316,572,338
32777,296,372,345
32793,333,560,336
32809,366,409,340
32824,480,551,358
32840,293,244,385
32856,803,554,336
32872,570,334,339
32888,294,466,360
32904,348,575,380
32919,319,552,390
32935,643,602,357
32951,419,516,386
32967,403,371,444
32983,314,564,408
32998,373,580,377
33014,351,334,394
33030,388,572,391
33046,345,285,448
33062,428,192,424
33078,328,113,400
33093,588,641,441
33109,802,470,423
33125,462,626,415
33141,404,442,419
33157,656,426,478
33172,335,583,454
33188,334,412,414
33204,343,301,448
33220,351,597,447
33236,367,197,447
33252,357,445,413
33267,564,372,413
33283,710,622,476
33299,364,564,470
33315,413,568,449
33331,576,586,425
33346,879,584,435
33362,374,366,459
33378,369,571,406
33394,339,170,431
33410,579,525,461
33426,623,469,434
33441,377,617,437
33457,319,487,436
33473,352,578,430
33489,326,555,430
33505,406,613,439
33520,311,605,394
33536,326,591,432
33552,453,247,471
33568,351,591,457
33584,378,581,408
33600,358,486,418
33615,351,565,460
33631,598,292,442
33647,331,583,440
33663,405,327,434
33679,392,604,455
33694,402,158,400
33710,385,557,428
33726,375,530,454
33742,312,593,406
33758,498,120,450
33774,554,603,390
33789,318,567,369
33805,295,546,367
33821,314,285,354
33837,539,306,348
33853,375,199,371
33868,278,566,360
33884,334,574,348
33900,347,459,347
33916,372,583,359
33932,301,434,368
33948,300,493,357
33963,410,568,344
33979,338,345,359
33995,288,587,366
34011,270,587,337
34027,678,440,341
34042,276,445,338
34058,308,314,366
34074,298,577,382
34090,312,597,374
34106,365,417,335
34122,588,445,328
34137,286,578,339
34153,299,558,339
34169,383,529,326
34185,248,214,341
34201,545,586,334
34216,354,560,350
34232,456,544,357
34248,351,442,338
34264,295,578,365
34280,340,558,368
34296,283,457,347
34311,378,540,330
34327,763,593,364
34343,322,559,354
34359,319,543,348
34375,760,591,331
34390,286,584,339
34406,275,594,362
34422,270,518,365
34438,657,597,352
34454,284,370,331
34470,275,267,355
34485,356,536,359
34501,705,616,346
34517,530,584,333
34533,268,200,337
34549,291,288,342
34564,736,565,368
34580,588,299,370
34596,499,592,364
34612,307,125,361
34628,400,295,373
34644,446,320,341
34659,293,493,366
34675,291,596,348
34691,266,497,339
34707,310,577,339
34723,298,350,359
34738,494,572,364
34754,660,575,353
34770,282,551,380
34786,284,565,364
34802,537,428,342
34818,265,561,343
34833,301,590,336
34849,302,569,365
34865,688,585,340
34881,301,568,357
34897,297,600,359
34912,323,544,370
34928,343,355,332
34944,479,586,335
34960,276,621,342
34976,293,592,351
34992,271,567,352
35007,273,570,344
35023,307,554,360
35039,324,567,351
35055,342,565,381
35071,288,630,358
35086,328,571,349
35102,314,292,350
35118,338,249,403
35134,424,636,430
35150,371,636,420
35166,380,566,405
35181,302,563,432
35197,408,221,436
35213,305,224,434
35229,409,555,402
35245,337,431,419
35260,480,521,396
35276,319,277,418
35292,360,538,458
35308,335,488,424
35324,349,577,415
35339,376,553,390
35355,454,583,421
35371,312,581,425
35387,347,564,413
35403,365,548,410
35419,345,579,399
35434,301,569,400
35450,329,564,396
35466,346,267,404
35482,379,572,404
35498,352,261,390
35513,303,589,374
35529,320,602,381
35545,517,569,411
35561,327,584,443
35577,321,270,417
35593,612,566,367
35608,343,570,377
35624,363,559,385
35640,470,561,409
35656,466,183,412
35672,265,554,393
35687,266,267,391
35703,345,549,415
35719,415,591,386
35735,281,565,385
35751,346,318,396
35767,348,471,355
35782,327,486,391
35798,314,524,395
35814,313,333,397
35830,492,622,382
35846,354,579,369
35861,321,124,398
35877,551,578,410
35893,679,436,431
35909,312,510,412
35925,337,423,376
35941,430,391,419
35956,584,575,449
35972,346,571,417
35988,359,463,400
36004,288,305,393
36020,390,602,415
36035,344,288,426
36051,360,577,390
36067,327,586,357
36083,308,584,366
36098,461,92,361
36114,602,619,386
36130,344,610,356
36146,305,582,350
36162,325,570,356
36178,296,214,341
36194,584,526,353
36209,384,594,352
36225,296,603,360
36241,386,365,342
36257,285,576,356
36273,254,553,341
36288,492,542,362
36304,446,357,340
36320,279,127,338
36336,279,373,342
36352,715,581,327
36368,290,618,342
36383,461,585,352
36399,265,588,322
36415,299,364,327
36431,356,267,332
36447,302,220,369
36462,320,543,381
36478,336,610,354
36494,340,592,344
36510,305,254,342
36526,513,562,373
36542,303,541,348
36557,309,594,340
36573,278,586,355
36589,378,560,352
36605,273,406,338
36621,274,580,354
36635,274,96,357
36652,762,284,353
36668,336,516,350
36684,282,565,352
36700,268,213,352
36715,392,529,372
36731,300,564,356
36747,339,587,338
36763,273,213,370
36779,292,418,351
36795,293,566,350
36810,563,596,338
36826,277,581,349
36842,324,570,344
36858,766,554,391
126625,06
127052,9
127062,340,630,507
127073,308,88,497
127083,341,609,436
127094,289,599,378
127104,306,487,379
127114,271,611,365
127124,303,569,383
127134,278,309,361
127144,730,202,364
127154,285,652,373
127164,282,34,356
127174,309,590,382
127184,316,584,380
127194,295,336,381
127204,344,431,369
127214,447,549,402
127224,469,591,372
127234,510,550,364
127244,510,574,403
127254,426,560,379
127264,418,540,394
127274,412,365,393
127284,311,569,383
127294,333,607,379
127304,302,616,383
127314,282,638,362
127324,311,595,370
127334,330,575,364
127344,310,602,354
127354,330,223,378
127364,331,545,365
127374,292,337,353
127384,304,599,359
127394,285,439,385
127404,307,465,376
127414,317,597,373
127424,292,587,360
127434,327,575,384
127444,331,247,375
127454,338,493,361
127464,324,451,359
127474,720,579,373
127484,326,370,362
127494,340,461,373
127504,293,584,375
127514,295,271,376
127524,308,594,369
127534,309,565,362
127544,289,555,368
127554,331,336,372
127564,290,32,372
127574,324,436,398
127585,766,564,379
127601,256,201,372
127617,727,624,357
127633,330,406,360
127649,488,595,366
127664,367,571,372
127680,298,571,360
127696,288,537,352
127712,275,111,370
127728,270,619,372
127743,338,358,374
127759,602,554,383
127775,312,505,387
127791,300,276,385
127807,270,301,371
127823,265,246,370
127838,284,231,487
127854,331,313,484
127870,293,497,493
127886,501,639,502
127902,305,555,502
127917,302,377,496
127933,336,189,507
127949,326,634,445
127965,474,224,390
127981,266,533,352
127997,305,595,354
128012,293,648,360
128028,314,607,346
128044,273,619,341
128060,277,671,349
128076,292,623,346
128091,237,589,361
128107,286,139,373
128123,293,273,363
128139,278,304,353
128155,273,574,367
128171,272,443,358
128186,317,443,368
128202,290,302,361
128218,290,584,362
128234,325,236,356
128250,526,256,363
128266,288,349,355
128281,306,609,356
128297,437,182,368
128313,718,269,366
128329,580,599,383
128344,287,64,370
128360,325,610,386
128375,334,19,375
128392,306,407,402
128408,303,626,372
128424,333,614,372
128439,503,623,368
128455,328,436,370
128470,305,60,379
128487,319,168,382
128503,624,602,373
128518,352,184,364
128534,285,605,376
128550,290,589,383
128566,427,368,360
128582,303,614,363
128598,279,473,380
128613,293,443,365
128629,437,597,359
128645,225,163,371
128661,280,592,356
128677,318,439,358
128692,297,579,375
128708,691,620,356
128724,273,372,356
128740,362,660,356
128756,310,635,348
128772,315,632,354
128787,300,603,344
128803,454,287,337
128819,307,648,349
128835,296,646,367
128851,241,541,367
128866,285,605,343
128882,334,177,373
128898,308,413,374
128914,281,355,375
128930,338,273,350
128946,291,647,366
128961,293,597,373
128977,306,580,350
128993,289,529,362
129009,280,617,356
129025,289,650,361
129040,322,380,352
129056,322,352,369
129072,635,319,360
129088,325,586,355
129104,304,641,374
129119,273,143,368
129135,370,590,356
129151,300,634,374
129167,307,204,366
129183,320,492,366
129199,422,174,368
129214,420,448,369
129230,612,448,356
129246,245,517,367
129262,241,355,366
129277,280,42,360
129293,321,289,390
129309,336,615,391
129325,298,623,360
129341,286,121,386
129357,325,394,374
129371,299,23,385
129388,315,603,385
129404,301,616,384
129420,284,586,357
129436,283,582,356
129452,291,531,358
129467,730,622,353
129483,275,407,367
129499,279,620,384
129515,315,629,382
129531,291,531,365
129546,287,601,375
129562,282,627,375
129578,294,363,361
129594,336,370,372
129610,538,210,370
129626,296,461,366
129641,332,584,361
129657,305,366,387
129673,351,626,395
129689,345,607,370
129705,293,635,406
129721,288,403,367
129736,285,649,368
129752,262,597,383
129768,400,627,375
129784,309,276,375
129800,282,572,370
129815,314,270,370
129831,328,594,387
129847,320,584,377
129863,291,565,380
129879,319,279,364
129895,362,628,366
129910,292,412,355
129926,459,593,356
129942,282,602,351
129958,290,617,362
129974,322,547,387
129989,276,622,378
130005,276,565,383
130021,292,561,381
130037,283,490,380
130053,301,626,385
130068,306,403,387
130084,309,609,400
130100,341,616,394
130116,390,625,390
130132,439,251,380
130148,406,626,391
130163,434,357,412
130179,378,623,374
130195,325,625,363
130211,286,600,368
130227,330,581,396
130242,294,436,374
130258,525,562,381
130274,273,525,372
130290,281,577,364
130306,673,545,395
130322,310,453,367
130337,308,569,373
130353,290,570,376
130369,244,561,382
130385,302,575,368
130401,301,576,369
130416,268,584,364
130432,292,178,372
130448,300,553,398
130464,316,531,383
130480,308,570,366
130496,469,373,375
130511,552,405,363
130527,400,612,385
130543,285,579,384
130559,333,586,376
130575,333,547,374
130590,378,431,386
130606,357,564,385
130622,429,590,376
130638,303,571,383
130654,308,589,367
130670,738,637,377
130685,286,579,371
130701,288,614,374
130717,271,412,364
130733,288,589,367
130749,368,576,366
130764,438,554,375
130780,673,547,356
130796,265,248,380
130812,293,553,364
130828,265,585,359
130844,407,349,357
130859,713,377,344
130875,334,396,338
130891,659,562,370
130907,417,358,357
130923,256,603,350
130938,407,582,342
130954,300,565,356
130970,707,593,357
130986,320,564,357
131002,301,567,362
131018,229,444,353
131033,368,339,367
131049,354,370,367
131065,344,579,384
131081,262,585,359
131097,287,158,376
131112,403,583,381
131128,256,592,382
131144,275,438,369
131160,337,589,364
131176,725,589,383
131192,276,589,374
131207,271,567,381
131223,484,557,374
131239,288,567,367
131255,468,564,365
131271,258,561,364
131286,278,291,377
131302,291,591,368
131318,255,392,360
131334,264,409,374
131350,267,178,376
131366,584,541,369
131381,420,245,365
131397,272,567,366
131413,739,502,392
131429,251,623,359
131445,355,556,374
131460,205,294,360
131476,353,384,360
131492,273,388,365
131508,471,188,367
131524,692,568,383
131540,507,597,371
131555,272,586,378
131571,379,585,359
131587,290,590,346
131603,526,444,372
131619,342,385,339
131634,436,435,335
131650,601,589,353
131666,563,605,359
131682,446,272,355
131698,356,570,369
131714,454,336,367
131729,278,435,355
131745,371,185,367
131761,329,606,368
131777,585,580,362
131793,495,177,363
131808,484,346,383
131824,501,543,352
131840,334,574,353
131856,302,207,360
131872,281,574,361
131888,503,573,367
131903,388,551,370
131919,449,555,354
131935,380,543,347
131951,383,547,358
131967,378,550,376
131982,271,540,363
131998,303,559,368
132014,261,561,365
132030,276,584,350
132046,332,506,373
132062,292,575,354
132077,714,146,361
132093,292,239,361
132109,240,482,356
132125,290,359,360
132141,305,554,361
132156,283,391,378
132172,297,560,366
132188,500,560,365
132204,276,564,350
132220,293,357,382
132236,410,272,364
132251,441,577,365
132267,270,554,374
132283,303,489,392
132299,277,528,398
132315,433,617,394
132330,277,393,380
132346,425,626,401
132362,520,588,384
132378,269,191,374
132394,366,627,360
132410,294,356,386
132425,344,552,377
132441,312,236,365
132457,299,457,382
132473,320,555,377
132489,461,544,388
132504,395,569,408
132520,301,315,410
132535,308,96,401
132552,312,364,419
132568,276,588,417
132584,326,336,386
132599,324,577,390
132615,310,578,391
132631,303,401,383
132647,266,218,379
132663,296,324,373
132678,307,527,376
132694,339,433,373
132710,290,648,361
132726,284,504,359
132742,266,613,357
132758,295,442,349
132773,594,601,358
132789,689,588,371
132805,428,439,369
132821,509,592,380
132837,592,444,365
132852,350,366,362
132868,509,545,382
132884,353,570,376
132900,356,487,381
132916,432,293,371
132932,781,557,370
132947,334,155,375
132963,353,596,364
132979,751,568,353
132995,678,582,358
133011,491,554,364
133026,608,601,376
133042,479,570,371
133058,472,572,355
133074,460,583,349
133090,503,563,356
133105,509,390,354
133121,513,550,360
133137,513,571,365
133153,512,392,369
133169,393,351,372
133185,496,578,367
133200,291,554,382
133216,515,353,377
133232,306,553,368
133248,310,553,378
133264,325,548,380
133279,353,464,374
133295,551,598,375
133311,402,571,375
133327,296,492,355
133343,328,149,362
133359,481,581,369
133374,443,577,379
133390,308,562,359
133406,296,151,376
133422,298,588,368
133438,341,580,377
133453,365,584,375
133469,283,557,388
133485,543,561,366
133501,304,500,361
133517,296,596,366
133533,599,566,357
133548,288,475,377
133564,394,582,378
133580,408,230,374
133596,314,592,370
133612,320,590,378
133627,300,572,392
133643,259,379,372
133659,285,559,353
133675,272,581,365
133691,305,617,365
133707,285,474,380
133722,300,559,385
133738,288,550,359
133754,311,432,393
133770,300,350,383
133786,503,447,374
133801,324,504,384
133817,341,497,389
133833,309,379,384
133849,320,368,370
133865,290,372,360
133881,288,242,374
133896,286,633,371
133912,281,649,357
133928,760,583,354
133944,487,592,356
133960,269,333,366
133975,288,266,376
133991,690,476,357
134007,556,294,364
134023,301,515,369
134039,280,590,360
134055,323,304,373
134070,300,622,375
134086,301,589,366
134102,281,529,376
134118,598,537,363
134134,596,315,361
134149,745,557,369
134165,416,547,371
134181,727,593,389
134197,310,519,385
134213,301,588,492
134229,424,430,498
134244,336,598,510
134260,538,504,513
134276,266,606,493
134292,265,339,466
134308,740,579,467
134323,245,601,439
134339,329,604,494
134355,294,570,503
134371,340,357,507
134387,301,360,500
134403,262,483,508
134418,604,464,510
134434,567,230,507
134450,313,564,411
134466,312,509,371
134482,735,596,359
134497,304,583,361
134513,769,234,351
134529,302,253,370
134545,639,611,369
134561,260,310,363
134577,668,178,382
134592,332,605,363
134608,333,578,374
134624,346,587,357
134640,369,562,357
134656,276,587,350
134671,711,590,363
134687,259,474,366
134703,621,266,377
134719,501,588,356
134735,333,566,367
134751,295,470,365
134766,496,360,377
134782,222,541,395
134798,287,596,386
134814,317,302,371
134830,640,370,377
134845,289,322,391
134861,337,561,378
134877,730,565,381
134893,303,382,403
134909,300,571,382
134925,361,587,374
134940,288,584,372
134956,280,623,377
134972,268,474,369
134988,300,300,371
135004,329,590,385
135019,436,548,360
135035,295,251,370
135051,317,576,382
135067,294,577,378
135083,320,596,379
135099,304,594,379
135114,292,139,385
135130,295,545,399
135146,412,571,383
135162,270,284,389
135178,339,538,376
135193,453,578,365
135209,293,575,370
135225,332,120,366
135241,339,138,382
135257,321,345,371
135273,317,586,373
135288,279,545,377
135304,311,279,373
135320,336,571,376
135336,280,512,356
135352,356,531,366
135367,306,615,396
135383,301,603,397
135399,272,586,387
135415,367,250,404
135431,277,571,408
135447,297,572,391
135462,248,605,367
135478,270,312,367
135494,326,611,453
135510,425,594,503
135526,286,579,502
135541,280,577,485
135557,325,565,389
135573,306,488,351
135589,508,372,353
135605,354,583,413
135621,608,403,491
135636,325,250,507
135652,521,662,435
135668,560,609,365
135684,717,595,393
135700,336,495,487
135715,344,523,498
135731,266,433,492
135747,472,523,508
135763,328,376,453
135779,517,199,483
135794,460,585,392
135810,530,544,372
135826,522,496,463
135842,260,264,488
135858,325,464,478
135874,390,576,495
135889,294,306,371
135905,285,168,370
135921,336,302,393
135937,451,273,379
135953,343,579,386
135968,324,477,399
135984,426,627,376
136000,634,410,359
136016,363,509,375
136032,447,630,390
136048,391,497,363
136063,532,477,359
136079,314,227,357
136095,383,601,374
136111,396,288,397
136127,501,561,386
136142,284,556,385
136158,409,539,405
137988,70
138552,04,376
138562,298,486,372
138572,511,549,380
138582,262,325,379
138592,429,569,378
138602,274,567,366
138612,330,345,361
138622,371,412,375
138632,540,307,365
138642,280,545,360
138652,257,589,358
138662,518,605,369
138672,681,530,368
138682,380,364,386
138692,280,586,369
138702,440,591,366
138712,312,363,371
138722,532,612,396
138732,712,581,358
138742,331,576,357
138752,472,521,381
138763,327,337,369
138773,370,562,389
138783,305,383,360
138793,365,330,377
138803,430,582,364
138813,481,331,366
138823,387,480,360
138833,296,600,379
138843,292,309,364
138853,305,329,368
138863,289,591,381
138873,292,394,373
138883,514,594,366
138893,253,560,374
138903,369,345,381
138913,599,621,367
138923,231,610,365
138933,540,178,363
138943,301,312,371
138953,616,568,354
138963,520,471,357
138973,243,325,358
138983,433,608,376
138993,253,561,373
139003,255,595,373
139013,278,595,368
139023,487,193,356
139033,307,171,377
139043,275,223,374
139053,284,340,372
139063,565,282,370
139073,274,540,385
139085,513,584,383
139100,735,505,390
139116,414,288,364
139132,347,621,369
139148,467,521,356
139164,274,236,352
139179,312,187,377
139195,621,450,366
139211,284,587,369
139227,689,604,375
139243,400,374,370
139259,571,547,388
139274,580,264,374
139290,468,585,366
139306,438,305,372
139322,497,572,386
139338,263,326,394
139353,286,350,392
139369,331,573,398
139385,332,483,391
139401,364,564,368
139417,273,499,385
139433,418,580,371
139448,564,347,368
139464,487,559,367
139480,498,569,377
139496,334,560,369
139512,331,578,368
139527,720,570,368
139542,372,60,381
139559,466,591,389
139575,462,588,373
139591,292,549,385
139606,316,583,384
139622,320,569,389
139638,340,560,381
139654,399,555,379
139670,370,572,404
139686,277,584,384
139701,565,354,369
139717,296,247,379
139733,316,192,383
139749,312,644,385
139765,302,384,374
139780,345,411,390
139796,286,325,390
139812,297,345,388
139828,294,532,382
139844,323,580,398
139860,293,563,391
139875,352,269,404
139891,491,389,371
139907,369,568,384
139923,348,464,395
139939,318,596,380
139955,298,597,373
139970,313,172,362
139986,307,341,383
140002,555,610,381
140018,382,583,372
140034,636,576,372
140049,302,353,379
140065,258,581,385
140081,561,544,386
140097,311,362,367
140113,540,459,370
140129,317,586,388
140144,287,600,362
140160,298,326,372
140176,580,203,371
140192,473,567,356
140208,363,582,401
140223,321,461,380
140239,296,582,364
140255,330,585,371
140271,302,452,366
140287,280,195,382
140303,267,302,367
140318,289,614,374
140334,282,566,363
140350,523,574,367
140366,295,562,398
140382,281,565,369
140397,600,564,388
140413,284,352,376
140429,399,569,369
140445,394,570,388
140461,312,395,367
140477,335,483,378
140492,408,555,376
140508,419,536,392
140524,248,587,397
140540,646,438,381
140556,521,591,386
140571,727,627,389
140587,387,622,365
140603,276,172,373
140619,337,616,379
140635,327,399,375
140651,344,604,365
140666,433,616,382
140682,290,403,379
140698,344,571,369
140714,296,493,381
140730,403,609,394
140746,346,578,381
140761,285,322,398
140777,468,492,387
140793,313,578,377
140809,307,523,368
140825,412,586,369
140840,366,547,371
140856,814,574,383
140872,334,441,399
140888,342,574,383
140904,457,292,361
140920,374,590,378
140935,525,291,379
140951,389,571,368
140967,459,581,368
140983,505,519,373
140999,509,495,390
141015,521,617,395
141030,335,388,369
141046,747,565,382
141062,283,428,351
141078,284,560,367
141094,366,609,373
141108,307,24,380
141125,305,180,398
141141,295,608,387
141156,315,85,376
141173,313,287,403
141188,316,265,391
141204,391,313,375
141220,311,561,380
141236,309,229,374
141252,381,435,383
141267,510,583,382
141283,370,577,385
141299,712,567,375
141315,703,418,387
141331,711,494,370
141347,550,562,367
141362,625,422,353
141378,548,562,362
141394,294,568,365
141410,698,370,371
141426,279,549,397
141441,318,541,368
141457,279,292,376
141473,321,232,370
141489,400,280,369
141505,281,570,382
141521,280,554,362
141536,490,550,355
141552,644,419,353
141568,288,492,350
141584,300,620,360
141600,371,359,371
141615,408,368,368
141631,761,319,384
141647,285,570,394
141663,303,533,385
141679,709,574,386
141695,547,576,382
141710,269,588,401
141726,312,444,409
141742,321,428,366
141758,327,572,388
141774,327,593,389
141790,336,584,411
141805,491,295,400
141821,325,577,372
141837,589,435,365
141853,344,542,367
141869,283,608,374
141884,328,557,388
141900,315,559,375
141916,324,541,390
141932,294,561,406
141948,320,544,392
141964,307,531,401
141979,477,547,382
141995,456,448,386
142011,397,576,383
142027,396,557,387
142043,300,562,367
142058,333,566,380
142074,330,584,379
142090,435,604,386
142106,322,591,406
142122,352,431,391
142138,732,587,391
142153,303,584,371
142169,611,244,358
142185,642,623,352
142201,532,567,350
142217,392,326,389
142232,391,567,391
142248,516,561,385
142264,468,602,358
142280,483,508,350
142296,432,562,360
142312,322,573,367
142327,309,630,327
142343,514,663,327
142359,719,605,386
142375,642,164,427
142391,256,353,372
142406,623,612,369
142422,383,431,398
142438,287,457,372
142454,506,296,366
142470,316,357,375
142486,328,176,396
142501,354,581,373
142517,294,598,378
142533,406,621,390
142549,371,577,382
142565,364,611,377
142580,337,349,383
142596,634,273,395
142612,545,599,358
142628,493,586,372
142644,284,558,395
142660,443,492,393
142675,278,554,385
142691,342,572,383
142707,374,558,356
142723,431,568,347
142739,670,565,386
142754,274,477,373
142770,275,494,374
142786,476,573,363
142802,649,552,364
142818,347,164,362
142834,378,566,361
142849,286,569,386
142865,287,559,388
142881,332,576,386
142897,303,553,401
142913,336,542,419
142928,304,548,363
142944,334,439,375
142960,268,345,375
142976,266,556,373
142992,375,620,388
143008,444,569,384
143023,342,572,379
143039,313,564,351
143055,292,428,377
143071,776,574,386
143087,310,380,376
143102,372,590,388
143118,492,282,371
143134,494,576,363
143150,321,209,375
143166,266,559,365
143182,285,541,387
143197,285,564,383
143213,308,607,364
143229,385,571,371
143245,368,339,389
143261,533,562,384
143276,747,633,371
143292,478,597,344
143308,405,227,330
143324,303,464,355
143340,300,313,341
143356,297,568,342
143371,597,618,341
143387,308,316,338
143403,284,619,373
143419,318,522,373
143435,237,268,348
143451,253,600,345
143466,637,673,352
143482,595,480,365
143498,252,520,379
143514,270,565,366
143530,414,576,394
143545,544,616,398
143561,696,598,394
143577,363,222,380
143593,330,553,366
143609,538,553,375
143625,301,583,375
143640,706,362,380
143656,332,565,381
143672,268,595,372
143688,239,591,367
143704,264,572,377
143719,291,580,369
143735,409,324,366
143751,495,588,383
143767,258,290,392
143783,251,560,369
143799,343,502,370
143814,347,226,382
143830,355,562,378
143846,781,550,411
143862,460,579,407
143878,510,581,389
143893,423,592,372
143909,484,553,379
143925,498,143,376
143941,477,177,374
143957,497,576,377
143973,846,567,386
143988,364,476,369
144004,411,574,373
144020,295,344,382
144036,649,555,356
144052,294,298,361
144068,305,574,402
144083,330,537,361
144099,517,518,369
144115,471,576,355
144131,318,583,367
144147,338,357,400
144162,735,575,386
144178,304,596,364
144194,295,599,386
144210,457,603,383
144226,324,581,382
144242,370,580,365
144257,467,594,361
144273,389,548,384
144289,320,564,363
144305,566,541,373
144321,300,538,366
144336,524,584,382
144352,378,569,379
144368,484,562,370
144384,496,592,378
144400,415,583,364
144416,354,576,404
144431,463,546,403
144447,530,579,367
144463,388,440,360
144479,304,196,358
144495,304,564,364
144510,277,552,363
144526,265,580,370
144542,293,592,391
144558,569,141,371
144574,637,573,360
144590,301,374,372
144605,725,566,391
144621,306,531,380
144637,721,559,379
144653,313,565,371
144669,388,551,358
144684,466,121,363
144700,265,318,490
144716,269,578,498
144732,429,418,403
144748,627,478,411
144763,324,523,382
144779,278,567,372
144795,356,459,397
144811,554,419,421
144827,311,573,383
144843,492,584,361
144858,463,564,400
144874,420,493,388
144890,584,547,385
144906,346,361,360
144922,283,556,348
144937,276,475,340
144953,327,541,342
144969,417,562,333
144985,360,549,367
145001,472,545,371
145017,506,563,369
145032,428,551,358
145048,441,572,363
145064,351,590,362
145080,314,572,367
145096,451,546,364
145111,357,546,356
145127,487,307,355
145143,482,558,358
145159,342,574,360
145175,431,549,378
145191,461,560,378
145206,506,565,393
145222,513,564,375
145238,513,555,382
145254,515,546,375
145270,512,150,378
145285,378,582,371
145301,430,520,372
145317,277,583,380
145333,252,288,385
145349,432,558,371
145365,686,561,354
145380,248,617,356
145396,270,582,324
145412,303,593,342
145428,373,576,346
145444,367,598,352
145459,498,505,349
145475,272,356,384
145491,511,517,373
145507,561,334,366
145523,667,506,359
145539,685,556,371
145554,229,562,367
145570,536,563,375
145586,631,569,388
145602,369,475,396
145618,352,583,374
145633,746,592,384
145649,374,438,389
145665,300,560,371
145681,469,566,375
145697,324,414,379
145713,458,596,381
145728,328,589,372
145744,709,585,387
145760,693,531,374
145776,610,581,362
145792,492,329,370
145807,276,586,368
145823,457,515,397
145839,325,542,370
145855,308,597,382
145871,360,592,400
145887,326,635,377
145902,260,582,369
145918,455,433,368
145934,359,568,373
145950,315,562,370
145966,307,542,374
145981,358,586,367
145997,491,587,374
146013,509,535,394
146029,511,331,391
146045,381,407,373
146060,338,327,398
146076,471,579,383
146092,312,597,364
146108,388,323,373
146124,441,544,368
146140,748,558,364
146154,339,44,393
146171,409,578,376
146187,250,583,396
146203,343,345,370
146218,259,39,369
146234,468,600,399
146250,266,429,389
146266,432,556,385
146282,601,197,367
146298,252,608,375
146313,266,547,378
146329,264,447,361
146345,288,619,373
146361,536,610,363
146377,302,588,363
146393,715,378,377
146408,290,591,364
146424,364,417,366
146440,275,478,364
146456,288,302,371
146472,544,346,382
146488,281,280,388
146503,625,463,400
146519,394,500,400
146535,281,608,397
146551,274,551,391
146567,231,542,372
146582,268,593,370
146598,527,445,371
146614,544,552,380
146630,382,216,365
146646,365,384,354
146662,582,410,360
146677,550,576,370
146693,345,561,363
146708,687,90,350
146725,300,574,395
146741,289,578,364
146756,376,431,388
146772,361,524,375
146788,365,612,347
146804,361,189,364
146820,437,129,352
146835,505,300,342
146851,507,547,381
146867,468,551,372
146883,319,552,373
146899,321,354,364
146915,348,392,366
146930,478,572,356
146946,432,565,351
146962,444,529,356
146978,515,575,376
146994,451,577,366
147009,441,570,361
147025,358,544,386
147041,451,336,358
147057,438,166,371
147073,355,449,378
147089,492,562,373
147104,586,566,373
147120,428,298,366
147136,313,596,371
147152,310,556,378
147168,489,381,370
147183,293,542,365
147198,288,59,378
147215,672,566,383
147231,480,557,382
147247,325,458,372
147263,308,576,363
147278,473,584,371
147294,274,388,374
147310,491,549,369
147326,457,585,365
147342,488,578,368
147357,281,415,373
147373,672,591,363
147389,327,583,373
147405,279,592,382
147421,268,552,377
147437,272,559,369
147452,263,590,373
147468,324,568,375
147484,257,526,388
147500,698,319,380
147516,413,626,393
147531,240,389,386
147547,418,306,376
147563,495,590,360
147579,253,562,374
147595,304,144,373
147611,291,567,372
147626,375,589,365
147642,278,432,352
147658,396,579,361
149642,06,574,375
149652,479,381
149662,246,544,382
149672,631,565,385
149682,434,551,376
149692,358,483,367
149702,568,585,362
149712,535,579,372
149722,417,604,370
149732,278,544,393
149742,674,426,390
149752,555,552,399
149762,557,554,391
149772,303,569,386
149782,640,554,395
149792,370,574,392
149802,414,595,389
149812,398,328,389
149822,332,544,383
149832,227,153,391
149842,235,552,357
149852,575,567,359
149862,335,602,356
149872,280,426,370
149882,425,271,376
149892,326,546,374
149902,408,309,377
149912,308,544,373
149922,249,397,377
149932,277,588,389
149942,842,419,384
149952,395,518,373
149962,499,571,359
149972,514,372,379
149982,514,578,416
149992,319,596,385
150002,618,574,349
150012,433,557,367
150022,499,557,365
150032,510,547,363
150042,476,327,355
150052,416,581,347
150062,496,618,376
150072,489,487,378
150082,412,594,376
150092,380,577,372
150102,346,131,383
150112,324,603,393
150122,742,563,369
150132,662,590,368
150142,724,544,371
150152,300,567,383
150162,243,566,378
150173,523,593,370
150189,607,558,369
150205,583,582,362
150220,242,487,361
150236,654,320,375
150252,300,240,381
150268,274,483,378
150284,674,607,382
150300,405,439,376
150315,577,436,371
150331,374,483,369
150347,401,573,364
150363,654,557,373
150379,597,274,382
150395,560,592,378
150410,683,359,378
150426,381,327,362
150442,668,604,358
150458,267,572,358
150474,264,201,359
150489,556,586,362
150505,282,614,361
150521,458,651,367
150537,450,630,369
150553,482,596,350
150569,278,468,360
150584,660,578,379
150600,353,545,377
150616,670,542,370
150632,677,547,354
150648,271,398,369
150663,444,378,383
150679,429,289,381
150695,541,559,369
150711,526,544,365
150727,240,331,368
150743,439,382,363
150758,283,442,368
150774,345,234,382
150790,283,520,388
150806,291,620,374
150822,304,483,382
150837,586,567,376
150853,553,563,385
150869,273,548,393
150885,247,568,385
150901,303,578,398
150917,294,529,374
150932,618,483,382
150948,316,587,362
150964,427,579,367
150980,499,440,386
150996,518,543,394
151011,470,552,383
151027,501,558,392
151043,479,554,364
151059,622,517,372
151075,628,507,382
151091,483,544,396
151106,417,576,375
151122,463,289,365
151138,683,558,387
151154,323,567,389
151170,400,604,384
151185,663,413,369
151201,361,246,371
151217,697,574,355
151233,618,580,369
151249,676,212,384
151265,410,533,393
151280,411,571,380
151296,533,557,392
151312,333,585,381
151328,367,469,371
151344,461,354,373
151359,458,449,355
151375,339,656,366
151391,362,542,365
151407,364,485,379
151423,716,536,374
151439,743,360,364
151454,228,525,371
151470,277,568,364
151486,366,358,364
151502,461,571,377
151518,284,392,370
151533,388,547,372
151549,398,168,392
151565,487,366,385
151581,288,441,390
151597,295,629,393
151613,733,662,375
151628,464,628,366
151644,313,614,368
151660,351,588,373
151676,284,580,366
151692,377,347,378
151707,259,371,376
151723,524,410,380
151739,366,546,382
151755,446,562,361
151771,439,442,360
151787,257,617,378
151802,507,582,391
151818,556,144,375
151834,302,607,373
151850,279,604,375
151866,277,599,373
151881,461,572,385
151897,281,565,364
151913,772,531,364
151929,330,486,357
151945,703,566,374
151960,296,332,385
151976,584,565,375
151992,250,490,373
152008,293,569,369
152024,283,593,387
152040,307,288,376
152055,311,181,387
152071,430,496,381
152087,635,420,365
152103,779,584,383
152119,306,294,387
152134,463,562,373
152150,888,554,374
152166,461,568,380
152182,464,431,382
152198,716,564,385
152214,282,452,372
152229,281,533,381
152245,353,555,365
152261,686,172,363
152277,266,604,362
152293,338,588,375
152309,354,532,382
152324,248,563,382
152340,263,410,381
152356,298,543,386
152372,263,588,377
152388,453,485,377
152403,416,296,375
152419,403,498,373
152435,497,557,370
152451,509,552,394
152467,430,583,380
152483,467,576,379
152498,416,611,368
152514,383,612,384
152530,372,591,378
152546,331,360,387
152562,453,578,400
152577,271,607,412
152593,547,333,381
152609,282,615,398
152625,262,532,382
152641,311,155,371
152657,308,599,373
152672,308,595,387
152688,231,395,401
152704,413,571,392
152720,435,559,375
152736,696,555,381
152751,268,249,381
152767,270,566,389
152783,434,562,380
152799,538,346,387
152815,373,614,389
152831,417,524,387
152846,512,663,376
152862,309,317,369
152878,447,468,401
152894,264,630,382
152910,730,601,382
152925,284,595,363
152941,335,594,380
152957,536,540,395
152973,481,582,350
152989,511,572,367
153005,513,555,365
153020,499,559,354
153036,492,554,363
153052,509,570,348
153068,510,552,354
153084,514,330,382
153099,511,571,369
153115,514,596,370
153131,509,589,360
153147,518,567,381
153163,449,568,371
153179,667,412,370
153194,485,574,390
153210,506,582,390
153226,462,554,374
153242,471,582,372
153258,330,560,372
153273,362,578,377
153289,360,574,376
153305,362,423,357
153321,561,330,360
153337,515,533,372
153353,339,522,363
153368,274,422,386
153384,284,555,373
153400,666,557,384
153416,431,562,378
153432,427,565,386
153447,536,596,376
153463,395,481,363
153479,490,203,375
153495,420,408,373
153511,454,556,386
153527,303,557,382
153542,709,584,377
153558,520,305,373
153574,346,609,384
153590,366,577,386
153606,334,582,387
153621,317,561,398
153637,376,300,409
153653,452,586,410
153669,473,541,410
153685,466,541,394
153700,276,582,388
153716,457,455,399
153732,260,553,375
153748,259,580,399
153764,248,471,388
153780,255,485,383
153795,291,354,361
153811,376,581,351
153827,620,296,365
153843,313,584,371
153859,266,573,375
153874,245,584,355
153890,415,432,392
153906,519,581,371
153922,395,569,365
153938,486,567,384
153954,508,408,335
153969,349,485,363
153985,307,569,361
154001,283,564,362
154017,290,585,356
154033,746,606,342
154048,265,448,362
154064,347,551,353
154080,360,116,366
154096,491,574,380
154112,510,587,370
154128,357,554,374
154143,585,505,361
154159,446,550,358
154175,485,552,371
154191,419,566,387
154207,483,549,377
154223,388,460,381
154238,446,599,401
154254,408,593,399
154270,298,475,372
154286,369,566,350
154302,261,591,368
154317,423,601,351
154333,518,597,374
154349,587,576,376
154365,503,562,370
154381,320,567,371
154397,480,553,399
154412,505,550,386
154428,588,500,368
154444,462,632,376
154460,383,456,384
154476,425,221,370
154491,465,629,380
154507,420,595,371
154523,343,583,366
154539,341,583,356
154555,682,424,355
154571,363,395,359
154586,502,560,368
154602,498,556,398
154618,421,604,373
154634,382,554,365
154650,694,534,360
154665,670,543,367
154681,292,553,364
154697,407,600,360
154713,306,536,390
154729,252,592,375
154745,372,570,369
154760,607,253,366
154776,482,550,364
154792,234,132,381
154808,269,592,367
154824,726,572,369
154839,583,560,365
154855,264,600,374
154871,587,603,374
154887,311,588,370
154903,301,565,363
154919,332,538,373
154934,434,542,376
154950,479,596,378
154966,390,576,376
154982,413,466,370
154998,388,587,369
155014,455,559,398
155029,417,558,394
155045,297,415,379
155061,284,553,370
155077,452,575,369
155093,502,610,388
155108,511,488,371
155124,492,562,369
155140,513,553,380
155156,503,561,400
155172,495,450,372
155188,553,610,376
155203,308,564,384
155219,313,526,392
155235,328,559,380
155251,348,567,386
155267,489,554,402
155282,560,388,387
155298,403,575,370
155314,399,562,370
155330,390,554,363
155346,443,513,345
155362,400,566,377
155377,525,587,370
155393,444,563,388
155409,431,233,369
155425,502,336,374
155441,507,328,382
155456,368,592,378
155472,285,564,371
155488,506,580,377
155504,361,586,377
155520,373,560,402
155536,345,557,380
155551,625,481,380
155567,336,640,356
155583,473,620,346
155599,596,595,367
155615,348,514,368
155631,356,559,376
155646,477,470,373
155662,297,587,377
155678,277,541,384
155694,349,483,389
155710,269,439,367
155725,274,566,370
155741,522,550,403
155757,461,585,376
155773,714,539,370
155789,290,576,382
155805,323,550,386
155820,580,257,365
155836,657,572,367
155851,424,65,376
155868,420,514,394
155884,352,569,376
155899,281,382,380
155915,245,579,397
155931,681,563,394
155947,254,264,369
155963,510,578,377
155978,321,568,391
155994,457,555,387
156010,450,582,381
156026,426,584,383
156042,499,361,393
156058,511,565,381
156073,511,569,380
156089,507,591,390
156105,512,562,359
156121,511,537,351
156137,511,544,358
156152,511,288,360
156168,509,533,362
156184,513,567,381
156200,505,493,399
156216,514,344,374
156232,512,580,382
156247,511,484,389
156263,510,250,376
156279,449,519,372
156295,446,604,376
156311,355,271,384
156326,757,609,372
156342,624,307,372
156358,497,631,373
156374,343,389,356
156390,441,550,355
156406,344,585,364
156421,389,563,399
156437,442,601,389
156453,262,372,378
156469,464,268,359
156485,450,599,375
156500,368,441,370
156516,321,411,391
156532,689,361,362
156548,314,326,374
156564,330,579,371
156580,540,594,372
156595,470,585,366
156611,302,607,380
156627,331,601,404
156643,304,561,378
156659,329,335,374
156675,367,574,382
156690,718,401,392
156706,444,588,379
156722,339,281,359
156738,404,572,379
156754,250,378,369
156769,642,141,367
156785,268,304,369
156801,693,576,392
156817,462,482,364
156833,353,548,374
156849,720,610,386
156864,357,324,388
156880,250,560,376
156896,478,581,368
156912,265,315,367
156928,331,575,365
156943,679,596,367
156959,746,298,364
156975,439,612,377
156991,505,610,394
157007,507,576,360
157023,511,565,373
157038,513,547,383
157054,513,562,372
157070,511,272,385
157086,439,569,367
157102,501,544,365
157117,513,591,368
157133,509,537,362
157149,508,577,356
157165,510,570,369
157181,512,564,382
157197,510,601,372
157212,509,578,390
157228,486,510,393
157244,508,565,387
157260,509,233,383
157276,504,564,383
157291,511,595,381
157307,507,591,392
157323,506,496,395
157339,496,130,382
157355,509,584,366
157371,498,557,359
157386,500,549,368
157402,506,577,372
157418,508,403,390
157434,512,494,384
157450,502,643,379
157466,382,596,395
157481,464,578,393
157497,503,311,376
157513,766,560,370
157529,402,205,377
157545,507,564,378
157560,463,583,366
157576,509,273,364
157592,494,567,362
157608,427,320,355
157624,434,413,368
157640,356,558,372
157655,382,552,349
157671,292,555,370
157687,585,583,367
157703,293,569,372
157719,288,512,383
157734,537,531,370
157750,295,568,355
157766,552,251,364
157782,258,577,356
157798,278,605,368
157814,545,379,380
157829,272,276,380
157845,278,174,373
157861,264,640,375
157877,256,592,367
157893,540,563,351
157908,465,604,351
157924,337,577,364
157940,457,472,359
157956,493,541,374
157972,510,590,400
157988,826,393,396
158003,361,580,389
158019,437,535,397
158035,483,563,393
158051,508,120,381
158067,512,583,387
158082,511,528,416
158098,510,358,407
158114,739,592,376
158130,497,600,402
158146,507,596,387
158162,511,278,400
158177,515,600,383
158193,512,570,385
158209,509,552,378
158225,513,597,385
158241,513,583,387
158256,512,580,374
158272,512,560,387
158288,512,541,383
158304,847,464,382
158320,292,581,395
158336,361,584,407
158351,706,409,403
158367,317,569,412
158383,654,483,382
158399,283,562,383
158415,424,583,373
158430,364,594,368
158446,551,174,381
158462,621,622,389
158478,299,426,369
158494,270,487,373
158510,381,600,374
158525,311,569,377
158541,396,324,370
158557,464,396,378
158573,393,580,408
158589,490,578,391
158604,488,567,389
158620,500,458,381
158636,523,570,375
158652,518,421,371
158668,490,578,390
158684,509,541,386
158699,498,557,373
158715,510,569,368
158731,495,611,384
158747,502,580,380
165078,93,373
165088,385,590,354
165098,378,592,374
165108,438,427,402
165118,515,580,407
165128,510,591,406
165138,875,581,383
165148,699,452,378
165158,268,601,359
165168,643,552,391
165178,767,625,384
165188,688,617,365
165199,413,595,373
165209,464,476,404
165219,443,576,403
165229,475,383,412
165239,452,563,373
165249,489,189,414
165259,431,605,425
165269,376,554,402
165279,324,613,370
165289,274,338,377
165299,318,574,403
165309,376,558,410
165319,338,285,407
165329,341,577,400
165339,311,598,396
165349,746,586,377
165359,298,607,370
165369,327,524,354
165379,311,601,317
165389,547,530,323
165399,653,381,368
165409,555,463,355
165419,427,572,353
165429,495,477,404
165439,515,508,399
165449,503,538,408
165459,525,459,406
165469,529,348,405
165479,487,489,386
165489,454,617,427
165499,392,320,412
165509,453,559,405
165519,530,379,405
165529,480,586,402
165539,515,581,396
165549,504,225,402
165559,493,588,399
165569,600,378,361
165579,291,603,385
165589,449,575,367
165599,342,615,377
165612,331,333,348
165628,449,594,409
165644,622,594,453
165660,477,609,421
165675,419,606,390
165691,462,494,419
165707,496,598,395
165723,370,598,394
165739,315,559,376
165754,312,379,403
165770,350,615,403
165786,370,455,427
165802,352,593,408
165818,306,567,411
165834,317,276,387
165849,485,594,410
165865,505,602,402
165881,519,231,404
165897,519,372,364
165913,486,492,376
165928,488,642,382
165944,493,330,419
165960,523,589,417
165976,489,598,405
165992,517,502,394
166008,588,295,391
166023,487,560,374
166039,492,571,419
166055,339,323,403
166071,359,601,376
166087,512,619,362
166102,860,573,370
166118,434,596,393
166134,414,561,404
166150,524,584,417
166166,453,392,420
166182,780,419,419
166197,323,595,432
166213,360,573,394
166229,498,566,448
166245,633,549,492
166261,386,571,506
166276,489,584,426
166292,501,586,441
166308,465,548,439
166324,367,530,416
166340,353,612,409
166356,340,591,392
166371,300,485,419
166387,308,581,396
166403,352,580,392
166419,354,567,369
166435,278,554,355
166450,497,465,390
166466,309,308,381
166482,450,415,386
166498,769,362,416
166514,306,524,381
166530,240,167,357
166545,263,620,386
166561,331,588,372
166577,352,132,378
166593,468,609,387
166609,281,579,409
166624,350,436,389
166640,456,575,413
166656,257,278,411
166672,444,242,409
166688,523,560,383
166704,724,323,382
166719,473,641,367
166735,281,388,378
166751,343,593,384
166767,426,606,399
166783,457,553,375
166798,370,588,380
166814,453,579,390
166830,460,356,390
166846,503,596,392
166862,487,602,417
166878,511,592,434
166893,495,610,432
166909,385,572,450
166925,281,452,443
166941,634,577,432
166957,351,555,414
166972,317,583,398
166988,362,605,376
167004,345,549,416
167020,366,571,406
167036,384,555,400
167052,498,583,402
167067,509,556,425
167083,509,602,413
167099,448,457,391
167115,415,537,384
167131,477,597,411
167146,534,448,419
167162,515,568,385
167178,477,569,391
167194,512,587,373
167210,455,605,386
167226,302,573,373
167241,427,531,393
167257,313,613,402
167273,283,570,374
167289,732,563,381
167305,251,580,361
167321,308,363,346
167336,427,583,375
167352,330,598,363
167368,513,554,396
167384,307,589,362
167400,512,446,412
167415,517,293,425
167431,516,593,429
167447,504,513,428
167463,518,316,445
167479,453,545,446
167495,379,540,438
167510,394,552,469
167526,515,492,417
167542,378,549,401
167558,384,582,416
167574,354,576,406
167589,331,590,423
167605,285,308,398
167621,329,554,409
167637,427,554,389
167653,480,584,431
167669,506,524,462
167684,516,652,428
167700,570,424,429
167716,476,246,408
167732,517,430,403
167748,500,606,424
167763,511,562,418
167779,784,443,364
167795,390,494,395
167811,507,573,400
167827,363,516,382
167843,370,614,396
167858,452,655,341
167874,501,652,352
167890,515,549,361
167906,513,584,381
167922,470,594,395
167938,378,577,401
167953,347,560,389
167969,479,454,377
167985,317,522,374
168001,420,562,429
168017,500,598,409
168032,500,591,427
168049,450,541,419
168064,834,380,454
168080,412,554,452
168096,419,549,431
168112,353,433,450
168127,297,420,395
168143,336,588,399
168159,342,343,472
168175,314,565,430
168191,362,609,392
168206,320,268,389
168222,444,248,394
168238,448,536,461
168254,409,566,390
168270,394,420,406
168286,494,572,377
168301,457,548,387
168317,374,615,385
168333,422,598,410
168349,300,559,377
168365,420,558,362
168380,661,572,390
168396,664,619,407
168412,590,563,410
168428,276,545,360
168444,430,555,395
168460,518,587,359
168475,462,435,380
168491,390,602,382
168507,478,588,370
168523,509,513,385
168539,314,383,415
168554,350,563,385
168570,334,563,386
168586,385,521,481
168602,453,143,432
168618,495,343,415
168634,458,516,414
168649,725,436,439
168665,495,594,458
168681,387,558,422
168697,381,491,413
168713,384,516,414
168728,318,551,406
168744,675,593,417
168760,359,597,420
168776,355,569,414
168792,525,620,420
168808,320,352,400
168823,318,318,379
168839,276,603,350
168855,805,573,419
168871,322,566,319
168887,401,564,348
168902,499,213,338
168918,380,583,375
168934,448,563,425
168950,453,576,399
168966,495,501,397
168982,442,566,403
168997,476,585,382
169013,496,574,393
169029,741,580,417
169045,337,582,360
169061,288,573,434
169076,553,608,417
169092,503,592,373
169108,303,541,390
169124,404,566,403
169140,284,572,399
169156,746,565,393
169171,420,565,399
169187,266,562,405
169203,422,519,403
169219,491,443,359
169235,485,463,343
169250,454,395,376
169266,503,588,383
169282,491,271,393
169298,511,581,404
169314,398,303,437
169330,433,346,426
169345,400,451,466
169361,383,592,428
169377,770,576,397
169393,491,565,375
169409,364,201,438
169424,336,562,439
169440,298,576,400
169456,636,568,364
169472,695,567,340
169488,287,314,325
169504,350,555,360
169519,290,278,368
169535,369,599,380
169551,277,568,400
169567,351,564,404
169583,342,552,415
169598,501,570,389
169614,540,540,373
169630,497,514,401
169646,521,337,411
169662,545,219,428
169678,317,571,371
169693,334,592,395
169709,309,188,408
169725,391,338,387
169741,605,574,400
169757,320,579,400
169773,321,561,405
169788,466,413,393
169804,399,569,397
169820,305,478,410
169836,342,571,408
169852,319,104,392
169867,381,488,412
169883,360,569,380
169899,422,565,412
169915,452,418,409
169931,411,428,385
169947,383,567,391
169962,373,566,385
169978,346,464,386
169994,315,320,404
170010,310,431,415
170026,329,617,367
170041,274,574,350
170057,369,490,399
170073,315,537,405
170089,298,407,402
170105,605,582,403
170121,345,572,398
170136,297,580,375
170152,291,594,413
170168,358,626,374
170184,767,500,375
170200,430,560,358
170215,380,539,402
170231,415,542,383
170247,340,569,397
170263,344,448,395
170279,649,528,382
170295,734,581,423
170310,300,596,369
170326,315,438,368
170342,689,282,381
170358,330,407,462
170374,314,377,400
170389,465,277,403
170404,706,85,398
170421,333,562,419
170437,376,574,411
170453,707,180,377
170468,330,240,465
170484,432,312,427
170500,493,531,418
170516,366,556,398
170532,456,542,396
170548,322,442,403
170563,366,590,397
170579,718,566,362
170595,317,564,372
170611,295,404,389
170627,315,375,385
170642,366,567,369
170658,304,578,353
170674,444,395,395
170690,354,596,457
170706,272,236,484
170722,277,497,391
170737,526,519,359
170753,366,265,347
170769,274,590,382
170785,358,579,369
170801,385,572,393
170816,435,398,398
170832,714,577,414
170848,569,576,362
170864,323,556,418
170880,737,605,389
170895,450,648,380
170911,456,597,400
170927,664,584,389
170943,341,569,378
170959,486,532,412
170975,785,527,463
170990,437,461,403
171006,312,317,394
171022,320,364,389
171038,471,487,400
171054,346,593,470
171070,443,583,414
171085,504,544,459
171101,498,592,440
171117,398,549,470
171133,354,569,446
171149,342,541,402
171164,362,527,399
171180,418,584,388
171196,353,570,395
171212,414,566,419
171228,321,548,395
171243,343,570,385
171259,320,588,387
171275,381,527,386
171291,516,585,409
171307,305,509,472
171323,241,375,380
171338,266,328,354
171354,716,655,356
171370,333,416,373
171386,320,562,385
171402,697,288,361
171417,370,566,371
171433,430,624,384
171449,697,529,385
171465,673,603,399
171481,400,529,406
171497,466,385,411
171512,619,617,386
171528,531,618,358
171544,465,571,366
171560,421,549,365
171576,410,324,376
171591,334,537,389
171607,390,563,397
171623,313,574,391
171639,365,561,397
171655,427,369,380
171671,483,543,377
171686,509,573,379
171702,537,289,393
171718,817,484,397
171734,365,598,397
171750,354,567,399
171765,634,545,407
171781,348,460,405
171797,463,239,387
171813,284,314,385
171829,298,595,356
171845,256,138,378
171860,336,232,418
171876,303,585,403
171892,327,570,396
171908,268,571,390
171924,332,277,413
171939,614,596,438
171955,290,561,401
171971,360,645,377
171987,395,235,386
172003,431,643,367
172019,492,560,369
172034,796,554,376
172050,339,578,400
172066,419,602,362
172082,646,340,420
172098,308,568,363
172111,278,6,392
172129,762,465,418
172145,285,620,402
172161,273,608,375
172177,287,569,334
172192,286,559,383
172208,528,571,385
172224,269,600,385
172240,628,570,397
172256,301,583,393
172271,333,572,389
172287,375,526,380
172303,401,339,408
172319,407,335,386
172335,312,588,378
172351,349,559,370
172366,340,288,402
172382,279,524,396
172398,252,590,388
172414,264,164,393
172430,275,377,415
172446,523,583,389
172461,328,570,382
172477,459,380,384
172493,289,586,372
172509,269,602,450
172525,378,561,384
172540,345,576,374
172556,312,547,367
172572,300,306,375
172588,393,572,383
172604,266,523,357
172620,598,593,384
172635,272,507,394
172651,702,560,355
172667,434,421,376
172683,316,413,376
172699,383,539,400
172714,404,165,412
172730,264,597,402
172746,259,584,402
172762,486,547,367
172778,425,610,386
172794,469,604,474
172809,293,543,396
172825,594,459,369
172841,415,582,373
172857,323,562,342
172873,444,555,325
172888,426,258,462
172904,358,311,526
172920,457,449,446
172936,368,552,449
172952,354,186,387
172968,389,569,370
172983,321,557,391
172999,596,588,403
173015,332,364,415
173031,294,572,419
173047,297,561,425
173062,298,592,380
173078,331,428,397
173094,292,575,444
173110,385,346,352
173126,302,465,334
173142,293,208,333
173157,332,597,369
173173,374,574,390
173189,286,456,378
173205,387,529,395
173221,394,567,386
173236,501,567,390
173252,391,538,406
173268,304,541,378
173284,439,537,417
173300,292,428,376
173316,302,592,361
173331,382,501,361
173347,424,568,359
173363,302,579,380
173379,302,572,400
173395,360,403,405
173410,301,637,384
173426,353,596,353
173442,454,543,348
173458,397,538,362
173474,371,394,381
173490,382,179,413
173505,419,556,433
173521,288,153,441
173537,304,557,407
173553,324,435,392
173569,432,606,399
173584,351,577,411
173600,359,573,392
173616,352,568,393
173632,448,331,351
173648,311,636,371
173664,390,180,364
173679,424,616,330
173695,436,594,360
173711,409,581,370
173727,314,206,370
173743,473,411,346
173758,488,502,362
173774,377,576,403
173790,306,423,416
173806,432,640,482
173822,732,649,398
173838,296,398,368
173853,403,619,367
173869,372,579,363
173885,268,513,366
173901,333,579,372
173917,512,548,372
173933,272,237,383
173948,582,616,375
173964,389,585,355
173980,412,217,366
173996,485,454,358
174012,521,577,398
174027,757,606,382
174043,380,189,405
174059,348,351,398
174075,352,249,433
174091,398,450,419
174107,337,584,386
174122,334,573,415
174138,315,562,380
174154,298,559,410
174170,291,548,390
174186,324,299,378
188344,45,406
188354,332,569,380
188364,309,547,433
188374,318,275,496
188384,438,567,492
188394,280,562,467
188404,300,256,481
188414,280,280,402
188424,748,710,427
188434,250,200,452
188444,370,676,537
188454,718,649,510
188464,273,524,495
188474,513,533,507
188484,398,550,531
188494,550,587,509
188504,355,558,520
188514,560,524,473
188524,535,553,402
188534,293,587,411
188544,215,431,497
188555,239,656,467
188565,548,318,472
188575,230,622,462
188585,291,566,430
188595,297,277,413
188605,276,643,429
188615,499,431,433
188625,311,550,442
188635,333,548,425
188645,395,546,431
188655,414,539,509
188665,401,528,515
188675,393,563,482
188685,432,524,477
188695,421,534,458
188705,371,373,433
188715,362,573,435
188725,329,571,422
188735,332,558,427
188745,318,485,434
188755,294,547,485
188765,286,537,482
188775,268,107,457
188785,367,609,491
188795,242,329,506
188805,245,618,455
188815,224,191,503
188825,312,558,490
188835,275,272,464
188845,238,334,493
188855,223,574,444
188865,281,556,434
188881,294,558,503
188896,256,546,525
188912,244,265,490
188928,324,139,437
188944,210,282,419
188960,225,396,424
188976,224,279,484
188991,604,388,420
189007,212,167,416
189023,286,318,444
189039,270,629,405
189055,300,295,417
189070,413,594,447
189086,290,553,441
189102,415,522,425
189118,446,389,420
189134,310,569,433
189150,393,145,459
189165,403,560,483
189181,405,560,473
189197,411,554,471
189213,365,515,461
189229,373,532,474
189244,274,544,525
189260,312,555,487
189276,465,577,453
189292,475,580,443
189308,275,597,455
189324,234,551,506
189339,279,509,490
189355,240,515,448
189371,299,394,429
189387,228,429,430
189403,295,606,456
189418,266,587,489
189434,244,569,487
189450,260,538,493
189466,381,545,460
189482,323,565,461
189498,276,543,498
189513,290,345,491
189529,631,281,451
189545,768,574,436
189561,319,582,441
189577,462,580,429
189593,306,192,433
189608,293,553,432
189624,316,526,419
189640,351,527,408
189656,248,559,427
189672,246,339,379
189687,222,323,399
189703,268,561,416
189719,260,512,381
189735,262,563,401
189751,258,328,406
189767,268,559,403
189782,471,544,397
189798,269,284,406
189814,408,548,406
189830,448,549,409
189846,258,539,420
189861,546,572,420
189877,312,554,442
189893,393,555,433
189908,339,70,478
189925,668,564,489
189940,728,330,469
189956,478,573,461
189972,258,581,443
189988,283,567,419
190004,266,549,407
190020,285,548,413
190035,266,543,409
190051,698,557,415
190067,248,551,409
190083,432,557,410
190099,291,540,426
190114,241,590,418
190130,552,576,420
190146,252,399,408
190162,745,576,418
190178,257,405,406
190194,323,694,425
190208,277,63,410
190225,370,686,429
190241,313,610,422
190257,581,601,415
190273,298,538,422
190288,506,568,429
190304,506,568,422
190320,420,508,406
190336,342,546,399
190352,354,542,405
190368,529,537,432
190383,622,499,464
190399,274,581,404
190415,531,407,396
190431,669,647,506
190447,280,250,408
190462,496,624,422
190478,346,521,433
190494,668,565,433
190510,536,572,425
190526,420,511,410
190541,568,551,425
190557,287,562,426
190573,718,549,421
190589,408,586,407
190605,413,561,402
190621,234,543,390
190636,226,230,392
190652,256,653,381
190668,265,552,400
190684,278,348,404
190700,247,662,414
190715,475,613,425
190731,287,460,429
190747,348,258,420
190763,274,198,407
190779,572,635,417
190795,451,305,432
190810,392,514,423
190826,383,565,409
190842,265,565,420
190858,249,579,437
190874,326,597,419
190889,691,581,422
190905,359,566,415
190921,280,551,408
190937,578,555,404
190953,418,553,405
190969,471,542,427
190984,234,551,416
191000,263,534,413
191016,264,503,416
191032,432,550,429
191048,238,395,411
191063,277,584,415
191079,299,587,410
191095,319,610,416
191111,301,586,436
191127,298,565,435
191143,290,464,426
191158,369,559,417
191174,302,561,417
191190,352,425,414
191206,251,554,430
191222,369,565,419
191237,241,221,441
191253,268,563,420
191269,232,580,430
191285,273,576,424
191301,275,569,417
191317,595,580,435
191332,258,598,416
191348,241,577,423
191364,272,565,414
191380,240,525,400
191396,273,551,402
191411,282,459,424
191427,275,544,412
191443,224,436,401
191459,244,571,417
191475,255,572,407
191490,256,551,396
191506,266,523,421
191522,283,564,427
191538,230,550,435
191554,240,552,428
191570,209,547,412
191585,242,542,412
191601,249,535,421
191617,251,541,403
191632,239,49,411
191649,327,555,428
191664,600,547,403
191680,286,557,415
191696,219,546,409
191712,232,572,419
191728,220,279,394
191744,222,554,402
191759,200,577,398
191775,262,491,426
191791,252,615,413
191807,224,605,419
191823,304,624,410
191838,265,620,410
191854,242,624,410
191870,256,528,420
191886,279,409,402
191902,246,552,393
191917,293,331,415
191933,235,297,414
191949,260,634,407
191965,250,558,413
191981,232,550,411
191997,239,589,406
192012,300,546,410
192028,229,556,409
192044,280,546,406
192060,250,564,411
192076,555,583,407
192092,260,328,406
192107,267,566,403
192123,451,605,417
192139,503,329,416
192155,344,577,436
192171,182,602,404
192186,657,586,401
192202,294,582,411
192218,285,377,405
192234,222,612,405
192250,237,545,411
192266,277,566,398
192281,262,383,400
192297,639,572,412
192313,264,527,407
192329,201,572,404
192345,222,565,408
192360,196,478,407
192376,301,227,409
192392,361,554,403
192408,213,553,406
192424,201,551,410
192440,722,540,430
192455,273,182,411
192471,227,542,401
192487,278,537,392
192503,244,553,400
192519,217,487,402
192534,250,588,400
192550,264,571,398
192566,209,530,419
192582,313,300,417
192598,312,581,403
192614,478,551,406
192629,739,306,408
192645,224,548,405
192661,364,543,404
192677,256,548,398
192693,334,557,415
192708,464,548,411
192724,736,253,396
192740,715,585,397
192756,463,631,392
192772,247,583,394
192788,501,568,410
192803,203,576,404
192819,443,585,418
192835,722,477,416
192851,260,544,403
192867,598,600,406
192882,245,207,411
192898,670,422,413
192914,211,574,404
192930,310,566,409
192946,213,312,397
192962,347,559,407
192977,683,568,398
192993,197,594,407
193009,229,577,404
193025,326,574,398
193041,234,585,396
193057,244,566,392
193072,674,558,402
193088,251,562,398
193104,489,280,413
193120,370,544,405
193136,721,572,410
193151,439,553,407
193167,224,547,412
193183,572,272,411
193199,227,540,410
193215,759,222,410
193230,377,553,407
193246,245,568,420
193262,279,571,411
193278,453,552,409
193294,216,568,408
193310,211,568,423
193325,432,566,404
193341,577,395,408
193357,250,574,417
193373,742,248,415
193389,617,462,409
193404,333,457,408
193420,312,481,414
193436,313,547,429
193452,259,415,415
193468,302,552,404
193484,351,519,393
193499,281,552,405
193515,275,551,399
193531,561,577,412
193547,667,559,418
193563,340,562,454
193578,345,507,439
193594,262,427,450
193610,307,404,432
193626,506,150,427
193642,750,571,417
193658,377,434,415
193673,260,596,420
193689,238,387,422
193705,608,439,426
193721,367,358,412
193737,253,562,418
193752,378,542,411
193768,205,254,401
193784,500,501,424
193800,265,548,412
193816,489,542,406
193832,364,357,416
193847,265,541,415
193863,258,537,432
193879,308,573,461
193895,319,561,440
193911,266,269,437
193926,319,530,457
193942,283,355,464
193958,347,584,468
193974,672,177,472
193990,288,536,462
194006,455,193,436
194021,352,572,441
194037,328,544,434
194053,406,560,426
194069,575,551,410
194085,370,552,424
194100,318,542,403
194116,300,556,414
194132,544,414,416
194148,330,538,400
194164,236,160,427
194180,219,550,448
194195,249,547,461
194211,349,538,440
194227,676,559,407
194243,420,574,397
194259,364,494,398
194274,238,276,396
194290,201,530,407
194306,499,557,415
194322,260,563,394
194338,370,572,388
194354,366,588,397
194369,224,588,419
194385,234,369,429
194401,408,161,411
194417,407,553,406
194433,261,109,400
194448,264,582,424
194464,252,514,415
194480,338,375,430
194496,332,528,432
194512,262,553,418
194528,336,382,421
194543,530,634,412
194559,767,476,415
194575,756,592,445
194591,500,159,428
194607,256,615,408
194622,312,640,421
194638,330,605,435
194654,278,129,420
194670,310,607,423
194686,297,335,424
194701,250,592,410
194717,261,204,414
194733,385,114,401
194749,280,605,414
194765,406,277,426
194781,499,479,421
194796,299,284,422
194812,393,541,411
194828,287,538,413
194844,300,506,414
194860,264,169,416
194875,412,570,419
194891,678,545,441
194907,572,422,437
194923,362,565,446
194939,283,242,438
194955,273,551,425
194970,297,540,420
194986,416,405,412
195002,231,534,426
195018,302,567,400
195034,296,452,407
195049,264,266,415
195065,239,550,404
195081,209,530,420
195097,232,545,410
195113,392,534,408
195129,236,526,415
195144,241,580,413
195160,249,568,405
195176,315,547,400
195192,312,579,413
195208,256,547,411
195223,232,556,402
195239,229,556,402
195255,189,366,404
195271,285,574,410
195287,216,389,406
195303,217,555,413
195318,225,228,400
195334,350,412,401
195350,315,540,399
195366,208,545,414
195382,213,316,402
195397,254,544,413
195413,216,573,405
195429,363,465,397
195445,231,257,406
195461,345,227,397
195477,391,572,405
195492,284,448,394
195508,388,552,403
195524,251,555,396
195540,263,337,409
195556,252,533,400
195571,274,546,408
195587,441,556,415
195603,746,282,392
195619,282,188,398
195635,340,423,427
195649,176,49,424
195666,232,593,433
195682,810,539,415
195698,215,546,408
195714,270,556,398
195730,593,539,402
195745,433,556,405
195761,251,532,388
195777,244,525,391
195793,281,555,394
195809,214,565,396
195824,363,548,401
195840,395,579,400
195856,240,299,414
195872,473,257,413
195888,251,597,436
195904,656,584,395
195919,254,580,411
195935,229,219,407
195951,208,388,410
195967,308,615,418
195983,238,392,404
195998,248,224,407
196014,325,146,402
196030,270,607,411
196046,294,410,408
196062,163,282,418
196078,678,555,412
196093,204,625,417
196109,352,391,420
196125,445,317,407
196141,501,391,414
196157,682,590,421
196172,339,559,398
196188,500,540,407
196204,631,448,408
196220,248,429,413
196236,635,441,396
196252,234,536,404
196267,272,425,409
196283,453,554,417
196299,477,533,399
196315,237,548,413
196331,197,556,404
196346,328,600,398
196362,287,583,411
196378,259,561,410
196394,239,549,397
196410,282,424,409
196426,250,551,402
196441,647,534,406
196457,250,567,405
196473,184,560,400
196489,262,246,408
196505,272,543,399
196520,222,574,399
196536,308,553,404
196552,246,555,407
196568,194,360,420
196584,592,556,400
196600,340,558,405
196615,234,584,416
196631,525,556,402
196647,716,579,400
196663,410,338,404
196679,746,595,397
196694,301,324,400
196710,234,574,392
196726,725,553,411
196742,223,550,403
196758,572,524,404
196774,753,580,406
196789,369,594,402
196805,347,530,411
196821,454,611,420
196837,444,582,408
196853,421,562,393
196868,251,436,415
196884,335,272,398
196900,262,532,407
196916,590,554,416
196932,195,541,390
196948,673,537,400
196963,615,279,404
196979,738,559,409
196995,700,372,394
197011,195,533,407
197027,327,558,406
197042,240,564,411
197058,361,541,420
197074,513,578,420
197090,245,544,411
197106,411,544,415
197122,251,558,394
197137,317,554,407
197153,575,536,407
197169,619,559,406
197185,224,590,420
197201,201,139,409
197216,240,611,399
197232,257,496,418
197248,356,590,402
197264,227,481,398
197280,175,602,408
197296,328,344,412
197311,237,475,400
197327,284,365,410
197343,394,624,405
197359,563,315,405
197375,795,604,407
197389,728,89,412
197406,469,539,416
197422,281,531,406
197438,462,474,404
197454,305,559,418
