1451508,,109
1451518,319,465,109
1451528,308,446,122
1451538,305,451,121
1451548,317,443,124
1451558,311,441,91
1451568,337,451,139
1451578,325,442,106
1451588,328,447,85
1451598,350,566,162
1451609,319,449,140
1451619,324,492,139
1451630,326,439,106
1451640,332,550,125
1451650,343,438,84
1451660,375,451,155
1451670,326,475,123
1451680,366,438,115
1451690,319,472,116
1451700,342,532,75
1451710,332,447,149
1451720,316,441,93
1451730,346,451,95
1451740,362,448,152
1451750,343,504,122
1451760,329,464,103
1451770,327,451,148
1451780,336,448,95
1451790,367,456,162
1451800,350,461,131
1451810,350,462,114
1451820,354,532,115
1451830,350,472,84
1451840,369,471,159
1451850,351,457,99
1451860,364,478,154
1451870,346,453,148
1451880,345,473,116
1451890,331,453,110
1451900,343,463,122
1451910,327,462,100
1451920,329,456,120
1451930,327,449,377
1451940,335,445,62
1451950,359,456,133
1451960,331,455,104
1451970,334,462,89
1451980,338,492,130
1451990,320,465,106
1452000,324,489,108
1452010,345,517,122
1452020,339,454,104
1452030,328,535,153
1452041,319,528,167
1452051,324,498,78
1452061,355,506,164
1452076,320,528,90
1452093,343,476,161
1452109,315,482,124
1452124,322,465,91
1452140,343,468,153
1452156,341,456,105
1452171,328,469,98
1452188,356,489,576
1452203,338,457,60
1452219,364,489,133
1452235,339,464,102
1452250,343,518,71
1452267,357,522,123
1452283,327,457,102
1452298,353,468,131
1452313,332,471,95
1452330,353,545,598
1452345,338,462,79
1452362,366,471,170
1452377,347,466,139
1452393,327,462,128
1452409,326,460,112
1452425,325,477,106
1452440,333,460,85
1452457,346,482,758
1452471,338,461,78
1452488,357,462,133
1452504,333,516,110
1452520,334,457,135
1452535,316,443,96
1452551,335,462,161
1452567,328,463,115
1452582,304,471,65
1452599,406,524,155
1452614,336,528,94
1452630,345,470,134
1452646,327,463,101
1452662,326,461,119
1452677,318,455,81
1452694,347,450,126
1452709,330,452,111
1452724,326,454,78
1452741,351,527,762
1452756,346,464,70
1452772,357,462,88
1452788,362,468,149
1452803,357,464,56
1452820,357,463,110
1452835,345,476,83
1452852,360,451,153
1452866,339,461,69
1452883,346,482,144
1452899,322,441,108
1452915,335,461,105
1452931,468,436,235
1452946,328,451,100
1452962,339,454,648
1452978,330,455,117
1452994,326,517,115
1453009,314,444,80
1453025,359,462,130
1453041,341,438,108
1453056,333,478,78
1453073,356,546,140
1453089,299,463,125
1453103,324,463,88
1453120,337,449,135
1453135,324,453,79
1453152,331,448,120
1453168,293,448,221
1453183,299,440,410
1453198,305,471,78
1453215,324,528,109
1453231,299,459,121
1453246,289,533,75
1453262,344,476,140
1453278,528,485,681
1453294,326,461,112
1453309,324,468,99
1453326,350,454,125
1453340,327,460,90
1453357,359,461,124
1453373,351,457,105
1453389,333,461,132
1453405,335,454,132
1453421,346,456,113
1453435,350,451,82
1453452,366,462,149
1453467,324,495,84
1453484,342,454,161
1453499,326,465,93
1453515,338,461,151
1453530,316,450,96
1453547,341,462,150
1453563,327,450,117
1453578,311,454,80
1453594,341,466,146
1453609,323,472,71
1453626,361,481,136
1453642,337,476,112
1453658,322,468,121
1453672,282,453,93
1453689,332,472,146
1453704,281,537,81
1453721,292,498,146
1453736,284,457,74
1453752,286,459,133
1453768,260,480,104
1453784,289,461,122
1453799,291,552,85
1453816,301,464,165
1453831,275,462,105
1453847,289,463,117
1453862,288,478,92
1453879,323,465,135
1453894,319,476,94
1453910,346,469,131
1453926,334,479,108
1453942,334,459,133
1453957,295,474,95
1453974,311,480,134
1453989,310,466,106
1454005,292,469,109
1454021,299,451,620
1454036,310,483,95
1454053,317,469,142
1454068,303,464,102
1454084,315,456,104
1454100,310,482,112
1454116,313,448,111
1454131,309,445,91
1454148,311,475,177
1454163,297,467,138
1454178,304,452,74
1454195,350,467,162
1454211,296,467,106
1454226,308,467,93
1454242,339,527,170
1454258,296,452,113
1454274,304,452,104
1454290,282,461,132
1454306,285,465,100
1454320,286,461,92
1454337,324,466,133
1454352,294,459,88
1454369,322,465,166
1454384,290,456,92
1454400,306,459,148
1454416,320,467,106
1454432,340,549,398
1454447,326,492,67
1454464,332,462,147
1454479,322,547,128
1454495,313,545,110
1454511,315,483,120
1454527,322,464,195
1454542,313,480,95
1454558,325,482,149
1454574,299,523,690
1454590,306,468,104
1454606,298,455,120
1454622,308,465,104
1454638,297,446,110
1454653,291,466,135
1454668,303,453,93
1454685,331,464,157
1454701,294,462,112
1454716,302,450,95
1454732,308,554,142
1454748,308,463,120
1454764,300,457,115
1454780,308,445,120
1454796,313,456,108
1454811,297,452,112
1454826,291,536,90
1454843,341,550,157
1454859,298,455,117
1454875,296,449,112
1454889,276,446,89
1454906,308,463,171
1454922,279,453,115
1454938,280,449,302
1454953,285,484,93
1454970,326,459,157
1454985,298,451,125
1455001,285,459,103
1455016,311,458,92
1455032,312,451,93
1455049,323,468,146
1455063,310,466,97
1455080,342,465,151
1455096,305,444,128
1455112,319,449,122
1455127,310,444,92
1455143,339,474,160
1455159,318,448,132
1455175,296,457,105
1455191,290,453,117
1455207,283,447,125
1455222,292,448,103
1455238,292,447,124
1455254,312,443,100
1455269,306,460,97
1455286,320,456,147
1455301,297,453,114
1455316,295,547,80
1455333,312,462,142
1455349,316,455,106
1455365,288,462,147
1455381,315,468,119
1455396,301,458,116
1455412,278,452,123
1455427,282,443,91
1455444,313,456,145
1455460,304,454,114
1455475,277,541,102
1455490,292,454,94
1455507,327,454,154
1455522,285,528,87
1455539,323,462,145
1455554,283,454,140
1455570,287,478,116
1455585,289,451,77
1455602,316,460,156
1455618,293,459,112
1455632,279,545,73
1455649,317,470,170
1455665,307,480,110
1455681,325,466,139
1455696,294,466,94
1455712,323,474,131
1455728,319,531,521
1455744,293,460,115
1455759,304,451,86
1455776,335,465,195
1455791,317,458,130
1455806,322,477,90
1455823,392,483,256
1455838,279,446,56
1455855,307,450,137
1455870,294,445,123
1455885,307,445,97
1455902,325,457,152
1455918,292,454,104
1455934,304,447,133
1455950,309,531,106
1455965,304,468,126
1455981,305,446,129
1455996,276,458,65
1456013,312,460,144
1456029,315,555,114
1456044,302,446,111
1456059,311,449,97
1456076,323,463,160
1456092,296,476,125
1456108,299,525,564
1456123,296,451,117
1456139,314,443,101
1456155,315,452,136
1456171,276,450,128
1456187,275,452,117
1456202,481,511,652
1456218,255,454,101
1456233,266,444,92
1456250,289,445,148
1456266,271,442,102
1456280,276,452,96
1456297,291,454,154
1456313,560,508,525
1456328,283,536,98
1456345,323,490,143
1456360,299,518,87
1456376,328,451,134
1456391,303,442,88
1456408,316,458,134
1456424,302,444,123
1456440,313,453,118
1456455,289,452,156
1456470,275,456,85
1456487,313,446,134
1456503,296,452,117
1456518,304,451,70
1456534,321,464,165
1456550,295,455,115
1456566,257,442,125
1456582,269,440,107
1456597,295,448,87
1456613,316,458,162
1456628,275,450,98
1456645,324,451,178
1456661,289,448,114
1456677,296,444,119
1456692,292,446,115
1456708,283,450,121
1456724,285,456,111
1456740,278,460,120
1456756,278,447,142
1456772,282,491,131
1456787,306,444,120
1456803,290,446,103
1456819,291,447,129
1456835,301,557,108
1456851,311,448,104
1456866,294,447,118
1456882,371,529,720
1456897,282,444,93
1456914,295,452,141
1456930,275,466,101
1456945,285,445,110
1456961,280,549,113
1456977,276,441,120
1456993,289,442,116
1457008,278,443,95
1457025,317,451,130
1457040,289,447,103
1457056,293,445,111
1457072,293,441,114
1457087,291,443,72
1457104,327,453,135
1457118,306,445,89
1457135,343,453,168
1457150,313,488,82
1457167,348,455,175
1457183,304,466,122
1457198,318,450,109
1457214,323,460,117
1457229,309,448,85
1457246,313,448,149
1457262,291,453,100
1457277,292,442,124
1457293,281,444,113
1457309,278,441,120
1457324,295,442,93
1457341,309,444,150
1457355,298,441,91
1457372,324,442,165
1457388,304,435,129
1457404,294,563,112
1457419,301,443,96
1457435,315,459,183
1457451,305,449,113
1457467,304,449,139
1457483,318,435,119
1457499,302,505,131
1457515,309,437,118
1457530,309,501,107
1457546,297,436,112
1457562,306,437,109
1457578,271,432,106
1457594,288,436,120
1457609,269,437,123
1457624,272,437,94
1457641,307,457,148
1457657,277,436,117
1457672,297,432,98
1457687,314,447,86
1457704,318,485,139
1457720,296,554,115
1457735,306,490,93
1457752,328,560,376
1457766,285,486,87
1457783,313,518,136
1457798,301,433,90
1457815,318,432,151
1457830,295,433,96
1457846,329,444,155
1457862,313,535,114
1457878,290,522,113
1457894,319,437,154
1457910,289,436,103
1457926,328,442,103
1457940,324,440,97
1457957,323,447,126
1457972,282,433,95
1457989,317,434,119
1458003,304,433,88
1458020,318,448,178
1458035,292,438,91
1458052,330,443,121
1458068,291,434,101
1458082,291,438,99
1458099,317,440,148
1458115,310,435,597
1458131,283,442,130
1458147,283,513,123
1458163,289,435,119
1458177,272,438,91
1458194,318,431,181
1458210,280,511,159
1458226,297,428,124
1458242,309,540,111
1458257,298,480,114
1458273,308,440,101
1458289,317,440,106
1458305,285,437,128
1458320,297,432,96
1458336,318,444,162
1458352,293,430,109
1458368,301,464,130
1458383,290,432,74
1458400,318,442,152
1458416,289,430,145
1458430,310,530,95
1458447,317,437,187
1458462,314,421,87
1458479,323,429,165
1458495,317,459,125
1458510,302,423,114
1458526,302,436,105
1458542,313,422,114
1458558,314,449,114
1458574,312,420,124
1458589,320,434,515
1458604,318,418,93
1458621,348,514,125
1458636,327,457,93
1458653,340,548,149
1458668,341,430,133
1458684,318,436,104
1458699,313,426,80
1458716,333,436,152
1458731,311,512,88
1458747,331,437,160
1458762,313,431,97
1458779,332,438,165
1458795,313,436,129
1458811,294,425,119
1458826,300,431,499
1458842,316,422,118
1458857,302,516,95
1458874,331,437,165
1458890,323,422,118
1458904,303,425,75
1458921,426,468,218
1458937,318,426,114
1458953,313,450,107
1458969,321,434,148
1458985,305,436,128
1459000,321,420,107
1459016,313,430,138
1459032,313,491,122
1459047,316,420,90
1459064,349,418,584
1459079,301,421,103
1459095,301,550,130
1459111,282,414,140
1459127,289,437,130
1459143,286,447,109
1459157,298,420,64
1459174,314,437,165
1459190,286,427,137
1459205,288,538,98
1459222,326,420,164
1459237,297,420,126
1459252,288,488,88
1459269,326,416,152
1459285,283,559,120
1459301,296,471,123
1459317,309,407,130
1459332,314,411,145
1459348,292,420,116
1459364,313,530,112
1459379,292,528,88
1459396,322,426,158
1459411,303,568,125
1459427,288,569,131
1459443,299,533,124
1459459,291,419,100
1459474,307,408,96
1459490,322,425,165
1459506,290,561,112
1459522,272,499,114
1459538,293,541,114
1459554,288,498,109
1459570,290,437,145
1459585,304,420,124
1459601,286,419,121
1459617,292,426,140
1459633,307,418,119
1459649,281,419,122
1459664,273,422,105
1459679,288,425,83
1459696,320,437,147
1459712,286,423,140
1459728,278,421,119
1459743,282,426,128
1459759,309,422,115
1459774,277,432,67
1459791,310,431,167
1459807,280,431,116
1459823,279,423,132
1459838,302,425,104
1459853,304,421,97
1459870,309,430,146
1459885,281,507,74
1459902,332,418,180
1459917,299,420,122
1459932,291,552,68
1459949,318,426,165
1459965,288,418,108
1509065,28
1509075,328,407,106
1509085,320,414,85
1509095,340,421,144
1509105,336,407,115
1509115,332,407,73
1509125,339,419,172
1509135,324,404,89
1509145,341,419,142
1509157,317,402,134
1509167,320,403,94
1509177,345,423,146
1509187,314,404,104
1509197,320,403,76
1509207,342,421,136
1509217,320,402,113
1509227,321,404,71
1509237,350,416,151
1509247,313,404,103
1509257,307,402,93
1509267,339,417,112
1509277,334,406,689
1509287,329,405,138
1509297,331,419,88
1509307,345,422,133
1509317,336,407,110
1509327,325,406,99
1509337,336,415,152
1509347,319,407,89
1509357,340,418,124
1509367,330,403,102
1509377,334,408,102
1509387,329,407,104
1509397,334,405,113
1509407,312,403,103
1509417,324,407,94
1509427,344,414,136
1509437,329,399,91
1509447,342,412,162
1509457,324,405,84
1509467,339,421,111
1509477,329,403,76
1509487,344,415,150
1509497,320,402,73
1509507,344,415,178
1509517,318,401,94
1509527,342,415,138
1509537,330,405,87
1509547,356,417,142
1509557,319,401,126
1509567,313,398,87
1509577,356,417,113
1509587,317,402,84
1509597,354,416,151
1509607,310,399,87
1509617,343,412,112
1509631,331,401,104
1509646,327,401,96
1509663,344,417,139
1509678,311,399,97
1509694,336,415,147
1509710,324,401,114
1509725,328,400,90
1509742,354,419,153
1509758,322,400,120
1509773,332,400,101
1509788,319,407,98
1509805,349,421,158
1509821,328,399,109
1509837,316,402,113
1509852,321,399,125
1509867,315,405,96
1509884,342,415,165
1509900,312,403,110
1509916,320,406,104
1509932,330,408,109
1509946,322,406,82
1509963,334,417,140
1509978,335,405,84
1509995,346,422,190
1510011,326,408,140
1510025,322,404,95
1510042,355,414,168
1510058,326,398,114
1510073,333,400,97
1510090,351,416,144
1510105,308,399,135
1510121,321,396,114
1510137,331,405,124
1510152,326,406,76
1510169,347,414,135
1510184,318,402,118
1510200,334,409,134
1510215,317,404,77
1510232,342,413,176
1510248,327,404,101
1510262,332,405,96
1510279,348,414,141
1510295,325,404,101
1510311,319,404,109
1510327,335,399,116
1510342,327,399,123
1510357,310,399,65
1510373,341,411,97
1510390,340,419,145
1510405,345,403,81
1510421,347,414,152
1510437,344,402,117
1510452,328,403,96
1510469,347,414,133
1510485,325,405,110
1510499,332,407,77
1510516,346,414,152
1510532,322,402,109
1510548,323,405,100
1510564,311,404,107
1510578,316,400,86
1510595,364,416,134
1510611,309,398,114
1510627,322,402,104
1510642,319,397,84
1510658,347,413,165
1510674,336,397,105
1510689,315,402,90
1510706,346,418,117
1510721,327,405,90
1510737,347,416,160
1510753,324,404,127
1510769,317,398,124
1510785,329,401,105
1510800,326,407,97
1510817,353,414,142
1510832,316,405,115
1510848,321,402,101
1510864,325,399,115
1510879,322,397,97
1510896,339,409,154
1510911,312,397,109
1510927,322,396,134
1510943,336,404,104
1510958,333,400,80
1510975,360,417,134
1510989,332,399,89
1511006,337,415,133
1511022,316,399,100
1511037,318,400,95
1511054,340,417,146
1511068,320,400,94
1511085,348,414,146
1511101,323,399,113
1511117,315,394,103
1511133,322,402,114
1511149,334,403,128
1511163,323,402,96
1511180,338,410,137
1511196,339,405,118
1511212,336,404,115
1511228,323,398,102
1511242,319,403,93
1511259,346,412,154
1511275,323,402,110
1511290,326,406,94
1511307,337,415,140
1511322,320,400,125
1511337,316,401,83
1511354,338,410,145
1511370,323,399,114
1511386,317,402,109
1511400,311,402,91
1511417,333,412,146
1511432,305,397,83
1511449,340,413,126
1511464,334,407,78
1511480,341,415,125
1511495,320,398,82
1511512,343,414,161
1511528,317,395,108
1511544,320,393,107
1511559,326,402,126
1511575,336,397,129
1511591,315,402,103
1511607,318,398,106
1511622,316,398,83
1511638,341,412,148
1511654,322,395,115
1511670,308,391,112
1511686,323,389,100
1511702,321,398,114
1511718,329,396,144
1511732,327,399,87
1511749,340,412,132
1511765,340,397,106
1511780,333,397,99
1511797,355,410,146
1511811,331,394,79
1511828,341,409,153
1511844,321,399,132
1511860,326,394,135
1511875,325,397,95
1511891,338,407,118
1511907,321,395,138
1511922,309,400,91
1511939,345,416,155
1511954,321,395,89
1511970,331,407,131
1511985,323,398,96
1512002,331,410,178
1512018,332,398,132
1512034,328,398,120
1512048,318,398,92
1512065,343,410,172
1512081,341,401,106
1512097,334,398,118
1512113,336,400,116
1512127,328,405,98
1512144,341,413,149
1512159,330,397,89
1512176,342,414,142
1512192,330,405,114
1512206,316,402,98
1512223,337,411,175
1512239,314,396,123
1512254,310,393,83
1512271,341,415,140
1512286,333,400,110
1512302,328,405,114
1512318,335,407,101
1512334,329,398,128
1512350,314,397,117
1512364,330,397,87
1512381,341,413,148
1512397,330,403,124
1512413,318,398,105
1512428,327,395,97
1512443,361,414,87
1512460,359,415,161
1512475,334,399,93
1512492,336,416,130
1512508,331,402,116
1512524,321,402,113
1512538,324,396,88
1512555,346,411,155
1512571,328,394,109
1512586,346,398,80
1512602,348,414,156
1512618,326,402,128
1512634,326,410,100
1512650,336,404,122
1512665,317,403,77
1512682,347,411,156
1512697,317,400,113
1512713,324,401,118
1512729,323,396,117
1512745,317,398,109
1512760,320,403,89
1512776,351,419,165
1512791,330,400,83
1512808,353,417,164
1512823,327,401,73
1512840,339,408,139
1512855,313,400,110
1512871,330,406,118
1512887,320,408,118
1512903,326,405,101
1512919,318,400,129
1512935,325,403,129
1512950,322,405,100
1512966,322,398,118
1512981,328,394,93
1512998,343,422,160
1513012,314,398,90
1513029,352,413,169
1513045,331,392,134
1513060,321,392,88
1513077,355,415,184
1513093,322,397,103
1513107,327,398,99
1513124,351,414,137
1513139,337,402,96
1513156,351,414,134
1513170,328,399,83
1513187,339,415,152
1513203,316,397,104
1513219,330,396,103
1513234,320,397,93
1513251,352,413,162
1513266,314,400,109
1513282,327,408,144
1513297,325,406,92
1513314,345,415,129
1513329,321,405,87
1513345,351,418,129
1513360,336,413,69
1513377,342,412,160
1513392,321,404,77
1513409,346,413,149
1513424,318,401,103
1513440,313,401,114
1513455,324,403,92
1513472,343,412,123
1513488,338,402,100
1513502,325,407,93
1513519,345,418,125
1513535,323,403,110
1513551,346,404,124
1513567,328,404,109
1513581,341,401,97
1513598,346,420,132
1513613,324,403,93
1513630,344,412,136
1513645,318,394,97
1513661,342,414,149
1513677,316,402,115
1513692,327,397,89
1513709,345,412,160
1513725,320,398,113
1513739,305,396,88
1513756,340,412,140
1513772,341,402,119
1513788,324,404,105
1513803,314,404,92
1513819,337,419,155
1513835,325,404,122
1513851,328,402,111
1513866,319,399,74
1513883,338,412,137
1513897,332,402,84
1513914,343,417,121
1513930,326,400,121
1513946,321,399,106
1513962,307,401,104
1513978,313,402,124
1513993,323,403,123
1514009,335,403,106
1514024,331,402,92
1514041,347,416,131
1514056,329,401,84
1514072,350,419,146
1514088,325,401,113
1514104,314,396,102
1514120,320,401,110
1514135,311,402,95
1514151,348,417,142
1514166,355,400,73
1514183,356,418,143
1514198,323,396,90
1514215,350,415,115
1514230,321,399,110
1514246,328,407,100
1514261,332,404,77
1514278,341,411,147
1514294,325,407,109
1514309,325,407,129
1514324,316,399,88
1514341,351,413,164
1514356,318,401,68
1514373,347,415,152
1514387,319,401,96
1514404,351,413,134
1514419,322,396,84
1514436,347,410,134
1514451,319,400,99
1514467,338,411,146
1514483,337,395,100
1514499,338,397,111
1514514,325,404,87
1514531,348,412,151
1514545,336,398,85
1514562,344,415,148
1514578,333,399,106
1514594,312,395,100
1514610,335,404,113
1514624,337,401,90
1514641,354,411,126
1514656,323,402,87
1514673,343,413,155
1514688,329,402,75
1514704,348,414,144
1514719,330,402,92
1514736,341,410,152
1514752,322,403,104
1514768,326,396,111
1514782,336,399,88
1514799,360,415,156
1514815,326,396,124
1514831,313,400,105
1514847,317,400,134
1514862,339,396,130
1514878,336,394,109
1514893,336,397,75
1514910,349,407,137
1514926,332,404,109
1514942,329,404,108
1514956,340,406,97
1514973,346,419,167
1514988,322,396,95
1515005,351,412,128
1515021,322,399,127
1515035,318,392,98
1515052,345,411,172
1515068,331,396,116
1515084,321,400,111
1515099,332,398,82
1515115,362,410,140
1515131,322,406,102
1515147,320,399,118
1515162,337,401,90
1515179,351,412,155
1515193,319,398,99
1515210,336,410,165
1515225,316,397,86
1515242,347,411,149
1515258,330,397,135
1515273,329,397,104
1515289,319,396,108
1515305,333,395,111
1515321,337,394,121
1515337,329,398,114
1515352,324,400,112
1515368,314,397,118
1515384,325,397,104
1515400,315,395,106
1515416,319,394,104
1515432,322,400,106
1515447,325,399,132
1515463,314,395,117
1515479,315,393,101
1515495,327,394,112
1515510,319,403,90
1515526,346,417,182
1515542,324,407,125
1515557,329,410,94
1515574,332,416,140
1515590,337,399,129
1515606,325,393,106
1515620,335,396,95
1515637,330,410,144
1515653,322,401,147
1515669,325,403,109
1515685,311,402,117
1515700,322,394,112
1515715,319,393,73
1515732,360,410,146
1515747,337,394,85
1515764,360,408,174
1515779,329,399,124
1515794,326,397,94
1515811,343,413,134
1515826,338,400,77
1515843,353,414,151
1515858,315,396,122
1515874,323,394,108
1515890,322,402,115
1515905,325,400,88
1515922,351,417,183
1515937,320,405,114
1515953,324,391,113
1515968,329,391,98
1515985,358,411,154
1516000,322,393,97
1516016,341,411,107
1516031,327,407,94
1516048,353,410,172
1516064,315,405,123
1516079,313,395,88
1516095,358,412,162
1516111,336,399,130
1516127,322,398,108
1516143,334,398,116
1516158,330,396,84
1516174,358,411,154
1516190,319,401,108
1516205,332,404,98
1516222,349,416,152
1516238,321,398,106
1516253,350,398,116
1516269,333,404,100
1516285,344,402,101
1516301,324,402,123
1516317,318,400,122
1516332,327,393,99
1516347,338,416,66
1516364,347,413,130
1516380,325,394,111
1516395,308,402,94
1516412,348,418,142
1516427,325,401,130
1516442,326,400,86
1516459,348,411,170
1516475,307,400,117
1516491,327,398,100
1516506,340,407,121
1516522,333,405,120
1516538,331,401,106
1516554,323,400,102
1516570,328,407,115
1516585,326,399,111
1516600,329,399,91
1516617,349,418,152
1516632,325,405,91
1516649,348,411,118
1516664,319,406,109
1516679,317,402,82
1516696,345,416,155
1516711,323,402,89
1516727,351,414,91
1516743,344,412,153
1516759,322,402,116
1516774,316,392,77
1516791,352,451,147
1516806,330,393,80
1516822,348,402,142
1516838,319,414,128
1516854,323,395,118
1516870,335,505,126
1516886,314,437,136
1516902,313,393,113
1516917,318,571,113
1516933,323,537,101
1516948,323,395,97
1516965,341,402,169
1516981,332,396,115
1516996,319,389,119
1517012,326,508,107
1517027,334,475,99
1517044,349,403,156
1517059,331,485,91
1517075,348,483,179
1517091,325,475,103
1517106,332,465,80
1517123,351,400,143
1517139,342,527,116
1517154,322,429,147
1517170,327,457,128
1517185,324,404,95
1517202,355,513,106
1517217,336,476,92
1517233,346,581,140
1517249,322,517,107
1517265,322,589,120
1517281,332,504,125
1517296,332,483,94
1517312,342,405,169
1517328,314,459,125
1517343,318,394,82
1517360,343,454,126
1517375,336,495,82
1517391,340,407,164
1517407,325,397,137
1517423,320,525,106
1517438,329,449,93
1517455,338,535,166
1517470,327,432,136
1517485,310,461,99
1517502,338,412,162
1517517,311,391,93
1517534,343,416,128
1717028,
1717038,364,343,188
1717048,7,342,196
1717058,352,347,202
1717072,372,345,188
1717082,357,345,186
1717092,351,351,204
1717102,358,337,200
1717112,364,344,192
1717122,358,351,196
1717132,349,354,185
1717142,357,342,189
1717152,367,357,203
1717162,355,344,182
1717172,358,340,191
1717182,367,347,178
1717192,365,343,199
1717202,361,344,203
1717212,351,347,214
1717222,357,352,171
1717232,357,337,189
1717242,367,342,188
1717252,368,347,208
1717262,379,349,212
1717272,357,342,199
1717282,356,354,190
1717292,359,345,186
1717302,362,349,181
1717312,367,344,181
1717322,361,333,190
1717332,358,346,195
1717342,358,343,188
1717352,374,347,195
1717362,359,346,177
1717372,351,342,192
1717382,356,341,183
1717392,365,338,184
1717402,354,348,201
1717412,364,338,229
1717422,357,342,196
1717432,362,345,185
1717442,355,343,195
1717452,353,341,199
1717462,354,345,186
1717472,352,348,186
1717482,355,343,180
1717492,359,340,177
1717502,355,353,198
1717512,363,351,188
1717522,358,347,220
1717532,360,347,191
1717542,358,346,198
1717552,360,343,200
1717562,361,347,183
1717572,356,352,185
1717583,353,340,177
1717599,360,345,211
1717614,361,350,188
1717630,359,350,210
1717646,354,353,191
1717662,359,346,205
1717678,356,336,180
1717694,357,347,215
1717709,352,344,198
1717725,352,345,189
1717741,364,338,198
1717757,369,356,205
1717773,354,347,196
1717788,353,340,200
1717804,364,349,200
1717820,361,346,194
1717836,362,341,197
1717852,360,336,201
1717868,354,343,200
1717883,368,344,190
1717899,363,342,197
1717915,361,343,176
1717931,353,348,181
1717947,350,336,198
1717962,353,345,184
1717978,362,340,186
1717994,357,344,207
1718010,351,341,217
1718026,358,344,178
1718042,362,345,198
1718057,358,346,184
1718073,359,338,186
1718089,355,350,194
1718105,355,349,195
1718121,362,333,202
1718136,360,339,198
1718152,359,347,182
1718168,353,351,189
1718184,367,334,192
1718200,358,341,190
1718216,364,348,187
1718231,358,340,211
1718247,356,348,190
1718263,364,348,171
1718279,355,341,201
1718295,358,345,196
1718310,356,338,200
1718326,366,349,196
1718342,361,341,201
1718358,364,342,199
1718374,347,346,188
1718390,373,354,205
1718405,364,337,202
1718421,354,343,184
1718437,349,345,183
1718453,354,345,180
1718469,369,344,202
1718484,358,344,187
1718500,349,344,183
1718516,356,337,177
1718532,365,340,188
1718548,368,348,192
1718564,357,349,178
1718579,359,340,195
1718595,356,341,183
1718611,364,340,183
1718627,375,342,197
1718643,364,334,183
1718658,357,338,194
1718674,349,345,209
1718690,365,342,187
1718706,364,339,196
1718722,360,345,175
1718738,359,349,198
1718753,349,358,187
1718769,363,343,182
1718785,370,338,200
1718801,372,350,201
1718817,360,340,187
1718832,359,348,208
1718848,362,342,193
1718864,359,343,198
1718880,351,342,199
1718896,350,336,177
1718912,355,347,198
1718927,353,347,198
1718943,362,342,189
1718959,359,345,189
1718975,358,341,203
1718991,356,356,219
1719006,358,353,193
1719022,360,339,188
1719038,357,338,196
1719054,355,335,199
1719070,362,335,186
1719086,359,340,212
1719101,353,343,183
1719117,360,341,205
1719133,361,346,195
1719149,367,346,202
1719165,364,339,220
1719180,360,342,202
1719196,367,345,208
1719212,359,346,210
1719228,364,339,194
1719244,357,346,212
1719260,360,337,215
1719275,349,338,194
1719291,355,342,185
1719307,350,333,181
1719323,363,341,213
1719339,357,337,205
1719354,357,344,193
1719370,356,334,207
1719386,352,340,205
1719402,358,345,169
1719418,367,344,195
1719434,359,338,197
1719449,360,348,188
1719465,366,343,192
1719481,348,339,208
1719497,363,352,188
1719513,358,347,201
1719528,358,338,180
1719544,357,345,187
1719560,356,337,210
1719576,353,337,186
1719592,355,340,174
1719608,362,345,193
1719623,353,343,190
1719639,351,340,212
1719655,358,345,200
1719671,360,343,207
1719687,361,338,184
1719702,361,339,201
1719718,358,344,192
1719734,358,341,187
1719750,362,347,204
1719766,364,340,209
1719782,374,344,183
1719797,356,333,195
1719813,366,334,186
1719829,357,345,170
1719845,365,344,209
1719861,354,341,207
1719876,362,327,200
1719892,360,352,225
1719908,362,341,202
1719924,372,345,186
1719940,366,341,193
1719956,348,350,217
1719971,364,339,200
1719987,361,346,209
1720003,364,353,187
1720019,356,340,194
1720035,355,342,198
1720050,367,344,183
1720066,368,343,194
1720082,362,337,203
1720098,352,342,197
1720114,360,341,203
1720130,363,347,187
1720145,364,348,178
1720161,362,350,193
1720177,372,340,192
1720193,364,345,205
1720209,364,344,203
1720224,366,346,200
1720240,372,343,219
1720256,354,345,207
1720272,364,341,212
1720288,362,341,197
1720304,363,339,186
1720319,363,337,203
1720335,366,345,198
1720351,358,352,185
1720367,359,340,200
1720383,360,355,212
1720398,361,346,204
1720414,360,346,197
1720430,354,359,183
1720446,363,347,188
1720462,362,352,199
1720478,380,353,184
1720493,367,367,193
1720509,364,341,169
1720525,367,343,195
1720541,357,338,186
1720557,360,368,198
1720572,359,341,205
1720588,357,351,160
1720604,369,360,192
1720620,355,330,195
1720636,356,342,206
1720652,358,336,185
1720667,353,384,187
1720683,353,606,191
1720699,358,396,205
1720715,357,338,216
1720731,351,417,187
1720746,349,338,184
1720762,356,337,228
1720778,358,407,184
1720794,362,337,185
1720810,365,336,190
1720826,355,342,197
1720841,352,456,189
1720857,352,593,173
1720873,356,526,187
1720889,362,325,191
1720905,353,501,195
1720920,354,326,205
1720936,352,408,196
1720952,355,330,191
1720968,354,579,200
1720984,360,628,216
1721000,362,388,214
1721015,359,412,201
1721031,359,329,184
1721047,357,586,208
1721063,358,437,196
1721079,353,336,184
1721094,353,625,191
1721110,363,519,181
1721126,361,329,217
1721142,355,325,200
1721158,360,341,200
1721174,359,344,197
1721189,354,394,203
1721205,359,531,200
1721221,363,342,207
1721237,365,339,197
1721253,368,336,209
1721268,355,361,198
1721284,366,365,221
1721300,366,458,195
1721316,355,419,206
1721332,353,329,195
1721348,346,329,183
1721363,362,336,182
1721379,368,349,205
1721395,356,329,195
1721411,351,583,185
1721427,361,349,204
1721442,370,347,207
1721458,364,346,197
1721474,362,341,209
1721490,359,363,204
1721506,358,341,186
1721522,364,341,193
1721537,365,345,203
1721553,364,346,212
1721569,363,347,206
1721585,365,354,198
1721601,354,345,208
1721616,361,344,205
1721632,360,354,233
1721648,367,440,193
1721664,367,360,189
1721680,364,339,192
1721696,364,345,221
1721711,355,350,194
1721727,352,338,202
1721743,348,455,208
1721759,372,349,211
1721775,370,369,212
1721790,374,440,209
1721806,357,354,209
1721822,348,397,186
1721838,350,358,194
1721854,353,338,213
1721870,355,334,201
1721885,351,371,215
1721901,357,340,208
1721917,360,607,202
1721933,359,538,199
1721949,370,437,202
1721964,360,372,216
1721980,363,360,196
1721996,356,491,188
1722012,374,436,196
1722028,363,353,213
1722044,357,335,236
1722059,358,347,203
1722075,368,334,205
1722091,362,603,195
1722107,363,378,188
1722123,357,366,187
1722138,356,575,183
1722154,364,340,161
1722170,359,409,196
1722186,364,346,184
1722202,352,362,195
1722218,360,394,187
1722233,361,345,215
1722249,348,345,206
1722265,359,429,218
1722281,358,555,203
1722297,361,340,200
1722312,363,364,222
1722328,351,358,182
1722344,354,365,221
1722360,353,340,205
1722376,361,340,208
1722392,359,352,201
1722407,358,345,211
1722423,358,349,212
1722439,352,345,196
1722455,351,333,191
1722471,357,349,220
1722486,361,347,197
1722502,357,350,191
1722518,354,347,198
1722534,351,418,218
1722550,358,343,188
1722566,361,552,195
1722581,355,610,217
1722597,368,568,191
1722613,367,601,224
1722629,365,582,200
1722645,366,482,206
1722660,351,338,223
1722676,354,321,206
1722692,355,461,220
1722708,363,429,200
1722724,356,394,215
1722740,349,399,197
1722755,344,403,212
1722771,343,549,213
1722787,353,428,218
1722803,364,334,225
1722819,356,511,218
1722834,350,539,227
1722850,353,390,224
1722866,350,504,212
1722882,356,318,209
1722898,369,474,218
1722914,367,407,208
1722929,367,380,206
1722945,359,445,210
1722961,367,466,208
1722977,365,509,208
1722993,368,472,211
1723008,351,578,214
1723024,363,457,219
1723040,355,351,213
1723056,366,576,217
1723072,373,573,195
1723088,356,538,202
1723103,358,312,203
1723119,360,427,220
1723135,368,547,229
1723151,355,497,197
1723167,358,315,215
1723183,355,395,186
1723198,355,426,189
1723214,356,358,198
1723230,362,481,199
1723246,361,442,195
1723262,346,378,198
1723277,360,576,203
1723293,356,352,227
1723309,347,340,208
1723325,355,349,207
1723341,342,349,212
1723357,344,336,221
1723372,351,350,203
1723388,345,348,200
1723404,349,354,214
1723420,356,344,202
1723436,355,334,231
1723451,349,351,222
1723467,357,462,215
1723483,346,330,214
1723499,350,344,221
1723515,354,565,211
1723531,353,457,205
1723546,346,386,207
1723562,350,327,213
1723578,358,330,244
1723594,357,353,215
1723610,359,337,194
1723625,352,572,203
1723641,346,352,233
1723657,367,492,218
1723673,360,336,205
1723689,341,631,211
1723704,352,328,203
1723720,343,469,213
1723736,340,569,223
1723752,347,343,197
1723768,346,520,221
1723784,354,397,206
1723799,359,508,207
1723815,369,465,222
1723831,351,475,197
1723847,357,330,227
1723863,351,472,223
1723878,357,561,216
1723894,355,331,227
1723910,364,477,202
1723926,372,479,214
1723942,366,557,217
1723958,353,473,202
1723973,356,516,196
1723989,356,517,223
1724005,362,479,206
1724021,369,445,219
1724037,356,517,196
1724052,354,338,188
1724068,361,459,196
1724084,364,323,204
1724100,346,566,179
1724116,353,409,195
1724132,353,520,193
1724147,354,331,195
1724163,357,347,211
1724179,360,338,200
1724195,373,354,205
1724211,361,346,207
1724226,356,461,236
1724242,354,337,203
1724258,353,338,199
1724274,352,359,222
1724290,351,342,205
1724306,361,352,203
1724321,355,353,228
1724337,365,422,207
1724353,363,337,203
1724369,378,362,205
1724385,370,360,203
1724400,367,472,208
1724416,362,378,210
1724432,365,341,208
1724448,363,356,216
1724464,363,325,209
1724480,362,342,213
1724495,352,343,213
1724511,346,379,220
1724527,350,583,203
1724543,355,333,212
1724559,362,497,223
1724574,346,425,223
1724590,345,447,212
1724606,345,333,204
1724622,353,330,204
1724638,350,581,205
1724654,359,421,218
1724669,348,354,214
1724685,351,392,215
1724701,353,443,208
1724717,378,589,229
1724733,364,503,212
1724748,350,467,225
1724764,356,392,204
1724780,365,336,199
1724796,354,447,199
1724812,369,527,214
1724828,359,559,200
1724843,358,519,203
1724859,354,344,215
1724875,354,568,199
1724891,360,348,207
1724907,359,372,221
1724922,351,414,200
1724938,358,433,203
1724954,369,456,208
1724970,363,595,190
1724986,357,561,230
1725002,361,492,208
1725017,366,542,205
1725033,353,572,200
1725049,357,488,193
1725065,355,508,205
1725081,352,347,206
1725096,344,617,199
1725112,362,351,202
1725128,343,342,186
1725144,353,351,199
1725160,350,342,213
1725176,354,345,197
1725191,362,339,200
1725207,356,546,221
1725223,352,369,201
1725239,374,351,205
1725255,361,341,213
1725270,361,341,211
1725286,360,333,225
1725302,357,344,214
1725318,355,335,203
1725334,362,346,215
1725350,355,598,224
1725365,369,381,219
1725381,354,512,209
1728283,,335,196
